"player_id","player_name","season","games","passing_plays_total","passing_epa_total","passing_epa_avg","rushing_plays_total","rushing_epa_total","rushing_epa_avg","receiving_plays_total","receiving_epa_total","receiving_epa_avg","total_epa"
"00-0023459","A.Rodgers",2024,17,627,-1.26,-0.007,1,0.48,0.48,0,0,NA,-0.78
"00-0024243","M.Lewis",2024,1,0,0,NA,0,0,NA,1,0.06,0.06,0.06
"00-0026158","J.Flacco",2024,7,267,2.04,0.002,3,-5.88,-1.96,0,0,NA,-3.84
"00-0026300","J.Johnson",2024,4,4,-1.81,-0.733,2,0.16,0.08,0,0,NA,-1.65
"00-0026498","M.Stafford",2024,16,546,32.4,0.073,12,2.13,-0.091,0,0,NA,34.53
"00-0027973","A.Dalton",2024,6,168,-25.45,-0.315,1,-0.36,-0.36,0,0,NA,-25.81
"00-0028118","T.Taylor",2024,2,25,11.06,0.401,1,-1.63,-1.63,0,0,NA,9.43
"00-0028872","J.Hekker",2024,2,2,-5.71,-2.855,0,0,NA,0,0,NA,-5.71
"00-0029263","R.Wilson",2024,11,368,-4.92,-0.005,13,-6.76,-0.544,0,0,NA,-11.68
"00-0029604","K.Cousins",2024,14,478,16.23,0.013,9,-9.59,-1.287,0,0,NA,6.64
"00-0029692","B.Anger",2024,2,2,-5.69,-2.845,0,0,NA,0,0,NA,-5.69
"00-0029892","K.Juszczyk",2024,14,0,0,NA,5,-7.28,-1.456,31,12.31,0.41,5.03
"00-0030035","A.Thielen",2024,10,0,0,NA,0,0,NA,62,62.27,0.967,62.27
"00-0030061","Z.Ertz",2024,17,0,0,NA,0,0,NA,93,57.54,0.647,57.54
"00-0030279","K.Allen",2024,15,1,-5.91,-5.91,0,0,NA,123,72.11,0.62,66.2
"00-0030431","R.Woods",2024,12,0,0,NA,0,0,NA,30,8.87,0.365,8.87
"00-0030506","T.Kelce",2024,16,0,0,NA,1,-0.09,-0.09,134,65.81,0.446,65.72
"00-0030564","D.Hopkins",2024,16,0,0,NA,0,0,NA,80,52.98,0.667,52.98
"00-0030565","G.Smith",2024,17,629,3.44,0,16,-16.36,-0.99,0,0,NA,-12.92
"00-0030578","C.Patterson",2024,13,0,0,NA,32,-7.84,-0.302,15,2.1,0.064,-5.74
"00-0031235","O.Beckham",2024,8,0,0,NA,0,0,NA,19,3.79,0.072,3.79
"00-0031236","B.Cooks",2024,10,0,0,NA,3,-2.82,-0.94,54,24.59,0.56,21.77
"00-0031280","D.Carr",2024,10,290,42.29,0.189,7,0.23,0.135,0,0,NA,42.52
"00-0031299","J.Matthews",2024,1,0,0,NA,0,0,NA,1,0,0,0
"00-0031345","J.Garoppolo",2024,1,45,2.08,0.046,1,-1.97,-1.97,0,0,NA,0.11
"00-0031357","C.Goodwin",2024,1,0,0,NA,0,0,NA,1,0,0,0
"00-0031381","D.Adams",2024,14,0,0,NA,0,0,NA,142,88.08,0.615,88.08
"00-0031408","M.Evans",2024,14,0,0,NA,0,0,NA,110,85.28,0.772,85.28
"00-0031428","A.Robinson",2024,6,0,0,NA,0,0,NA,7,4.6,0.58,4.6
"00-0031484","C.Manhertz",2024,4,0,0,NA,0,0,NA,4,3.12,0.78,3.12
"00-0031503","J.Winston",2024,11,326,-30.13,0.031,16,9.16,0.475,0,0,NA,-20.97
"00-0031544","A.Cooper",2024,13,0,0,NA,0,0,NA,85,48.34,0.667,48.34
"00-0031549","N.Agholor",2024,13,0,0,NA,0,0,NA,29,18.15,0.923,18.15
"00-0031585","M.Pruitt",2024,6,0,0,NA,0,0,NA,10,1.97,0.116,1.97
"00-0031588","S.Diggs",2024,8,1,2.76,2.76,2,-1.22,-0.61,64,37.46,0.607,39
"00-0031595","M.Burton",2024,11,0,0,NA,7,-1.06,-0.03,10,4.4,0.331,3.34
"00-0031687","R.Mostert",2024,12,0,0,NA,85,-30.19,-0.421,24,14.91,0.583,-15.28
"00-0031690","E.Tomlinson",2024,4,0,0,NA,0,0,NA,4,-0.43,-0.108,-0.43
"00-0031763","D.Carter",2024,5,0,0,NA,0,0,NA,14,5.04,0.35,5.04
"00-0031800","T.Heinicke",2024,3,8,-9.48,-1.854,0,0,NA,0,0,NA,-9.48
"00-0031941","J.Crowder",2024,4,0,0,NA,0,0,NA,13,9.18,0.624,9.18
"00-0032065","B.Pinion",2024,1,1,-0.95,-0.95,0,0,NA,0,0,NA,-0.95
"00-0032104","A.Abdullah",2024,13,0,0,NA,66,-7.58,-0.334,47,16.01,0.223,8.43
"00-0032128","C.Conley",2024,7,0,0,NA,0,0,NA,12,6.31,0.339,6.31
"00-0032141","G.Swaim",2024,1,0,0,NA,0,0,NA,1,0.31,0.31,0.31
"00-0032211","T.Lockett",2024,17,0,0,NA,0,0,NA,74,48.34,0.608,48.34
"00-0032268","M.Mariota",2024,3,47,19.28,-0.023,12,2.24,0.272,0,0,NA,21.52
"00-0032381","T.Decker",2024,1,0,0,NA,0,0,NA,1,0,0,0
"00-0032385","S.Shepard",2024,13,0,0,NA,8,2.71,0.351,52,30.95,0.669,33.66
"00-0032392","A.Hooper",2024,17,0,0,NA,0,0,NA,59,31.44,0.462,31.44
"00-0032394","N.Vannett",2024,12,0,0,NA,0,0,NA,20,11.22,0.55,11.22
"00-0032399","M.Killebrew",2024,1,1,-2.68,-2.68,0,0,NA,0,0,NA,-2.68
"00-0032434","B.Allen",2024,2,32,-17.48,-1.1,0,0,NA,0,0,NA,-17.48
"00-0032464","K.Raymond",2024,10,0,0,NA,2,-0.99,-0.495,22,17.59,0.656,16.6
"00-0032688","R.Chosen",2024,1,0,0,NA,0,0,NA,4,-0.13,-0.032,-0.13
"00-0032764","D.Henry",2024,17,0,0,NA,325,40.59,0.108,22,14.53,0.793,55.12
"00-0032775","D.Robinson",2024,17,0,0,NA,0,0,NA,66,47.19,0.602,47.19
"00-0032918","C.Ham",2024,5,0,0,NA,2,1.46,0.73,6,-3.42,-0.321,-1.96
"00-0032943","R.Dixon",2024,1,1,-1.9,-1.9,0,0,NA,0,0,NA,-1.9
"00-0032950","C.Wentz",2024,2,23,-6.75,0.298,0,0,NA,0,0,NA,-6.75
"00-0033009","T.Boyd",2024,15,1,-0.43,-0.43,1,0.87,0.87,58,29.57,0.529,30.01
"00-0033040","T.Hill",2024,17,0,0,NA,8,-1.24,0.151,123,77.49,0.555,76.25
"00-0033045","E.Elliott",2024,15,0,0,NA,74,-16.12,-0.153,15,1.34,0.039,-14.78
"00-0033077","D.Prescott",2024,8,307,-19.27,-0.064,5,2.31,0.462,0,0,NA,-16.96
"00-0033090","H.Henry",2024,16,0,0,NA,0,0,NA,97,58.01,0.498,58.01
"00-0033106","J.Goff",2024,17,568,157.03,0.3,6,3.85,0.807,1,1.72,1.72,162.6
"00-0033110","T.Higbee",2024,3,0,0,NA,0,0,NA,12,8.55,0.644,8.55
"00-0033119","J.Brissett",2024,7,179,-37.11,-0.316,3,-1.42,-0.268,0,0,NA,-38.53
"00-0033217","M.Alie-Cox",2024,12,0,0,NA,0,0,NA,23,16.67,0.542,16.67
"00-0033246","J.Mundt",2024,13,0,0,NA,0,0,NA,27,10.91,0.529,10.91
"00-0033280","C.McCaffrey",2024,4,0,0,NA,50,-2.89,-0.028,19,3.89,0.097,1
"00-0033282","C.Samuel",2024,14,0,0,NA,5,-1.89,-0.378,46,7.78,0.106,5.89
"00-0033288","G.Kittle",2024,15,0,0,NA,0,0,NA,94,95.01,1.035,95.01
"00-0033292","T.Taylor",2024,1,0,0,NA,0,0,NA,1,0.5,0.5,0.5
"00-0033293","A.Jones",2024,17,0,0,NA,255,-13.46,-0.03,62,16.57,0.417,3.11
"00-0033307","K.Bourne",2024,12,1,-1.32,-1.32,1,0.7,0.7,38,19.23,0.441,18.61
"00-0033319","N.Mullens",2024,2,2,4.87,2.435,0,0,NA,0,0,NA,4.87
"00-0033357","T.Hill",2024,8,4,-3.21,-0.753,39,23.95,0.495,31,7.97,0.259,28.71
"00-0033375","T.Patrick",2024,15,0,0,NA,0,0,NA,45,36.82,0.739,36.82
"00-0033376","P.Ricard",2024,5,0,0,NA,0,0,NA,5,2.99,0.598,2.99
"00-0033439","P.Brown",2024,8,0,0,NA,0,0,NA,12,-2.32,-0.339,-2.32
"00-0033460","J.Ross",2024,1,0,0,NA,0,0,NA,2,0.58,0.29,0.58
"00-0033526","S.Perine",2024,17,0,0,NA,20,-0.71,-0.078,35,21.84,0.785,21.13
"00-0033536","M.Williams",2024,14,0,0,NA,0,0,NA,35,28.36,1.06,28.36
"00-0033537","D.Watson",2024,7,250,-61.53,-0.2,9,-7.41,-1.373,0,0,NA,-68.94
"00-0033553","J.Conner",2024,16,0,0,NA,239,1.23,-0.114,55,18.18,0.278,19.41
"00-0033555","M.Hollins",2024,16,0,0,NA,0,0,NA,50,41.11,0.976,41.11
"00-0033557","J.Reeves-Maybin",2024,1,0,0,NA,1,-2.93,-2.93,0,0,NA,-2.93
"00-0033576","E.Saubert",2024,8,0,0,NA,0,0,NA,14,6.28,0.623,6.28
"00-0033589","D.Moore",2024,14,0,0,NA,1,-1.35,-1.35,57,27.92,0.429,26.57
"00-0033591","N.Brown",2024,11,0,0,NA,0,0,NA,56,36.4,0.837,36.4
"00-0033662","C.Rush",2024,11,321,-32.6,-0.192,15,-13.01,-0.497,0,0,NA,-45.61
"00-0033699","A.Ekeler",2024,12,0,0,NA,77,5,0.091,41,19.23,0.466,24.23
"00-0033854","D.Ogunbowale",2024,15,0,0,NA,30,-8.4,0.25,28,12.24,0.027,3.84
"00-0033857","J.Smith-Schuster",2024,11,0,0,NA,0,0,NA,26,15.18,0.45,15.18
"00-0033858","J.Smith",2024,17,0,0,NA,2,-1.64,-0.82,111,79.21,0.67,77.57
"00-0033863","D.Skipper",2024,1,0,0,NA,0,0,NA,1,1.95,1.95,1.95
"00-0033869","M.Trubisky",2024,5,26,9.72,1.153,4,-5.26,-1.243,0,0,NA,4.46
"00-0033873","P.Mahomes",2024,16,617,67.1,0.097,1,-0.17,-0.17,1,-0.4,-0.4,66.53
"00-0033881","E.Engram",2024,9,0,0,NA,0,0,NA,67,15.5,0.247,15.5
"00-0033885","D.Njoku",2024,11,0,0,NA,0,0,NA,99,32.91,0.343,32.91
"00-0033891","Z.Jones",2024,6,0,0,NA,0,0,NA,11,6.26,0.531,6.26
"00-0033893","D.Cook",2024,2,0,0,NA,8,-2.66,-0.275,1,1.25,1.25,-1.41
"00-0033895","G.Everett",2024,9,0,0,NA,0,0,NA,13,2.38,0.229,2.38
"00-0033897","J.Mixon",2024,14,1,-0.73,-0.73,247,-15.1,-0.085,52,16.26,0.328,0.43
"00-0033906","A.Kamara",2024,14,0,0,NA,228,-18.17,-0.112,89,14.38,0.254,-3.79
"00-0033908","C.Kupp",2024,12,0,0,NA,2,0.22,0.11,100,39.63,0.394,39.85
"00-0033921","C.Godwin",2024,7,0,0,NA,1,1.54,1.54,62,49.73,0.824,51.27
"00-0033923","K.Hunt",2024,13,0,0,NA,200,2.15,-0.034,32,8.69,0.377,10.84
"00-0033925","D.Foreman",2024,10,0,0,NA,71,-24.16,-0.487,8,1.61,0.188,-22.55
"00-0033943","J.Reynolds",2024,8,0,0,NA,0,0,NA,24,18.41,0.586,18.41
"00-0033948","Ja.Williams",2024,13,0,0,NA,48,-9.68,-0.277,12,1.95,0.393,-7.73
"00-0033949","J.Dobbs",2024,2,48,6.09,0.385,5,-4,-0.8,0,0,NA,2.09
"00-0033955","J.McNichols",2024,14,0,0,NA,56,8.98,-0.019,12,0.41,0.006,9.39
"00-0034054","R.Cracraft",2024,4,0,0,NA,0,0,NA,9,6.38,0.787,6.38
"00-0034073","R.Dwelley",2024,1,0,0,NA,0,0,NA,1,0.14,0.14,0.14
"00-0034115","J.Wilson",2024,7,0,0,NA,16,-4.62,-0.297,3,0.55,0.232,-4.07
"00-0034159","W.Dissly",2024,15,0,0,NA,0,0,NA,64,28.26,0.39,28.26
"00-0034162","J.Scott",2024,2,1,-2.71,-2.71,1,-0.38,-0.38,0,0,NA,-3.09
"00-0034177","T.Boyle",2024,3,51,-14.28,-0.26,0,0,NA,0,0,NA,-14.28
"00-0034184","G.Edwards",2024,11,0,0,NA,102,-14.07,-0.121,5,-1.69,-0.379,-15.76
"00-0034208","M.Boone",2024,5,0,0,NA,13,-0.97,-0.022,3,-1.28,-0.64,-2.25
"00-0034270","T.Conklin",2024,16,0,0,NA,1,-3.28,-3.28,73,31.76,0.359,28.48
"00-0034272","M.Valdes-Scantling",2024,13,0,0,NA,1,-0.27,-0.27,44,31.61,0.622,31.34
"00-0034348","C.Sutton",2024,16,2,7.49,3.745,0,0,NA,135,98.22,0.749,105.71
"00-0034351","D.Goedert",2024,10,0,0,NA,0,0,NA,52,35,0.588,35
"00-0034353","A.Miller",2024,1,0,0,NA,0,0,NA,1,2.18,2.18,2.18
"00-0034364","J.Akins",2024,16,0,0,NA,0,0,NA,58,31.88,0.624,31.88
"00-0034365","I.Thomas",2024,3,0,0,NA,0,0,NA,6,-0.1,-0.072,-0.1
"00-0034383","D.Schultz",2024,17,0,0,NA,0,0,NA,85,42.47,0.501,42.47
"00-0034386","Ju.Watson",2024,15,0,0,NA,0,0,NA,32,26.9,0.788,26.9
"00-0034401","M.White",2024,1,11,-7.15,-0.65,0,0,NA,0,0,NA,-7.15
"00-0034407","R.McCloud",2024,17,0,0,NA,10,2.39,0.239,87,43.62,0.539,46.01
"00-0034418","C.Wilson",2024,10,2,1.15,0.575,0,0,NA,27,15.45,0.727,16.6
"00-0034419","B.Berrios",2024,3,0,0,NA,0,0,NA,4,0,0,0
"00-0034487","T.Sherfield",2024,8,0,0,NA,0,0,NA,9,8.22,0.956,8.22
"00-0034488","T.Thomas",2024,1,0,0,NA,1,-3.09,-3.09,0,0,NA,-3.09
"00-0034521","A.Lazard",2024,12,1,-1.01,-1.01,0,0,NA,61,54.62,0.967,53.61
"00-0034571","T.Scott",2024,1,0,0,NA,0,0,NA,1,0.88,0.88,0.88
"00-0034577","K.Allen",2024,1,1,1.43,1.43,0,0,NA,0,0,NA,1.43
"00-0034613","T.Hudson",2024,9,0,0,NA,1,1.76,1.76,24,10.79,0.563,12.55
"00-0034646","B.Powell",2024,7,0,0,NA,0,0,NA,10,8.76,0.976,8.76
"00-0034753","M.Andrews",2024,17,0,0,NA,4,3.44,0.86,69,69.67,1.014,73.11
"00-0034771","M.Rudolph",2024,8,237,-5.9,-0.01,11,-4.93,-0.2,0,0,NA,-10.83
"00-0034775","C.Kirk",2024,8,0,0,NA,0,0,NA,47,31.99,0.703,31.99
"00-0034777","D.Chark",2024,4,0,0,NA,0,0,NA,10,1.11,0.102,1.11
"00-0034791","N.Chubb",2024,8,0,0,NA,102,-20.57,-0.237,11,0.33,-0.218,-20.24
"00-0034796","L.Jackson",2024,17,494,168.58,0.406,83,-3.48,0.014,0,0,NA,165.1
"00-0034798","D.Smythe",2024,13,0,0,NA,0,0,NA,17,1.93,0.159,1.93
"00-0034827","D.Moore",2024,17,1,-0.45,-0.45,14,1.37,0.069,142,56.46,0.374,57.38
"00-0034829","M.Gesicki",2024,16,0,0,NA,0,0,NA,83,51.17,0.422,51.17
"00-0034830","H.Hurst",2024,7,0,0,NA,0,0,NA,13,3.01,0.27,3.01
"00-0034834","S.Hubbard",2024,1,0,0,NA,0,0,NA,1,2.05,2.05,2.05
"00-0034837","C.Ridley",2024,17,0,0,NA,8,-2.32,-0.21,120,81.26,0.706,78.94
"00-0034844","S.Barkley",2024,16,1,-1.66,-1.66,348,37.26,0.112,43,19.73,0.458,55.33
"00-0034854","K.Hodge",2024,5,0,0,NA,0,0,NA,12,12.29,1.191,12.29
"00-0034855","B.Mayfield",2024,17,612,107.33,0.195,11,-6.87,-0.543,0,0,NA,100.46
"00-0034857","J.Allen",2024,16,497,130.27,0.284,50,23.63,0.304,0,0,NA,153.9
"00-0034860","D.Pettis",2024,8,0,0,NA,0,0,NA,29,11.45,0.398,11.45
"00-0034869","S.Darnold",2024,17,593,36.34,0.076,17,-10.95,-0.573,0,0,NA,25.39
"00-0034928","S.Sims",2024,1,0,0,NA,1,-0.5,-0.5,0,0,NA,-0.5
"00-0034959","A.Beck",2024,2,0,0,NA,0,0,NA,2,0,0,0
"00-0034960","J.Meyers",2024,15,1,-1.57,-1.57,2,1.41,0.705,130,77.19,0.633,77.03
"00-0034972","A.Mattison",2024,14,0,0,NA,134,-30.8,-0.238,48,10.9,0.253,-19.9
"00-0034974","J.Love",2024,1,0,0,NA,1,2.15,2.15,0,0,NA,2.15
"00-0034975","J.Hill",2024,15,0,0,NA,47,0.7,0.013,51,23.72,0.339,24.42
"00-0034981","F.Moreau",2024,15,0,0,NA,0,0,NA,43,36.76,0.895,36.76
"00-0035021","A.Dulin",2024,9,0,0,NA,5,3.06,0.635,8,5.19,0.793,8.25
"00-0035125","A.Ingold",2024,9,0,0,NA,10,-10.24,-0.86,12,3.85,0.419,-6.39
"00-0035140","M.Hardman",2024,7,0,0,NA,5,5.66,1.08,14,6.13,0.301,11.79
"00-0035156","J.Fox",2024,1,1,3.64,3.64,0,0,NA,0,0,NA,3.64
"00-0035190","A.Cole",2024,1,1,4.33,4.33,0,0,NA,0,0,NA,4.33
"00-0035208","O.Zaccheaus",2024,15,0,0,NA,1,0.59,0.59,64,41.28,0.623,41.87
"00-0035216","D.Johnson",2024,4,0,0,NA,0,0,NA,9,0.95,0.032,0.95
"00-0035216","Di.Johnson",2024,5,0,0,NA,2,2.04,1.02,38,21.47,0.488,23.51
"00-0035216","Dio.Johnson",2024,3,0,0,NA,0,0,NA,20,13.45,0.612,13.45
"00-0035228","K.Murray",2024,17,570,44.51,0.097,32,-3.28,-0.061,0,0,NA,41.23
"00-0035229","T.Hockenson",2024,10,0,0,NA,0,0,NA,62,41.14,0.64,41.14
"00-0035243","M.Sanders",2024,11,0,0,NA,55,-8.68,-0.159,30,-3.95,-0.106,-12.63
"00-0035249","J.Oliver",2024,11,0,0,NA,0,0,NA,28,20.61,0.6,20.61
"00-0035250","D.Singletary",2024,15,0,0,NA,113,-11.15,-0.083,24,0.84,-0.056,-10.31
"00-0035261","T.Pollard",2024,16,0,0,NA,261,-26.16,-0.136,57,1.16,0.037,-25
"00-0035280","J.Bailey",2024,1,0,0,NA,1,-2.47,-2.47,0,0,NA,-2.47
"00-0035289","G.Minshew",2024,10,333,-45.69,-0.149,4,-11.9,-2.975,0,0,NA,-57.59
"00-0035298","S.Miller",2024,4,0,0,NA,0,0,NA,9,7.98,0.776,7.98
"00-0035311","M.Gaskin",2024,2,0,0,NA,3,-2.24,-0.85,1,0.92,0.92,-1.32
"00-0035341","T.Irwin",2024,4,0,0,NA,0,0,NA,10,0.55,0.056,0.55
"00-0035406","L.Humphrey",2024,14,0,0,NA,0,0,NA,45,13.31,0.392,13.31
"00-0035500","G.Dortch",2024,17,0,0,NA,5,2.25,0.45,50,20.25,0.335,22.5
"00-0035535","D.Slayton",2024,16,0,0,NA,2,1.81,0.905,72,47.93,0.688,49.74
"00-0035537","Ty.Johnson",2024,17,0,0,NA,41,0.65,0.003,25,28.15,0.773,28.8
"00-0035544","T.Kennedy",2024,1,0,0,NA,0,0,NA,1,0,0,0
"00-0035547","J.Fortson",2024,3,0,0,NA,0,0,NA,3,0.31,0.103,0.31
"00-0035567","C.Reynolds",2024,7,0,0,NA,31,-4.87,-0.085,5,4.59,0.992,-0.28
"00-0035594","T.Homer",2024,4,0,0,NA,6,0.1,0.091,3,-0.85,-0.283,-0.75
"00-0035602","A.Bachman",2024,1,0,0,NA,0,0,NA,4,1.02,0.255,1.02
"00-0035628","D.Johnson",2024,12,0,0,NA,32,3.21,0.042,19,-2.24,-0.14,0.97
"00-0035631","D.Sample",2024,11,0,0,NA,1,-1.48,-1.48,22,6.46,0.269,4.98
"00-0035639","P.Campbell",2024,4,0,0,NA,0,0,NA,8,2.02,0.114,2.02
"00-0035640","D.Metcalf",2024,15,0,0,NA,0,0,NA,109,62.35,0.63,62.35
"00-0035644","N.Fant",2024,14,0,0,NA,0,0,NA,64,30.53,0.487,30.53
"00-0035659","T.McLaurin",2024,17,0,0,NA,2,-6.18,-3.09,118,104.74,0.921,98.56
"00-0035662","M.Brown",2024,2,0,0,NA,0,0,NA,15,8.07,0.539,8.07
"00-0035676","A.Brown",2024,13,0,0,NA,0,0,NA,97,95.84,1.027,95.84
"00-0035685","D.Montgomery",2024,14,1,1.52,1.52,186,-8.84,-0.105,38,17.07,0.462,9.75
"00-0035689","D.Knox",2024,14,0,0,NA,0,0,NA,33,22.07,0.732,22.07
"00-0035700","J.Jacobs",2024,17,0,0,NA,303,-20.2,-0.019,43,15.58,0.316,-4.62
"00-0035704","D.Lock",2024,7,193,-41.45,-0.203,4,-2.4,-0.845,0,0,NA,-43.85
"00-0035710","D.Jones",2024,10,371,-36.33,-0.094,45,12.01,0.165,0,0,NA,-24.32
"00-0035719","D.Samuel",2024,14,1,-2.09,-2.09,42,-9.09,-0.365,81,44.09,0.559,32.91
"00-0035795","J.Pierre",2024,1,0,0,NA,0,0,NA,1,0,0,0
"00-0035806","J.Hasty",2024,9,0,0,NA,20,-1.02,-0.033,12,1.57,-0.153,0.55
"00-0035860","T.Jones",2024,1,0,0,NA,4,2.86,0.715,0,0,NA,2.86
"00-0035891","C.White",2024,1,0,0,NA,0,0,NA,3,3.35,1.117,3.35
"00-0035924","J.Ward",2024,2,0,0,NA,5,0.21,0.024,0,0,NA,0.21
"00-0035973","P.Taylor",2024,5,0,0,NA,40,1.2,0.001,11,0.12,0.188,1.32
"00-0035976","D.Chisena",2024,3,0,0,NA,0,0,NA,4,3.22,0.76,3.22
"00-0035993","T.Huntley",2024,5,149,-24.16,-0.168,10,-8.31,-1.233,0,0,NA,-32.47
"00-0036037","S.Franklin",2024,1,0,0,NA,0,0,NA,1,0,0,0
"00-0036040","J.Johnson",2024,15,0,0,NA,0,0,NA,68,39.8,0.67,39.8
"00-0036096","J.Taylor",2024,3,0,0,NA,10,-0.02,0.002,3,-1.89,-0.472,-1.91
"00-0036133","J.Proche",2024,2,0,0,NA,0,0,NA,3,0.94,0.178,0.94
"00-0036139","R.Dowdle",2024,16,0,0,NA,235,-10.52,-0.051,50,13.26,0.422,2.74
"00-0036158","J.Dobbins",2024,13,0,0,NA,195,4.23,0.059,38,-6.95,-0.183,-2.72
"00-0036165","I.Hodgins",2024,2,0,0,NA,0,0,NA,2,0.52,0.26,0.52
"00-0036176","M.Kinsey",2024,2,0,0,NA,0,0,NA,2,0.8,0.4,0.8
"00-0036182","N.Westbrook-Ikhine",2024,13,0,0,NA,0,0,NA,60,50.46,0.793,50.46
"00-0036183","K.Wilkerson",2024,1,0,0,NA,0,0,NA,3,4.41,1.47,4.41
"00-0036187","R.Gilliam",2024,2,0,0,NA,3,-0.43,0.198,0,0,NA,-0.43
"00-0036196","G.Davis",2024,9,0,0,NA,0,0,NA,42,19.42,0.412,19.42
"00-0036212","T.Tagovailoa",2024,11,421,85.61,0.189,4,-6.12,-1.592,0,0,NA,79.49
"00-0036223","J.Taylor",2024,14,0,0,NA,305,-22.91,-0.086,31,6.11,0.376,-16.8
"00-0036232","H.Bryant",2024,5,0,0,NA,0,0,NA,12,5.44,0.485,5.44
"00-0036244","C.Parkinson",2024,15,0,0,NA,0,0,NA,49,22.59,0.603,22.59
"00-0036251","Z.Moss",2024,8,0,0,NA,74,-19.99,-0.37,27,14.58,0.526,-5.41
"00-0036252","M.Pittman",2024,16,0,0,NA,0,0,NA,112,50.78,0.461,50.78
"00-0036254","C.Johnson",2024,2,0,0,NA,0,0,NA,2,0.39,0.195,0.39
"00-0036259","J.Jennings",2024,15,0,0,NA,0,0,NA,113,82.62,0.74,82.62
"00-0036261","B.Aiyuk",2024,7,0,0,NA,0,0,NA,47,36.77,0.747,36.77
"00-0036264","J.Love",2024,15,442,53.16,0.148,6,1.17,0.817,0,0,NA,54.33
"00-0036268","L.Shenault",2024,5,0,0,NA,1,-0.5,-0.5,5,2.92,0.584,2.42
"00-0036275","D.Swift",2024,17,0,0,NA,253,-38.94,-0.176,53,16.01,0.274,-22.93
"00-0036290","C.Kmet",2024,15,0,0,NA,0,0,NA,59,37.61,0.538,37.61
"00-0036297","D.Evans",2024,1,0,0,NA,3,-1.29,-0.43,0,0,NA,-1.29
"00-0036309","D.Mooney",2024,16,1,-0.42,-0.42,0,0,NA,106,88.04,0.746,87.62
"00-0036322","J.Jefferson",2024,17,1,3.05,3.05,0,0,NA,154,133.4,0.912,136.45
"00-0036328","A.Gibson",2024,17,0,0,NA,120,-10.66,-0.088,29,15.33,0.453,4.67
"00-0036329","A.Davis",2024,1,0,0,NA,1,3.93,3.93,0,0,NA,3.93
"00-0036331","D.Duvernay",2024,10,0,0,NA,4,-1.06,-0.265,16,6.63,0.199,5.57
"00-0036332","J.Deguara",2024,3,0,0,NA,0,0,NA,3,-1.32,-0.44,-1.32
"00-0036345","K.Osborn",2024,6,0,0,NA,0,0,NA,18,4.4,0.265,4.4
"00-0036355","J.Herbert",2024,17,545,65.5,0.12,18,3.01,0.104,0,0,NA,68.51
"00-0036358","C.Lamb",2024,15,0,0,NA,14,-3.85,-0.285,154,84.19,0.57,80.34
"00-0036360","C.Edwards-Helaire",2024,2,0,0,NA,13,-1.96,-0.14,5,1.74,1.339,-0.22
"00-0036370","J.Kelley",2024,1,0,0,NA,1,-0.39,-0.39,0,0,NA,-0.39
"00-0036387","J.Reagor",2024,7,0,0,NA,3,-2.34,-0.792,12,-3.23,-0.612,-5.57
"00-0036389","J.Hurts",2024,15,399,39.92,0.072,92,17.5,0.244,0,0,NA,57.42
"00-0036407","J.Jeudy",2024,17,0,0,NA,0,0,NA,148,95.96,0.631,95.96
"00-0036410","T.Higgins",2024,12,0,0,NA,0,0,NA,110,93.53,0.824,93.53
"00-0036414","C.Akers",2024,15,0,0,NA,104,-18.52,-0.163,18,1.23,-0.034,-17.29
"00-0036415","V.Jefferson",2024,15,0,0,NA,0,0,NA,40,19.73,0.471,19.73
"00-0036422","A.Trautman",2024,13,0,0,NA,0,0,NA,22,15.17,0.665,15.17
"00-0036425","D.Dallas",2024,6,0,0,NA,9,1.28,0.671,3,1.62,0.54,2.9
"00-0036427","T.Johnson",2024,11,0,0,NA,0,0,NA,41,18.34,0.365,18.34
"00-0036429","C.Woerner",2024,8,0,0,NA,0,0,NA,12,1.68,0.286,1.68
"00-0036438","S.Sullivan",2024,1,0,0,NA,0,0,NA,1,0,0,0
"00-0036442","J.Burrow",2024,17,701,100.53,0.13,9,0.91,0.152,0,0,NA,101.44
"00-0036450","K.Vaughn",2024,1,0,0,NA,2,-0.63,-0.315,0,0,NA,-0.63
"00-0036463","C.Blair",2024,2,0,0,NA,0,0,NA,2,0.98,0.49,0.98
"00-0036497","T.Jones",2024,3,0,0,NA,0,0,NA,5,2.92,0.592,2.92
"00-0036510","K.Yeboah",2024,6,0,0,NA,0,0,NA,8,4.86,0.697,4.86
"00-0036527","D.Turner",2024,10,0,0,NA,5,0.92,0.184,29,8.86,0.404,9.78
"00-0036534","S.Zylstra",2024,1,0,0,NA,0,0,NA,1,1.24,1.24,1.24
"00-0036550","R.Bateman",2024,16,0,0,NA,0,0,NA,72,77.26,1.134,77.26
"00-0036554","N.Collins",2024,12,0,0,NA,0,0,NA,99,80.38,0.958,80.38
"00-0036555","C.Hubbard",2024,15,0,0,NA,251,10.74,-0.004,54,-13.67,-0.229,-2.93
"00-0036556","B.Jordan",2024,2,0,0,NA,0,0,NA,3,2.01,0.388,2.01
"00-0036590","Q.Morris",2024,5,0,0,NA,0,0,NA,8,3.25,0.469,3.25
"00-0036613","J.Waddle",2024,15,0,0,NA,4,-0.14,-0.035,85,63.57,0.804,63.43
"00-0036620","D.Eskridge",2024,3,0,0,NA,0,0,NA,3,3.13,1.043,3.13
"00-0036626","D.Brown",2024,15,1,-0.43,-0.43,3,1.32,0.44,40,9.55,0.394,10.44
"00-0036628","J.Bates",2024,10,0,0,NA,0,0,NA,13,1.83,0.029,1.83
"00-0036630","T.Wallace",2024,8,0,0,NA,0,0,NA,12,13.38,0.749,13.38
"00-0036637","N.Gray",2024,16,0,0,NA,1,-1.48,-1.48,49,38.62,0.676,37.14
"00-0036640","Z.Davidson",2024,2,0,0,NA,0,0,NA,2,0,0,0
"00-0036646","S.Fehoko",2024,5,0,0,NA,0,0,NA,16,10.68,0.46,10.68
"00-0036670","J.Jefferson",2024,2,0,0,NA,6,-0.79,-0.132,1,0.49,0.49,-0.3
"00-0036727","A.Prentice",2024,4,0,0,NA,0,0,NA,4,0,0,0
"00-0036741","J.Stoll",2024,2,0,0,NA,0,0,NA,3,-0.17,-0.012,-0.17
"00-0036754","B.Wright",2024,10,0,0,NA,0,0,NA,16,8.97,0.514,8.97
"00-0036825","F.Franks",2024,3,0,0,NA,0,0,NA,3,1,0.333,1
"00-0036841","A.Trammell",2024,1,0,0,NA,0,0,NA,3,3.81,1.27,3.81
"00-0036849","T.Atwell",2024,15,1,-0.51,-0.51,3,-1.81,-0.725,62,45.25,0.835,42.93
"00-0036862","B.Skowronek",2024,4,0,0,NA,0,0,NA,5,6.34,1.219,6.34
"00-0036875","R.Stevenson",2024,15,0,0,NA,207,-37.85,-0.262,43,11.14,0.289,-26.71
"00-0036876","K.Granson",2024,14,0,0,NA,0,0,NA,31,14.45,0.553,14.45
"00-0036877","J.Darden",2024,1,0,0,NA,0,0,NA,1,0.74,0.74,0.74
"00-0036880","P.Sewell",2024,1,1,-0.98,-0.98,0,0,NA,0,0,NA,-0.98
"00-0036887","L.Farrell",2024,10,0,0,NA,0,0,NA,17,3.3,0.141,3.3
"00-0036893","N.Harris",2024,17,0,0,NA,263,-16.97,-0.071,48,12.31,0.152,-4.66
"00-0036894","P.Freiermuth",2024,17,0,0,NA,0,0,NA,78,49.67,0.706,49.67
"00-0036898","D.Mills",2024,4,38,-10.39,-0.169,1,1.47,1.47,0,0,NA,-8.92
"00-0036900","J.Chase",2024,17,0,0,NA,3,2.02,0.673,175,137.28,0.779,139.3
"00-0036906","K.Herbert",2024,8,0,0,NA,36,2.05,0.322,12,-3.51,-0.141,-1.46
"00-0036912","D.Smith",2024,13,0,0,NA,1,-0.47,-0.47,90,80.19,0.82,79.72
"00-0036913","K.Toney",2024,2,0,0,NA,2,-1.6,-0.8,1,0,0,-1.6
"00-0036919","K.Gainwell",2024,16,0,0,NA,75,-11.5,-0.082,22,7.69,0.227,-3.81
"00-0036924","M.Carter",2024,3,0,0,NA,35,-0.48,0.043,11,0.96,0.092,0.48
"00-0036928","K.Trask",2024,1,1,0.3,0.3,0,0,NA,0,0,NA,0.3
"00-0036945","J.Fields",2024,10,177,1.73,-0.146,39,-0.0300000000000007,0.192,0,0,NA,1.7
"00-0036955","T.Marshall",2024,5,0,0,NA,0,0,NA,6,3.08,0.388,3.08
"00-0036963","A.St. Brown",2024,17,1,1.72,1.72,2,-0.64,-0.32,141,126.71,0.853,127.79
"00-0036970","K.Pitts",2024,17,0,0,NA,0,0,NA,74,42.93,0.518,42.93
"00-0036971","T.Lawrence",2024,10,305,-3.27,-0.014,10,2.09,-0.076,0,0,NA,-1.18
"00-0036972","M.Jones",2024,10,279,-5.32,-0.174,10,-0.33,0.162,0,0,NA,-5.65
"00-0036973","T.Etienne",2024,15,0,0,NA,150,-26.56,-0.163,52,7.38,0.128,-19.18
"00-0036980","E.Moore",2024,17,0,0,NA,1,-0.44,-0.44,102,32.65,0.415,32.21
"00-0036984","T.Sermon",2024,14,0,0,NA,56,-11.24,-0.203,19,-2.19,-0.105,-13.43
"00-0036988","J.Palmer",2024,15,0,0,NA,0,0,NA,67,49.23,0.747,49.23
"00-0036990","D.Deablo",2024,1,0,0,NA,0,0,NA,1,4.33,4.33,4.33
"00-0036997","J.Williams",2024,17,0,0,NA,139,-23.89,-0.241,70,7.11,0.087,-16.78
"00-0037004","H.Long",2024,7,0,0,NA,0,0,NA,9,3.28,0.317,3.28
"00-0037005","T.Tremble",2024,10,0,0,NA,0,0,NA,32,17.33,0.474,17.33
"00-0037012","T.Lance",2024,4,45,-14.42,-0.652,9,-3.09,-0.448,0,0,NA,-17.51
"00-0037077","S.Howell",2024,1,18,-15.57,-0.865,0,0,NA,0,0,NA,-15.57
"00-0037085","T.Badie",2024,3,0,0,NA,11,2,0.335,3,-5.94,-1.622,-3.94
"00-0037086","G.Calcaterra",2024,13,0,0,NA,0,0,NA,30,19.47,0.674,19.47
"00-0037091","B.Melton",2024,11,0,0,NA,8,1.02,0.071,17,8.13,0.45,9.15
"00-0037093","D.Young",2024,1,0,0,NA,0,0,NA,1,0,0,0
"00-0037120","T.Goodson",2024,9,0,0,NA,32,2.69,0.392,15,3.45,0.169,6.14
"00-0037132","B.Covey",2024,3,0,0,NA,0,0,NA,8,1.61,0.445,1.61
"00-0037156","I.Charles",2024,1,0,0,NA,0,0,NA,1,0,0,0
"00-0037197","I.Pacheco",2024,7,0,0,NA,83,-13.68,-0.196,16,0.21,0.196,-13.47
"00-0037207","M.Caliendo",2024,1,0,0,NA,0,0,NA,1,0.79,0.79,0.79
"00-0037216","J.Ross",2024,1,0,0,NA,0,0,NA,1,0,0,0
"00-0037228","J.Warren",2024,15,0,0,NA,120,-14.24,-0.148,47,7.98,0.14,-6.26
"00-0037231","K.Austin",2024,8,0,0,NA,1,0.84,0.84,22,13.63,0.756,14.47
"00-0037238","D.London",2024,17,0,0,NA,1,-2.37,-2.37,159,120.05,0.82,117.68
"00-0037239","C.Olave",2024,8,0,0,NA,1,0.88,0.88,44,26.98,-0.432,27.86
"00-0037240","J.Williams",2024,10,0,0,NA,8,1.27,0.145,55,51.14,0.967,52.41
"00-0037240","Ja.Williams",2024,5,0,0,NA,3,1.52,0.488,36,26.86,0.779,28.38
"00-0037243","T.Smith",2024,1,0,0,NA,0,0,NA,1,-0.99,-0.99,-0.99
"00-0037247","G.Pickens",2024,14,0,0,NA,2,-1.8,-0.9,103,71.73,0.718,69.93
"00-0037248","J.Cook",2024,16,0,0,NA,207,10.63,0.04,38,16.33,0.851,26.96
"00-0037252","G.Dulcich",2024,3,0,0,NA,0,0,NA,12,-1.66,-0.15,-1.66
"00-0037253","M.Jones",2024,2,0,0,NA,1,0.04,0.04,1,1.66,1.66,1.7
"00-0037256","R.White",2024,15,0,0,NA,144,-15.7,-0.057,57,16.78,0.168,1.08
"00-0037257","D.Bell",2024,1,0,0,NA,0,0,NA,3,3.21,1.07,3.21
"00-0037258","D.Pierce",2024,9,0,0,NA,40,7.08,-0.099,4,-0.91,-0.303,6.17
"00-0037261","K.Shakir",2024,15,0,0,NA,2,-0.98,-0.49,100,67.22,0.735,66.24
"00-0037263","T.Allgeier",2024,17,0,0,NA,138,5.47,0.046,13,3.44,0.339,8.91
"00-0037267","J.Ford",2024,14,0,0,NA,104,5.04,0.061,43,1.44,0.069,6.48
"00-0037276","T.Chandler",2024,10,1,-0.6,-0.6,56,-10.5,-0.157,6,2.1,0.249,-9
"00-0037287","V.Lowe",2024,1,0,0,NA,0,0,NA,1,1.43,1.43,1.43
"00-0037291","J.Nailor",2024,15,0,0,NA,3,-3.06,-1.02,42,39.94,1.023,36.88
"00-0037292","A.Ogletree",2024,11,0,0,NA,0,0,NA,14,8.87,0.614,8.87
"00-0037300","M.Woods",2024,5,0,0,NA,0,0,NA,17,3.87,0.089,3.87
"00-0037304","Co.Heyward",2024,5,0,0,NA,0,0,NA,9,2.57,0.084,2.57
"00-0037306","J.FitzPatrick",2024,1,0,0,NA,0,0,NA,1,-0.52,-0.52,-0.52
"00-0037324","C.Oladokun",2024,1,1,-1.39,-1.39,0,0,NA,0,0,NA,-1.39
"00-0037327","S.Thompson",2024,2,39,-15.51,-0.395,0,0,NA,0,0,NA,-15.51
"00-0037348","T.Conner",2024,2,0,0,NA,0,0,NA,4,-0.33,-0.082,-0.33
"00-0037382","B.Johnson",2024,1,0,0,NA,0,0,NA,1,0.7,0.7,0.7
"00-0037422","K.Pryor",2024,1,0,0,NA,0,0,NA,1,0.68,0.68,0.68
"00-0037429","R.Blackshear",2024,3,0,0,NA,15,-0.66,0.086,0,0,NA,-0.66
"00-0037450","T.McAllister",2024,1,0,0,NA,2,-0.02,-0.01,0,0,NA,-0.02
"00-0037475","S.Smartt",2024,7,0,0,NA,0,0,NA,19,10.02,0.773,10.02
"00-0037487","D.Thompkins",2024,4,0,0,NA,2,-0.15,-0.075,4,-0.12,0.153,-0.27
"00-0037509","S.McCormick",2024,4,0,0,NA,39,0.45,-0.06,7,-0.08,-0.032,0.37
"00-0037524","T.Martin",2024,1,0,0,NA,0,0,NA,2,6.02,3.01,6.02
"00-0037525","J.Mason",2024,12,0,0,NA,153,-5.43,-0.008,14,6.34,0.508,0.91
"00-0037539","L.Krull",2024,10,0,0,NA,0,0,NA,23,6.25,0.186,6.25
"00-0037545","R.Shaheed",2024,6,0,0,NA,6,1.17,0.092,41,27.15,0.759,28.32
"00-0037557","R.Rivers",2024,5,0,0,NA,22,2.95,0.498,6,0.79,-0.145,3.74
"00-0037569","P.Hendershot",2024,4,0,0,NA,0,0,NA,5,2.67,0.559,2.67
"00-0037578","J.Thomas",2024,1,0,0,NA,0,0,NA,1,-2.71,-2.71,-2.71
"00-0037594","J.Chestnut",2024,7,0,0,NA,22,-3.38,-0.126,3,-0.31,-0.103,-3.69
"00-0037609","A.Shampklin",2024,3,0,0,NA,6,-2.41,-0.566,0,0,NA,-2.41
"00-0037614","J.Metchie",2024,10,0,0,NA,0,0,NA,37,17.63,0.359,17.63
"00-0037617","H.Haskins",2024,11,0,0,NA,34,-3.69,-0.592,3,5.06,1.462,1.37
"00-0037654","T.Fisk",2024,7,0,0,NA,0,0,NA,8,1.11,0.149,1.11
"00-0037664","A.Pierce",2024,16,0,0,NA,0,0,NA,69,75.58,1.238,75.58
"00-0037666","J.Tolbert",2024,17,0,0,NA,0,0,NA,79,53.82,0.673,53.82
"00-0037740","G.Wilson",2024,17,0,0,NA,2,-0.12,-0.06,154,92.96,0.644,92.84
"00-0037741","J.Dotson",2024,14,0,0,NA,1,0.75,0.75,33,12.39,0.402,13.14
"00-0037742","T.Burks",2024,5,0,0,NA,2,-0.93,-0.465,8,4.43,0.823,3.5
"00-0037744","T.McBride",2024,16,0,0,NA,1,0.6,0.6,147,82.29,0.584,82.89
"00-0037745","V.Jones",2024,2,0,0,NA,3,-0.52,-0.298,1,0.56,0.56,0.04
"00-0037746","B.Robinson",2024,14,0,0,NA,187,-12.09,-0.12,25,5.91,0.218,-6.18
"00-0037801","K.Turpin",2024,15,0,0,NA,16,3.18,0.135,52,36.36,0.727,39.54
"00-0037805","J.Ruckert",2024,13,0,0,NA,0,0,NA,28,3.92,0.13,3.92
"00-0037809","C.Okonkwo",2024,16,0,0,NA,1,1.08,1.08,71,28.2,0.666,29.28
"00-0037816","R.Doubs",2024,13,0,0,NA,0,0,NA,73,55.77,0.917,55.77
"00-0037827","T.Davis-Price",2024,1,0,0,NA,3,-1.85,-0.617,0,0,NA,-1.85
"00-0037834","B.Purdy",2024,15,482,78.22,0.165,17,7.41,0.436,0,0,NA,85.63
"00-0037837","C.Austin",2024,17,0,0,NA,0,0,NA,58,46.88,0.814,46.88
"00-0037838","I.Likely",2024,15,0,0,NA,0,0,NA,58,38.94,0.666,38.94
"00-0037840","K.Williams",2024,16,0,0,NA,316,-23.5,-0.076,40,2.14,0.074,-21.36
"00-0038040","Z.White",2024,8,0,0,NA,65,-36.28,-0.477,8,-0.9,0.018,-37.18
"00-0038041","J.Ferguson",2024,14,0,0,NA,0,0,NA,86,4.9,0.017,4.9
"00-0038046","C.Kolar",2024,7,0,0,NA,1,1.72,1.72,11,9.34,0.667,11.06
"00-0038090","S.Moore",2024,2,0,0,NA,0,0,NA,3,0,0,0
"00-0038092","E.Ezukanma",2024,1,0,0,NA,0,0,NA,2,0,0,0
"00-0038098","P.Strong",2024,11,0,0,NA,26,-1.51,-0.219,22,2.72,0.114,1.21
"00-0038102","K.Pickett",2024,4,46,3.43,-0.263,4,2.1,-0.197,0,0,NA,5.53
"00-0038104","T.Thornton",2024,4,0,0,NA,0,0,NA,8,4.59,0.382,4.59
"00-0038108","B.Zappe",2024,1,32,-16.85,-0.527,0,0,NA,0,0,NA,-16.85
"00-0038115","D.Bellinger",2024,7,0,0,NA,0,0,NA,17,6.42,0.362,6.42
"00-0038117","W.Robinson",2024,17,0,0,NA,3,-2.68,-0.893,140,45.67,0.365,42.99
"00-0038120","B.Hall",2024,16,0,0,NA,212,-20.86,-0.106,76,14.24,0.128,-6.62
"00-0038122","D.Ridder",2024,5,94,-22.01,-0.19,3,0.2,-0.213,0,0,NA,-21.81
"00-0038123","D.Belton",2024,1,0,0,NA,1,3.07,3.07,0,0,NA,3.07
"00-0038124","C.Watson",2024,14,0,0,NA,4,0.5,-0.138,54,46.22,0.866,46.72
"00-0038128","M.Willis",2024,6,63,15.31,0.394,8,2.93,0.111,0,0,NA,18.24
"00-0038129","C.Otton",2024,14,0,0,NA,1,-1.32,-1.32,87,41.22,0.469,39.9
"00-0038134","K.Walker",2024,11,0,0,NA,153,-12.15,-0.078,53,14.36,0.28,2.21
"00-0038359","X.Smith",2024,3,0,0,NA,4,2.83,0.708,2,-0.1,-0.05,2.73
"00-0038393","D.Wicks",2024,17,0,0,NA,0,0,NA,76,36.08,0.459,36.08
"00-0038394","W.Mallory",2024,7,0,0,NA,0,0,NA,8,0.57,0.081,0.57
"00-0038396","E.Gray",2024,10,0,0,NA,14,-16.05,-0.724,11,5.31,0.254,-10.74
"00-0038400","T.McKee",2024,2,47,14.68,0.982,2,-1.72,-0.86,0,0,NA,12.96
"00-0038416","T.Bagent",2024,2,2,0.32,0.16,0,0,NA,0,0,NA,0.32
"00-0038454","K.Mitchell",2024,2,0,0,NA,15,-5.22,-0.32,1,1.15,1.15,-4.07
"00-0038465","M.Heath",2024,5,0,0,NA,0,0,NA,13,10.16,0.84,10.16
"00-0038476","T.DeVito",2024,2,50,-8.01,-0.147,3,-4.65,-2.027,0,0,NA,-12.66
"00-0038489","B.VanSumeren",2024,1,0,0,NA,0,0,NA,1,-0.48,-0.48,-0.48
"00-0038496","X.Gipson",2024,8,0,0,NA,1,0.41,0.41,11,2.07,0.309,2.48
"00-0038498","E.Jenkins",2024,2,0,0,NA,0,0,NA,2,1.57,0.785,1.57
"00-0038507","G.DuBose",2024,2,0,0,NA,0,0,NA,4,0.47,-0.268,0.47
"00-0038519","N.Remigio",2024,1,0,0,NA,0,0,NA,6,3.98,0.663,3.98
"00-0038542","B.Robinson",2024,17,0,0,NA,305,17.93,0.033,72,16.11,0.258,34.04
"00-0038543","J.Smith-Njigba",2024,17,1,2.24,2.24,5,0.0199999999999999,0.004,138,102.92,0.801,105.18
"00-0038544","Q.Johnston",2024,15,0,0,NA,3,-0.82,-0.273,91,69.17,0.853,68.35
"00-0038547","L.Schoonmaker",2024,10,0,0,NA,0,0,NA,36,15.42,0.26,15.42
"00-0038550","H.Hooker",2024,3,10,-2.08,-0.332,1,1.76,1.76,0,0,NA,-0.32
"00-0038551","K.Miller",2024,6,0,0,NA,39,-5.36,-0.228,8,1.44,0.306,-3.92
"00-0038555","T.Bigsby",2024,15,0,0,NA,168,-0.829999999999999,0.055,12,0.43,0.06,-0.4
"00-0038558","D.Washington",2024,13,0,0,NA,0,0,NA,25,16.13,0.79,16.13
"00-0038559","Mi.Wilson",2024,16,0,0,NA,1,-0.81,-0.81,71,41.36,0.654,40.55
"00-0038563","T.Tucker",2024,17,0,0,NA,9,2.75,0.342,81,39.42,0.668,42.17
"00-0038573","D.Davis",2024,11,0,0,NA,12,-4.03,-0.438,17,7.98,0.629,3.95
"00-0038576","C.Jones",2024,1,0,0,NA,0,0,NA,1,0.16,0.16,0.16
"00-0038579","A.O'Connell",2024,9,254,2.51,-0.001,11,-6.78,-0.596,0,0,NA,-4.27
"00-0038582","C.Tune",2024,4,2,-1.13,-0.565,5,-8.64,-1.804,0,0,NA,-9.77
"00-0038583","D.Thompson-Robinson",2024,6,126,-71.15,-0.547,14,3.32,0.31,0,0,NA,-67.83
"00-0038589","J.Whyle",2024,14,0,0,NA,0,0,NA,38,15.69,0.345,15.69
"00-0038597","C.Brown",2024,16,0,0,NA,230,-4.82,0.007,65,19.03,0.255,14.21
"00-0038606","P.Washington",2024,12,0,0,NA,0,0,NA,53,32.64,0.449,32.64
"00-0038608","K.Boutte",2024,15,0,0,NA,0,0,NA,69,43.19,0.684,43.19
"00-0038611","C.Rodriguez",2024,6,0,0,NA,35,7.94,-0.111,1,1.14,1.14,9.08
"00-0038614","S.Matlock",2024,5,0,0,NA,0,0,NA,5,1.67,0.334,1.67
"00-0038618","X.Hutchinson",2024,14,0,0,NA,0,0,NA,26,11.22,0.573,11.22
"00-0038619","A.Iosivas",2024,17,0,0,NA,0,0,NA,61,46.22,0.814,46.22
"00-0038621","D.Douglas",2024,16,0,0,NA,3,0.74,0.247,87,43.83,0.476,44.57
"00-0038622","D.Vaughn",2024,5,0,0,NA,17,-4.09,-0.28,5,-0.51,-0.208,-4.6
"00-0038636","K.McIntosh",2024,7,0,0,NA,31,1.48,-0.128,4,0.15,0.178,1.63
"00-0038640","J.Brooks",2024,12,0,0,NA,0,0,NA,30,12.53,0.585,12.53
"00-0038643","B.Willis",2024,1,0,0,NA,0,0,NA,2,0,0,0
"00-0038647","R.Bell",2024,3,0,0,NA,0,0,NA,6,1.51,0.256,1.51
"00-0038678","J.Mims",2024,7,0,0,NA,20,-3.18,-0.07,18,-5.08,-0.294,-8.26
"00-0038679","T.Shavers",2024,1,0,0,NA,0,0,NA,1,7.09,7.09,7.09
"00-0038685","C.Brooks",2024,11,0,0,NA,36,4.78,0.156,13,-0.55,-0.05,4.23
"00-0038705","E.Demercado",2024,13,0,0,NA,24,12.38,0.443,20,-1,-0.213,11.38
"00-0038710","B.Whiteheart",2024,7,0,0,NA,0,0,NA,9,2.34,0.23,2.34
"00-0038720","J.Hill",2024,12,0,0,NA,0,0,NA,20,6.96,0.292,6.96
"00-0038738","H.Luepke",2024,13,0,0,NA,12,0.93,0.14,16,6.2,0.33,7.13
"00-0038752","J.Bobo",2024,11,0,0,NA,0,0,NA,18,8.02,0.414,8.02
"00-0038783","N.Adkins",2024,12,0,0,NA,0,0,NA,15,9.6,0.704,9.6
"00-0038794","J.McLaughlin",2024,16,0,0,NA,113,-1,0,27,-9.35,-0.129,-10.35
"00-0038797","Em.Wilson",2024,17,0,0,NA,103,9.19,0.157,14,-1.39,-0.263,7.8
"00-0038809","B.Sims",2024,4,0,0,NA,0,0,NA,5,2.69,0.279,2.69
"00-0038821","R.Jarrett",2024,6,0,0,NA,0,0,NA,11,8.22,0.94,8.22
"00-0038824","R.Miller",2024,8,0,0,NA,0,0,NA,20,11.7,0.974,11.7
"00-0038840","B.Tremayne",2024,1,0,0,NA,0,0,NA,1,-1.39,-1.39,-1.39
"00-0038920","J.Shenker",2024,1,0,0,NA,0,0,NA,1,0.37,0.37,0.37
"00-0038933","D.Kincaid",2024,13,0,0,NA,0,0,NA,75,39.68,0.579,39.68
"00-0038935","B.Strange",2024,14,0,0,NA,0,0,NA,53,29.06,0.566,29.06
"00-0038938","J.Hyatt",2024,10,0,0,NA,0,0,NA,19,1.99,0.067,1.99
"00-0038941","T.Scott",2024,1,0,0,NA,0,0,NA,1,-0.07,-0.07,-0.07
"00-0038951","S.Tucker",2024,11,0,0,NA,50,10.14,0.027,12,9.15,0.611,19.29
"00-0038976","M.Mims",2024,16,0,0,NA,13,-2.58,-0.162,53,38.52,0.626,35.94
"00-0038977","T.Dell",2024,14,0,0,NA,9,-2.27,-0.338,81,59.19,0.696,56.92
"00-0038979","C.Tillman",2024,9,0,0,NA,1,-2.41,-2.41,51,27.78,0.29,25.37
"00-0038981","W.Morris",2024,1,0,0,NA,0,0,NA,1,0.7,0.7,0.7
"00-0038994","J.Addison",2024,15,0,0,NA,3,2.73,0.91,100,72.09,0.714,74.82
"00-0038996","T.Kraft",2024,17,0,0,NA,3,3.26,1.087,71,54.65,0.894,57.91
"00-0038997","J.Downs",2024,14,0,0,NA,1,-0.87,-0.87,107,71.42,0.684,70.55
"00-0038998","J.Haener",2024,6,45,-14.94,-0.384,0,0,NA,0,0,NA,-14.94
"00-0039021","R.Johnson",2024,12,0,0,NA,55,-4.45,-0.18,20,9.03,0.8,4.58
"00-0039032","T.Spears",2024,12,0,0,NA,84,-4.84,-0.124,35,1.96,-0.088,-2.88
"00-0039040","D.Achane",2024,17,0,0,NA,203,-11.26,-0.064,87,33.22,0.262,21.96
"00-0039041","E.Higgins",2024,14,0,0,NA,0,0,NA,24,11.97,0.536,11.97
"00-0039050","P.Durham",2024,5,0,0,NA,0,0,NA,14,12.05,1.142,12.05
"00-0039052","T.Palmer",2024,10,0,0,NA,0,0,NA,22,13.91,0.586,13.91
"00-0039062","J.Mingo",2024,14,0,0,NA,2,-5.33,-2.665,42,6.85,0.106,1.52
"00-0039064","Z.Flowers",2024,17,0,0,NA,9,2.15,0.217,117,80.9,0.663,83.05
"00-0039065","S.LaPorta",2024,16,0,0,NA,0,0,NA,83,59.25,0.97,59.25
"00-0039066","M.Mayer",2024,11,0,0,NA,0,0,NA,32,7.84,0.22,7.84
"00-0039067","R.Rice",2024,3,0,0,NA,1,2.35,2.35,29,22.77,0.791,25.12
"00-0039074","D.Allen",2024,6,0,0,NA,0,0,NA,13,1.44,0.054,1.44
"00-0039075","P.Nacua",2024,11,0,0,NA,11,2.14,0.295,107,78.32,0.686,80.46
"00-0039139","J.Gibbs",2024,17,0,0,NA,250,35.07,0.163,63,27.84,0.543,62.91
"00-0039144","L.Musgrave",2024,7,0,0,NA,0,0,NA,10,-0.12,-0.024,-0.12
"00-0039146","J.Reed",2024,17,0,0,NA,20,-2.88,-0.015,76,65.76,0.789,62.88
"00-0039150","B.Young",2024,14,414,-30.33,-0.146,1,-1.06,-1.06,0,0,NA,-31.39
"00-0039152","W.Levis",2024,12,344,-65.51,-0.253,23,-20.96,-0.458,0,0,NA,-86.47
"00-0039163","C.Stroud",2024,17,583,-13.08,0.007,3,-11.12,-3.707,1,0,0,-24.2
"00-0039164","A.Richardson",2024,11,277,-44.14,-0.041,59,14.61,0.284,1,-1.06,-1.06,-30.59
"00-0039165","Z.Charbonnet",2024,17,0,0,NA,135,-11.28,-0.133,52,2,0.015,-9.28
"00-0039236","J.Wilson",2024,9,0,0,NA,0,0,NA,15,5.45,0.405,5.45
"00-0039244","C.Collier",2024,2,0,0,NA,5,-3,-0.524,2,-1.09,-0.545,-4.09
"00-0039299","G.Holani",2024,2,0,0,NA,3,-0.77,-0.257,1,-0.41,-0.41,-1.18
"00-0039316","B.Cupp",2024,1,0,0,NA,0,0,NA,1,0,0,0
"00-0039325","C.Steele",2024,12,0,0,NA,56,-11.98,-0.432,11,-0.73,-0.019,-12.71
"00-0039337","M.Nabers",2024,15,1,-0.96,-0.96,5,-0.57,-0.359,172,105.43,0.633,103.9
"00-0039338","B.Bowers",2024,17,0,0,NA,5,-0.86,-0.172,153,92.21,0.601,91.35
"00-0039342","X.Legette",2024,15,0,0,NA,6,-0.59,-0.129,85,39.12,0.445,38.53
"00-0039344","J.Brooks",2024,3,0,0,NA,9,-2.78,-0.506,3,1.46,0.487,-1.32
"00-0039355","L.McCaffrey",2024,12,0,0,NA,0,0,NA,25,15.75,0.63,15.75
"00-0039356","J.Sanders",2024,15,0,0,NA,0,0,NA,43,18.41,0.329,18.41
"00-0039359","C.Stover",2024,13,0,0,NA,0,0,NA,22,8.45,0.532,8.45
"00-0039361","B.Irving",2024,17,0,0,NA,207,20.88,0.037,53,18.95,0.36,39.83
"00-0039363","I.Guerendo",2024,13,0,0,NA,84,4.87,-0.116,16,6.78,0.429,11.65
"00-0039364","S.Vaki",2024,4,0,0,NA,6,-3.17,-0.581,3,4.24,1.97,1.07
"00-0039365","J.Cowing",2024,3,0,0,NA,1,0.38,0.38,6,6.62,0.894,7
"00-0039373","A.Estime",2024,13,0,0,NA,76,-7.42,-0.09,5,-0.76,0.182,-8.18
"00-0039376","S.Rattler",2024,7,250,-84.78,-0.295,3,2.68,0.893,0,0,NA,-82.1
"00-0039379","J.Thrash",2024,6,0,0,NA,0,0,NA,7,1.03,0.143,1.03
"00-0039384","T.Tracy",2024,17,0,0,NA,192,-20.72,-0.178,54,10.1,0.153,-10.62
"00-0039386","B.Means",2024,4,0,0,NA,0,0,NA,15,12.6,1.318,12.6
"00-0039391","K.Vidal",2024,9,0,0,NA,43,-8.41,-0.209,9,4.37,0.464,-4.04
"00-0039392","J.Jackson",2024,2,0,0,NA,1,-1.69,-1.69,3,0.8,0.2,-0.89
"00-0039393","J.McClellan",2024,2,0,0,NA,13,-7.11,-0.52,0,0,NA,-7.11
"00-0039394","Cas.Washington",2024,2,0,0,NA,0,0,NA,2,1.38,0.69,1.38
"00-0039398","J.Milton",2024,1,29,11.79,0.407,5,-3.32,-0.664,0,0,NA,8.47
"00-0039407","D.Laube",2024,1,0,0,NA,1,-4.67,-4.67,0,0,NA,-4.67
"00-0039410","R.Flournoy",2024,7,0,0,NA,0,0,NA,14,-0.45,-0.399,-0.45
"00-0039420","J.Bell",2024,3,0,0,NA,0,0,NA,3,0.66,0.22,0.66
"00-0039424","D.Vele",2024,13,0,0,NA,0,0,NA,55,47.1,0.888,47.1
"00-0039451","I.Williams",2024,1,0,0,NA,0,0,NA,3,-1.68,-0.56,-1.68
"00-0039458","B.Bates",2024,1,0,0,NA,0,0,NA,1,0,0,0
"00-0039491","J.Coker",2024,11,1,1.31,1.31,0,0,NA,46,45.88,0.942,47.19
"00-0039521","X.Weaver",2024,2,0,0,NA,0,0,NA,2,0,0,0
"00-0039530","B.Spann-Ford",2024,6,0,0,NA,0,0,NA,14,6.84,0.285,6.84
"00-0039543","R.Keyton",2024,2,0,0,NA,0,0,NA,3,0.8,0.2,0.8
"00-0039573","B.Watson",2024,1,0,0,NA,4,-0.18,-0.045,2,1.88,0.94,1.7
"00-0039589","K.Johnson",2024,3,0,0,NA,2,0.99,0.495,1,0,0,0.99
"00-0039603","B.Brooks",2024,1,0,0,NA,1,-0.34,-0.34,0,0,NA,-0.34
"00-0039611","M.Hayball",2024,1,0,0,NA,1,2.87,2.87,0,0,NA,2.87
"00-0039613","D.Holker",2024,2,0,0,NA,0,0,NA,4,0.1,0.24,0.1
"00-0039614","J.Jackson",2024,1,0,0,NA,1,-0.88,-0.88,0,0,NA,-0.88
"00-0039617","J.Kibodi",2024,1,0,0,NA,5,-0.74,-0.148,3,0.91,0.303,0.17
"00-0039623","M.Tipton",2024,9,0,0,NA,0,0,NA,26,-0.0700000000000002,0.004,-0.07
"00-0039631","C.Grandy",2024,4,0,0,NA,0,0,NA,5,2.77,0.396,2.77
"00-0039648","D.Martin-Robinson",2024,2,0,0,NA,0,0,NA,2,0.82,0.41,0.82
"00-0039650","B.Oliver",2024,5,0,0,NA,0,0,NA,9,7.7,1.219,7.7
"00-0039692","D.Pettus",2024,1,0,0,NA,1,1.93,1.93,0,0,NA,1.93
"00-0039703","C.Schrader",2024,1,0,0,NA,1,-0.32,-0.32,1,0.4,0.4,0.08
"00-0039731","J.Latham",2024,1,0,0,NA,0,0,NA,1,-1.7,-1.7,-1.7
"00-0039732","B.Nix",2024,17,591,17.64,0.036,28,10.58,0.127,1,3.88,3.88,32.1
"00-0039737","T.Reiman",2024,5,0,0,NA,0,0,NA,7,1.13,0.187,1.13
"00-0039738","B.Corum",2024,14,0,0,NA,58,-9.76,-0.23,8,3.38,0.481,-6.38
"00-0039746","W.Shipley",2024,5,0,0,NA,30,-8.36,-0.422,4,2.3,0.575,-6.06
"00-0039747","A.Smith",2024,3,0,0,NA,2,0.59,0.295,9,3.06,-0.02,3.65
"00-0039751","J.Whittington",2024,6,0,0,NA,2,3.07,1.535,28,21.63,0.861,24.7
"00-0039754","D.Culp",2024,2,0,0,NA,0,0,NA,6,8.76,1.668,8.76
"00-0039757","T.Jennings",2024,2,0,0,NA,13,-3.98,-0.295,1,0,0,-3.98
"00-0039792","D.Walker",2024,2,0,0,NA,0,0,NA,3,2.93,1.465,2.93
"00-0039793","A.Barner",2024,14,0,0,NA,0,0,NA,38,19.79,0.629,19.79
"00-0039794","B.Allen",2024,17,0,0,NA,92,-7.6,-0.122,27,10.51,0.363,2.91
"00-0039796","R.Ali",2024,4,0,0,NA,10,-1.15,-0.579,2,0,0,-1.15
"00-0039798","I.Davis",2024,9,0,0,NA,30,4.42,0.156,12,6.97,0.44,11.39
"00-0039810","J.Burton",2024,4,0,0,NA,0,0,NA,14,9.8,0.847,9.8
"00-0039811","M.Lloyd",2024,1,0,0,NA,6,-1.81,-0.302,1,-0.23,-0.23,-2.04
"00-0039814","E.All",2024,8,0,0,NA,0,0,NA,22,6.99,0.307,6.99
"00-0039816","A.Gould",2024,1,0,0,NA,0,0,NA,1,1.89,1.89,1.89
"00-0039824","J.Wiley",2024,1,0,0,NA,0,0,NA,1,-0.15,-0.15,-0.15
"00-0039825","J.Hicks",2024,1,0,0,NA,1,-2.83,-2.83,0,0,NA,-2.83
"00-0039847","T.Johnson",2024,10,0,0,NA,0,0,NA,43,20.16,0.401,20.16
"00-0039849","M.Harrison",2024,17,0,0,NA,0,0,NA,116,78.1,0.612,78.1
"00-0039851","D.Maye",2024,13,374,-31.37,-0.227,7,-12.47,-2.298,0,0,NA,-43.84
"00-0039853","J.Baker",2024,4,0,0,NA,0,0,NA,4,1.19,0.298,1.19
"00-0039855","J.McMillan",2024,13,0,0,NA,4,4.43,1.107,58,52.81,0.837,57.24
"00-0039868","T.Franklin",2024,16,0,0,NA,2,-0.25,-0.125,53,11.86,0.241,11.61
"00-0039874","J.Wright",2024,13,0,0,NA,68,-20.31,-0.28,6,-1.22,-0.183,-21.53
"00-0039875","R.Davis",2024,16,0,0,NA,113,-5.59,-0.102,19,16.09,0.664,10.5
"00-0039880","M.Washington",2024,12,0,0,NA,5,0.69,0.138,36,15.08,0.275,15.77
"00-0039890","A.Mitchell",2024,17,1,2.45,2.45,4,-8.79,-2.198,55,25.33,0.583,18.99
"00-0039893","B.Thomas",2024,17,0,0,NA,6,2.57,0.618,135,105.33,0.824,107.9
"00-0039894","X.Worthy",2024,16,0,0,NA,20,2.97,0.252,99,55.79,0.595,58.76
"00-0039901","K.Coleman",2024,13,0,0,NA,1,0.78,0.78,58,51.24,1.023,52.02
"00-0039907","J.Polk",2024,13,0,0,NA,1,-0.69,-0.69,34,2.58,0.136,1.89
"00-0039910","J.Daniels",2024,17,528,54.51,0.063,66,17.44,0.17,0,0,NA,71.95
"00-0039912","B.Sinnott",2024,4,0,0,NA,0,0,NA,5,1.45,0.239,1.45
"00-0039915","L.McConkey",2024,16,0,0,NA,0,0,NA,113,94.33,0.919,94.33
"00-0039916","R.Pearsall",2024,10,1,-0.53,-0.53,3,2.2,1.285,47,31.92,0.456,33.59
"00-0039917","M.Penix",2024,5,109,14.56,0.421,1,-0.27,-0.27,0,0,NA,14.29
"00-0039918","C.Williams",2024,17,636,-56.61,-0.08,25,-7.77,-0.377,0,0,NA,-64.38
"00-0039919","R.Odunze",2024,17,0,0,NA,3,0.58,0.003,101,60.68,0.588,61.26
"00-0039920","M.Corley",2024,5,0,0,NA,2,-4.43,-2.215,6,0.92,0.125,-3.51
"00-0039921","T.Benson",2024,12,0,0,NA,63,-4.96,0.017,6,3.11,0.423,-1.85
