season,week,player_id,player_display_name,team,avg_time_to_throw,avg_completed_air_yards,avg_intended_air_yards,completion_percentage_above_expectation,aggressiveness,max_completed_air_distance,attempts,completions,passing_yards,passing_tds,interceptions,stat_type
2024,1,00-0023459,Aaron Rodgers,NYJ,2.4731904761904766,4.695384615384617,6.3433333333333355,-10.653750385556911,14.285714285714285,36.93872223020174,21,13,167,1,1,passing
2024,2,00-0023459,Aaron Rodgers,NYJ,2.4546,3.721666666666667,4.755172413793105,-7.851451436678573,23.333333333333332,37.810022480818496,30,18,176,2,0,passing
2024,3,00-0023459,Aaron Rodgers,NYJ,2.586114285714286,4.435555555555554,5.900882352941175,9.50474986008237,17.142857142857142,27.921275042519092,35,27,281,2,0,passing
2024,4,00-0023459,Aaron Rodgers,NYJ,2.5341666666666667,4.684583333333333,7.035121951219512,-10.509432391041813,19.047619047619047,37.95282466431188,42,24,225,0,0,passing
2024,5,00-0023459,Aaron Rodgers,NYJ,2.4925740740740743,3.7144827586206897,7.38137254901961,-13.18793208510786,12.962962962962962,26.76612224435956,54,29,244,2,3,passing
2024,6,00-0023459,Aaron Rodgers,NYJ,2.750400000000001,6.718260869565219,8.185588235294118,-1.291302527700168,14.285714285714285,61.43847735743457,35,23,294,2,1,passing
2024,7,00-0023459,Aaron Rodgers,NYJ,2.45625641025641,3.386666666666667,5.326923076923078,-10.319775591293968,10.256410256410255,35.613865277444965,39,24,276,1,2,passing
2024,8,00-0023459,Aaron Rodgers,NYJ,3.129714285714286,9.488823529411762,10.133200000000002,7.466416380235117,28.57142857142857,46.085447811646574,28,17,233,2,0,passing
2024,9,00-0023459,Aaron Rodgers,NYJ,2.2223124999999992,4.639545454545455,5.8159375,-0.3756668418645859,12.5,47.03671969855041,32,22,211,3,0,passing
2024,10,00-0023459,Aaron Rodgers,NYJ,2.6965714285714286,2.4518181818181803,6.319393939393937,-3.4761051407882135,11.428571428571429,25.258424337238456,35,22,151,0,0,passing
2024,11,00-0023459,Aaron Rodgers,NYJ,2.426379310344828,2.7531818181818184,4.16896551724138,4.292139924805738,13.793103448275861,27.71109885948228,29,22,184,2,0,passing
2024,13,00-0023459,Aaron Rodgers,NYJ,2.842923076923076,2.6952380952380954,8.398157894736842,-13.055271674425164,10.256410256410255,36.08433732244504,39,21,185,2,1,passing
2024,14,00-0023459,Aaron Rodgers,NYJ,2.768435897435898,5.239629629629631,6.4169230769230765,-4.357673113162704,7.6923076923076925,51.35000000000001,39,27,339,1,0,passing
2024,15,00-0023459,Aaron Rodgers,NYJ,3.1803666666666666,7.458749999999999,11.499285714285715,-4.789299666881561,16.666666666666664,45.774998634625874,30,16,289,3,0,passing
2024,16,00-0023459,Aaron Rodgers,NYJ,2.9197619047619052,3.4532142857142865,5.267857142857143,-8.890684658572795,9.523809523809524,27.997901707092264,42,28,256,1,0,passing
2024,17,00-0023459,Aaron Rodgers,NYJ,2.668944444444444,2.6666666666666665,5.1627777777777775,-9.868947830465117,5.555555555555555,26.42228794029767,18,12,112,0,2,passing
2024,18,00-0023459,Aaron Rodgers,NYJ,3.1187499999999995,5.852608695652174,6.351714285714286,-3.470597954259972,13.88888888888889,44.04803854883893,36,23,274,4,1,passing
2024,4,00-0026158,Joe Flacco,IND,2.7320384615384614,5.493749999999999,10.406666666666666,4.635151303731476,19.230769230769234,24.843021152830826,26,16,168,2,0,passing
2024,5,00-0026158,Joe Flacco,IND,2.7991363636363635,6.847878787878788,7.917954545454546,6.061723252589061,13.636363636363635,54.13535997848357,44,33,359,3,0,passing
2024,6,00-0026158,Joe Flacco,IND,2.3197105263157893,3.6859090909090897,8.451666666666666,-4.284989961275933,13.157894736842104,36.31741455555447,38,22,189,2,1,passing
2024,9,00-0026158,Joe Flacco,IND,2.8710370370370373,6.750625,7.34,-11.507494361312311,7.4074074074074066,37.534445513421396,27,16,179,0,1,passing
2024,10,00-0026158,Joe Flacco,IND,2.6148000000000002,8.074615384615385,7.867999999999999,5.8023993032319225,11.428571428571429,36.992458690927805,35,26,272,2,3,passing
2024,17,00-0026158,Joe Flacco,IND,2.7400526315789473,7.818076923076922,10.025135135135136,10.425333521868048,21.052631578947366,54.68328172302756,38,26,330,2,2,passing
2024,18,00-0026158,Joe Flacco,IND,2.809925,7.3908695652173915,9.42974358974359,-4.1783513221889805,22.5,44.9310694286259,40,23,264,1,0,passing
2024,1,00-0026498,Matthew Stafford,LAR,2.7187755102040816,4.052941176470589,6.131250000000002,-1.712843836570272,14.285714285714285,38.06457670853572,49,34,317,1,1,passing
2024,2,00-0026498,Matthew Stafford,LAR,3.0436666666666667,5.773684210526315,6.51074074074074,-2.5833212115146438,7.4074074074074066,55.93206057352081,27,19,216,0,0,passing
2024,3,00-0026498,Matthew Stafford,LAR,3.13288,8.297500000000001,9.89409090909091,6.974938988685608,16,55.15903189868365,25,16,221,1,0,passing
2024,4,00-0026498,Matthew Stafford,LAR,2.776344827586207,6.588499999999999,7.040344827586205,-2.9458552424616897,6.896551724137931,36.131772721525856,29,20,224,0,1,passing
2024,5,00-0026498,Matthew Stafford,LAR,2.747155555555555,4.806206896551724,8.196222222222223,-4.420178665055175,17.77777777777778,32.53288336437458,45,29,260,1,1,passing
2024,7,00-0026498,Matthew Stafford,LAR,2.237913043478261,3.1978571428571425,6.78909090909091,-10.70561583113411,8.695652173913043,23.464125809413826,23,14,154,0,1,passing
2024,8,00-0026498,Matthew Stafford,LAR,2.7204705882352944,5.990399999999999,7.9005882352941175,-0.4954445888014334,11.76470588235294,40.27020983307636,34,25,279,4,1,passing
2024,9,00-0026498,Matthew Stafford,LAR,2.8718181818181816,7.284,10.170238095238096,-2.040732719681472,27.27272727272727,49.064718484874646,44,25,298,2,1,passing
2024,10,00-0026498,Matthew Stafford,LAR,2.7752222222222223,5.255625,7.020000000000002,0.35236317502415204,8.695652173913043,41.89496509128514,46,32,293,0,1,passing
2024,11,00-0026498,Matthew Stafford,LAR,2.568851851851852,9.868333333333332,11.368148148148148,6.931827962398522,14.814814814814813,40.7442081773594,27,18,295,4,0,passing
2024,12,00-0026498,Matthew Stafford,LAR,2.5885555555555553,5.559583333333333,6.5920588235294115,1.403853462802033,16.666666666666664,33.81456786652758,36,24,243,2,0,passing
2024,13,00-0026498,Matthew Stafford,LAR,2.835624999999999,7.6035714285714295,8.625217391304348,-1.242691154281296,16.666666666666664,40.68283667592514,24,14,183,2,0,passing
2024,14,00-0026498,Matthew Stafford,LAR,2.692466666666667,8.121304347826086,9.104333333333333,9.50274482369423,20,39.549140319354606,30,23,320,2,0,passing
2024,15,00-0026498,Matthew Stafford,LAR,3.12037037037037,4.495000000000001,6.760384615384615,-6.239967103357671,11.11111111111111,51.04225112590548,27,16,160,0,0,passing
2024,16,00-0026498,Matthew Stafford,LAR,2.6455263157894735,1.7514285714285731,3.3226315789473695,-7.828872454793839,0,27.06189941596857,19,14,110,1,1,passing
2024,17,00-0026498,Matthew Stafford,LAR,2.97203125,5.221764705882352,7.044999999999997,-9.138511959463358,0,35.459410598598495,32,17,189,0,0,passing
2024,3,00-0027973,Andy Dalton,CAR,2.171621621621621,4.6253846153846165,6.076216216216217,-1.5029108202135149,5.405405405405405,38.30333797464655,37,26,319,3,0,passing
2024,4,00-0027973,Andy Dalton,CAR,2.5230500000000005,4.42,7.464102564102565,-4.500299654901028,17.5,42.89284439157655,40,25,220,2,1,passing
2024,5,00-0027973,Andy Dalton,CAR,2.724535714285715,4.4255555555555555,7.4877777777777785,-6.288218072482508,7.142857142857142,37.843282098676376,28,18,136,0,1,passing
2024,6,00-0027973,Andy Dalton,CAR,2.740105263157895,5.950769230769231,7.017837837837838,2.459818007130366,23.684210526315788,35.7124138080864,38,26,221,2,2,passing
2024,7,00-0027973,Andy Dalton,CAR,2.7496249999999995,4.896363636363637,4.257333333333334,2.704364713281393,18.75,32.865916996183145,16,11,93,0,2,passing
2024,7,00-0029263,Russell Wilson,PIT,3.079172413793103,8.193749999999998,8.010740740740736,-4.964145555578426,31.03448275862069,56.21895054161008,29,16,264,2,0,passing
2024,8,00-0029263,Russell Wilson,PIT,3.024962962962963,8.464,10.360000000000001,4.994565035615651,7.142857142857142,50.99635477168932,28,20,278,1,0,passing
2024,10,00-0029263,Russell Wilson,PIT,2.963857142857143,7.745714285714286,11.863999999999999,-1.3996789497988544,21.428571428571427,43.40656286784292,28,14,195,3,1,passing
2024,11,00-0029263,Russell Wilson,PIT,2.820611111111111,2.973043478260871,5.654062500000002,-2.168607546223541,8.333333333333332,47.77400129777701,36,23,205,0,1,passing
2024,12,00-0029263,Russell Wilson,PIT,3.1338571428571425,7.988571428571429,9.586666666666668,21.216345259121482,14.285714285714285,49.48879671198321,28,21,270,1,0,passing
2024,13,00-0029263,Russell Wilson,PIT,2.7671315789473687,5.034137931034483,5.128611111111111,7.689657062292099,7.894736842105263,47.32983203012662,38,29,414,3,1,passing
2024,14,00-0029263,Russell Wilson,PIT,2.6351538461538464,5.406666666666666,7.992916666666666,1.121606978659436,15.384615384615385,39.58222959864692,26,15,158,2,0,passing
2024,15,00-0029263,Russell Wilson,PIT,2.3785454545454545,5.115000000000001,7.037142857142857,-5.23398227312348,9.090909090909092,40.4513596804854,22,14,128,1,0,passing
2024,16,00-0029263,Russell Wilson,PIT,3.2540937500000005,6.700909090909089,7.29576923076923,10.765843680410661,3.0303030303030303,52.56711234222402,33,22,217,2,1,passing
2024,17,00-0029263,Russell Wilson,PIT,2.8513513513513518,4.1295652173913036,7.126857142857143,-4.019922461058641,16.216216216216218,40.583802187572324,37,23,205,0,1,passing
2024,18,00-0029263,Russell Wilson,PIT,2.4691290322580643,4.8747058823529414,6.6931034482758625,-9.895724971448224,12.903225806451612,41.957155527990686,31,17,148,1,0,passing
2024,1,00-0029604,Kirk Cousins,ATL,2.5508399999999996,5.215624999999999,6.533913043478261,-0.2194519799489285,11.538461538461538,30.514824266248034,26,16,155,1,2,passing
2024,2,00-0029604,Kirk Cousins,ATL,2.9281379310344833,6.841499999999999,8.702413793103448,2.031694609543379,17.24137931034483,38.11645969919032,29,20,241,2,0,passing
2024,3,00-0029604,Kirk Cousins,ATL,2.5487931034482756,4.0905000000000005,6.852222222222222,5.588251095393616,31.03448275862069,41.68103645544338,29,20,230,1,1,passing
2024,4,00-0029604,Kirk Cousins,ATL,2.862885714285714,5.571428571428571,9.298529411764704,0.5742744888578102,28.57142857142857,42.44107444445769,35,21,238,0,1,passing
2024,5,00-0029604,Kirk Cousins,ATL,2.732196428571428,6.308333333333333,7.723703703703704,8.247205075518835,15.517241379310345,36.774406861294175,58,42,509,4,1,passing
2024,6,00-0029604,Kirk Cousins,ATL,2.7491,6.247894736842106,6.922068965517242,2.9960559805234226,33.33333333333333,30.611097660815766,30,19,225,1,0,passing
2024,7,00-0029604,Kirk Cousins,ATL,2.608285714285714,5.095,7.32942857142857,0.10860592126846313,8.571428571428571,37.762309251421584,35,24,232,1,2,passing
2024,8,00-0029604,Kirk Cousins,ATL,2.5687241379310346,4.768260869565217,6.547857142857144,10.33931297474895,10.344827586206897,35.65976163689264,29,23,276,4,0,passing
2024,9,00-0029604,Kirk Cousins,ATL,2.7127083333333335,4.125263157894737,6.105416666666667,11.309729081888975,25,33.758893643009095,24,19,222,3,0,passing
2024,10,00-0029604,Kirk Cousins,ATL,3.116605263157895,10.361739130434783,11.427027027027027,4.604654043520753,23.684210526315788,43.900489746698725,38,23,306,0,1,passing
2024,11,00-0029604,Kirk Cousins,ATL,2.5456538461538463,4.235000000000003,6.651923076923079,1.4616794056362465,25.925925925925924,35.46090382378881,27,18,173,0,1,passing
2024,13,00-0029604,Kirk Cousins,ATL,2.724589743589743,3.538749999999999,7.563421052631578,-2.9032459625831066,23.076923076923077,30.65322495268646,39,24,245,0,4,passing
2024,14,00-0029604,Kirk Cousins,ATL,2.4762162162162165,8.07304347826087,8.557297297297298,-8.690470859811114,13.513513513513514,49.963083371625494,37,23,344,0,2,passing
2024,15,00-0029604,Kirk Cousins,ATL,2.6145882352941174,6.279090909090908,6.345624999999999,-5.953207261422108,5.88235294117647,33.00206205678669,17,11,112,1,1,passing
2024,1,00-0030565,Geno Smith,SEA,2.54048,5.629444444444443,6.006399999999998,3.622363328933716,20,37.203796849246444,25,18,171,1,1,passing
2024,2,00-0030565,Geno Smith,SEA,2.6025348837209306,4.795151515151514,8.10953488372093,1.9599265672943744,9.090909090909092,43.80564917907279,44,33,327,1,0,passing
2024,3,00-0030565,Geno Smith,SEA,2.807294117647059,5.078461538461539,6.013333333333335,6.1891806695391125,8.823529411764707,46.63414307135921,34,26,289,1,2,passing
2024,4,00-0030565,Geno Smith,SEA,2.652053571428571,4.630263157894738,6.297358490566038,2.091021995459286,17.857142857142858,35.5438461621699,56,38,395,1,1,passing
2024,5,00-0030565,Geno Smith,SEA,2.3769750000000003,4.928928571428571,5.176410256410256,-2.4434845242649317,10,36.897831914626096,40,28,284,1,0,passing
2024,6,00-0030565,Geno Smith,SEA,3.0451176470588233,4.543333333333336,9.192291666666666,-0.6971668881865725,15.384615384615385,41.77015202270637,52,30,312,1,2,passing
2024,7,00-0030565,Geno Smith,SEA,3.0863214285714293,7.458888888888889,11.960370370370368,5.654771206900477,10.714285714285714,39.84643647805911,28,18,207,2,0,passing
2024,8,00-0030565,Geno Smith,SEA,2.8025862068965512,3.3485714285714283,3.8518518518518516,-3.8678914308547974,6.896551724137931,29.17445800696218,29,21,212,0,1,passing
2024,9,00-0030565,Geno Smith,SEA,2.8184705882352947,10.350476190476192,11.017647058823528,0.9533347890657495,20.588235294117645,56.40374544301114,34,21,363,3,3,passing
2024,11,00-0030565,Geno Smith,SEA,3.0776249999999994,5.9088,8.186451612903225,16.278566885739565,9.375,37.90636490089758,32,25,221,0,1,passing
2024,12,00-0030565,Geno Smith,SEA,3.2361612903225807,3.770909090909092,5.224285714285715,-2.3681958356211226,3.225806451612903,31.710346891826955,31,22,254,1,1,passing
2024,13,00-0030565,Geno Smith,SEA,3.3288709677419357,6.284000000000001,6.602413793103449,2.082387237779564,16.129032258064516,41.32989716899863,31,20,206,1,0,passing
2024,14,00-0030565,Geno Smith,SEA,2.992833333333334,3.193750000000001,5.71206896551724,7.7924825747807915,3.3333333333333335,38.70773178578151,30,24,233,1,0,passing
2024,15,00-0030565,Geno Smith,SEA,2.6000526315789476,6.491333333333334,7.241176470588236,14.265978650042882,10.526315789473683,37.02862271270699,19,15,149,0,1,passing
2024,16,00-0030565,Geno Smith,SEA,2.781,5.079032258064516,7.730238095238097,5.734389379274006,16.27906976744186,43.021215696444465,43,31,314,3,2,passing
2024,17,00-0030565,Geno Smith,SEA,2.82495652173913,2.229411764705882,3.360454545454545,-0.7250136655309944,8.695652173913043,31.804729208091047,23,17,160,0,0,passing
2024,18,00-0030565,Geno Smith,SEA,2.6807407407407404,5.199000000000001,8.105555555555556,6.911948130086614,18.51851851851852,28.913405195514414,27,20,223,4,0,passing
2024,1,00-0031280,Derek Carr,NO,2.828478260869564,6.03842105263158,9.502608695652174,16.29386848729588,13.043478260869565,49.72693435151617,23,19,200,3,0,passing
2024,2,00-0031280,Derek Carr,NO,2.8114375000000003,9.859090909090911,8.784,5.069431662559509,18.75,54.47211488459027,16,11,243,2,1,passing
2024,3,00-0031280,Derek Carr,NO,2.6401999999999997,6.747857142857143,9.503478260869565,-5.439757466316216,20,39.51571839154642,25,14,142,1,1,passing
2024,4,00-0031280,Derek Carr,NO,2.3865555555555553,4.543214285714286,5.728888888888889,3.7181124505069505,5.555555555555555,33.86557691816279,36,28,239,0,1,passing
2024,5,00-0031280,Derek Carr,NO,2.75575,6.827222222222222,13.396153846153844,6.842872440548888,14.285714285714285,50.64019747196884,28,18,165,2,1,passing
2024,9,00-0031280,Derek Carr,NO,2.9053870967741937,4.426666666666667,6.912592592592593,-1.89354900390871,6.451612903225806,35.64309891128997,31,18,236,1,0,passing
2024,10,00-0031280,Derek Carr,NO,2.9222400000000004,6.744375,8.228095238095237,7.722633004188538,4,54.94541473134952,25,16,269,2,0,passing
2024,11,00-0031280,Derek Carr,NO,2.933481481481482,3.92952380952381,6.097307692307694,7.991481268847437,14.814814814814813,31.86755403227553,27,21,248,2,0,passing
2024,13,00-0031280,Derek Carr,NO,2.815378378378378,5.020833333333333,7.208235294117648,1.7823225340327795,8.108108108108109,45.632173956540804,37,24,184,1,0,passing
2024,14,00-0031280,Derek Carr,NO,2.713612903225807,5.8549999999999995,10.128064516129033,-4.0640333967824205,12.903225806451612,32.28684252137394,31,20,219,1,1,passing
2024,18,00-0031345,Jimmy Garoppolo,LAR,2.659268292682927,3.8111111111111113,4.86975,-0.7034108406159874,21.951219512195124,42.43185713588318,41,27,334,2,1,passing
2024,8,00-0031503,Jameis Winston,CLE,2.6181951219512194,9.591481481481482,10.49170731707317,1.7205309577104515,17.073170731707318,48.83951883464864,41,27,334,3,0,passing
2024,9,00-0031503,Jameis Winston,CLE,2.738565217391304,7.114999999999998,8.713695652173914,-8.797439803247869,19.565217391304348,39.841277589956874,46,26,235,1,3,passing
2024,11,00-0031503,Jameis Winston,CLE,2.7649333333333335,6.211666666666667,11.208636363636366,4.834662628886491,13.043478260869565,45.888623862565325,46,30,395,2,0,passing
2024,12,00-0031503,Jameis Winston,CLE,3.0935925925925933,8.565000000000001,8.001851851851852,-0.05949509364587868,18.51851851851852,31.503296652890153,27,18,219,0,1,passing
2024,13,00-0031503,Jameis Winston,CLE,2.817620689655172,8.96529411764706,8.618421052631579,-3.79872765905899,17.24137931034483,50.15894835420694,58,34,497,4,3,passing
2024,14,00-0031503,Jameis Winston,CLE,2.9765365853658534,6.0825000000000005,8.482432432432432,4.185708412309971,21.951219512195124,33.53286298543565,41,24,212,2,2,passing
2024,15,00-0031503,Jameis Winston,CLE,2.65344,3.200625000000002,8.039166666666668,0.44412487745285745,16,26.557228771089807,25,16,146,0,3,passing
2024,7,00-0032268,Marcus Mariota,WAS,3.4997391304347834,8.981666666666667,10.716086956521742,9.74893440370974,13.043478260869565,32.490492455486105,23,18,205,2,0,passing
2024,18,00-0032268,Marcus Mariota,WAS,2.190882352941177,7.012666666666666,9.374705882352941,26.15224023660025,33.33333333333333,39.334571308201646,18,15,161,2,0,passing
2024,12,00-0032434,Brandon Allen,SF,2.8015862068965514,5.0317647058823525,7.318076923076921,-6.455513937719935,6.896551724137931,27.016596750886297,29,17,199,1,1,passing
2024,18,00-0032950,Carson Wentz,KC,2.4222352941176473,3.721000000000001,6.451764705882352,-7.493824818555041,11.76470588235294,28.332061343996845,17,10,98,0,0,passing
2024,1,00-0033077,Dak Prescott,DAL,2.691030303030303,3.751052631578947,7.779677419354838,-3.2579827588051558,25,33.71161520900475,32,19,179,1,0,passing
2024,2,00-0033077,Dak Prescott,DAL,2.95071052631579,4.765925925925924,8.144210526315792,6.355154896393799,23.076923076923077,50.813404727492916,39,27,293,1,2,passing
2024,3,00-0033077,Dak Prescott,DAL,2.836470588235294,8.452142857142858,9.482800000000001,-2.07310213762171,35.294117647058826,39.51251194242148,51,28,379,2,0,passing
2024,4,00-0033077,Dak Prescott,DAL,2.6608148148148154,4.525909090909091,5.398076923076924,14.691816656677801,22.22222222222222,30.2097500817203,27,22,221,2,0,passing
2024,5,00-0033077,Dak Prescott,DAL,2.744619047619048,6.075862068965517,7.017560975609755,2.479969781069528,11.904761904761903,43.72098923857967,42,29,352,2,2,passing
2024,6,00-0033077,Dak Prescott,DAL,2.6242121212121217,5.426470588235294,8.939375,-10.479252672556669,15.151515151515152,37.12767700786032,33,17,178,0,2,passing
2024,8,00-0033077,Dak Prescott,DAL,3.0022105263157894,5.900399999999999,9.319729729729733,2.6972314048754598,21.052631578947366,39.88497586811354,38,25,243,2,2,passing
2024,9,00-0033077,Dak Prescott,DAL,2.6607826086956523,2.705,3.7100000000000004,1.4957163482904434,8.333333333333332,32.98028805210773,24,18,133,1,0,passing
2024,1,00-0033106,Jared Goff,DET,2.6670357142857144,3.320000000000002,6.767142857142858,-8.689014773283674,10.714285714285714,50.40099205372846,28,18,217,1,1,passing
2024,2,00-0033106,Jared Goff,DET,2.692037037037037,4.923823529411766,7.365192307692308,-2.2928956421938835,16.363636363636363,54.29895947437667,55,34,307,0,2,passing
2024,3,00-0033106,Jared Goff,DET,2.9905652173913038,5.137777777777778,7.69909090909091,6.484042691147849,13.043478260869565,31.847017128767334,23,18,199,2,1,passing
2024,4,00-0033106,Jared Goff,DET,3.076722222222222,4.231111111111111,4.231111111111111,21.93938808308708,5.555555555555555,31.62156384494606,18,18,292,2,0,passing
2024,6,00-0033106,Jared Goff,DET,2.66952,8.05777777777778,10.201600000000001,3.548920154571533,8,56.3963261214771,25,18,315,3,0,passing
2024,7,00-0033106,Jared Goff,DET,2.5713999999999997,6.2240909090909105,6.9811999999999985,12.04349559545517,4,40.36214315419834,25,22,280,2,0,passing
2024,8,00-0033106,Jared Goff,DET,2.6512666666666664,1.2941666666666654,3.339285714285713,14.187124371528625,26.666666666666668,24.58726702990798,15,12,85,3,0,passing
2024,9,00-0033106,Jared Goff,DET,2.8629545454545453,3.307222222222221,3.7499999999999987,16.68593951246956,18.181818181818183,28.31180849045147,22,18,145,1,0,passing
2024,10,00-0033106,Jared Goff,DET,3.015366666666667,7.282,11.1852,-5.679281353950508,3.3333333333333335,46.877393272237306,30,15,240,2,5,passing
2024,11,00-0033106,Jared Goff,DET,2.8439310344827584,7.9991666666666665,8.469259259259259,16.042577192701145,6.896551724137931,31.49890791757708,29,24,412,4,0,passing
2024,12,00-0033106,Jared Goff,DET,2.9346944444444443,3.5457692307692312,5.896363636363637,5.6017366548379215,16.666666666666664,32.56817157901254,36,26,269,0,0,passing
2024,13,00-0033106,Jared Goff,DET,2.886970588235294,4.714761904761905,7.9225806451612915,1.4057483304949372,17.647058823529413,31.778654785877897,34,21,221,2,0,passing
2024,14,00-0033106,Jared Goff,DET,2.4938048780487803,4.171875000000001,5.8115000000000006,5.8099488296159905,14.634146341463413,34.80834957305503,41,32,283,3,1,passing
2024,15,00-0033106,Jared Goff,DET,2.8967543859649125,6.645,8.007222222222222,0.3908199652776716,10.16949152542373,37.78643804329803,59,38,494,5,0,passing
2024,16,00-0033106,Jared Goff,DET,2.8902187499999994,5.580869565217391,5.7524999999999995,-1.9175848923623562,9.375,53.57634645998176,32,23,336,3,0,passing
2024,17,00-0033106,Jared Goff,DET,2.6551470588235286,4.876153846153847,5.093939393939395,7.86668631960363,11.76470588235294,34.7402389168526,34,26,303,3,0,passing
2024,18,00-0033106,Jared Goff,DET,2.7011515151515146,4.021851851851852,4.880625000000001,5.184663877342686,3.0303030303030303,31.65034754943458,33,27,231,1,2,passing
2024,1,00-0033119,Jacoby Brissett,NE,3.001291666666667,4.742666666666666,6.89782608695652,0.025196745991706848,12.5,24.104182209732812,24,15,121,0,0,passing
2024,2,00-0033119,Jacoby Brissett,NE,3.114518518518518,4.732,6.621250000000001,-2.248755980420995,11.11111111111111,26.420692647998465,27,15,149,1,0,passing
2024,3,00-0033119,Jacoby Brissett,NE,2.7854444444444453,3.591666666666669,8.11588235294118,5.765817935268075,11.11111111111111,30.26361016138029,18,12,98,0,0,passing
2024,4,00-0033119,Jacoby Brissett,NE,2.5984375,3.0547368421052625,5.477187499999999,-3.210723912343383,25,30.72761787057369,32,19,168,1,1,passing
2024,5,00-0033119,Jacoby Brissett,NE,2.9871515151515156,4.629444444444443,9.053666666666667,0.041751914164606774,17.647058823529413,39.440001267748464,34,18,160,0,0,passing
2024,8,00-0033119,Jacoby Brissett,NE,2.817291666666666,4.438666666666667,7.466956521739131,-1.8064115817348068,25,42.910074574626414,24,15,132,0,0,passing
2024,1,00-0033537,Deshaun Watson,CLE,2.815311111111111,2.5141666666666675,8.7546511627907,-8.84831143336163,15.555555555555555,28.870339450723474,45,24,169,1,2,passing
2024,2,00-0033537,Deshaun Watson,CLE,3.2722647058823533,4.96090909090909,6.312424242424241,0.12113252545104558,14.705882352941178,43.003583571604814,34,22,186,0,0,passing
2024,3,00-0033537,Deshaun Watson,CLE,2.5486756756756757,5.382857142857143,7.157714285714286,-8.327969103246119,21.62162162162162,39.87638148077129,37,21,196,2,0,passing
2024,4,00-0033537,Deshaun Watson,CLE,2.9999374999999997,3.065,5.4937499999999995,4.996185842901468,12.5,29.46892091678961,32,24,176,1,1,passing
2024,5,00-0033537,Deshaun Watson,CLE,3.2394285714285718,4.117333333333335,9.503333333333334,-4.428976747606484,25,29.596165292145535,28,15,125,1,0,passing
2024,6,00-0033537,Deshaun Watson,CLE,2.5939565217391305,2.4224999999999994,5.46,0.14491973687772486,8.695652173913043,27.795053516768053,23,16,168,0,0,passing
2024,7,00-0033537,Deshaun Watson,CLE,3.3064117647058815,4.755333333333334,6.357058823529411,11.712152905323933,17.647058823529413,29.930781814045552,17,15,128,0,0,passing
2024,9,00-0033662,Cooper Rush,DAL,2.64776,5.886923076923076,8.693999999999999,-10.101531505584717,28.000000000000004,24.64479255339756,25,13,115,1,0,passing
2024,10,00-0033662,Cooper Rush,DAL,2.4341739130434785,0.8807692307692326,6.938695652173914,-6.710810894551486,26.08695652173913,26.082455789284875,23,13,45,0,0,passing
2024,11,00-0033662,Cooper Rush,DAL,2.6,4.4453125,6.010754716981131,-7.254496995698325,18.181818181818183,34.761127714733306,55,32,354,1,1,passing
2024,12,00-0033662,Cooper Rush,DAL,2.37596875,5.639583333333334,6.241875,-0.7043574471026659,15.625,52.51897276223137,32,24,247,2,0,passing
2024,13,00-0033662,Cooper Rush,DAL,2.4208888888888898,3.512380952380952,8.034999999999998,-8.654191924466026,22.22222222222222,47.59630762989918,36,21,195,1,0,passing
2024,14,00-0033662,Cooper Rush,DAL,2.6546774193548384,6.8175,7.26548387096774,-11.870584444653609,29.03225806451613,35.61056725187062,31,16,183,2,1,passing
2024,15,00-0033662,Cooper Rush,DAL,2.5519999999999996,7.1244444444444435,7.493928571428571,-6.474541590131551,10.344827586206897,37.39446081975243,29,18,214,3,0,passing
2024,16,00-0033662,Cooper Rush,DAL,2.6249714285714285,5.324230769230768,6.425151515151517,3.877190777233679,5.714285714285714,39.18006763649087,35,26,292,1,0,passing
2024,17,00-0033662,Cooper Rush,DAL,2.5819642857142853,5.642000000000001,9.141428571428573,-8.318075371373979,28.57142857142857,34.680645899406194,28,15,147,1,2,passing
2024,18,00-0033869,Mitchell Trubisky,BUF,2.5829523809523813,1.964666666666667,6.445500000000001,3.8204265137513573,14.285714285714285,29.646701334212544,21,15,101,1,0,passing
2024,1,00-0033873,Patrick Mahomes,KC,2.716214285714286,4.609500000000001,5.336666666666668,-3.272638576371321,7.142857142857142,38.34973011639065,28,20,291,1,1,passing
2024,2,00-0033873,Patrick Mahomes,KC,2.5210000000000004,1.2888888888888879,3.7786956521739117,2.4150864481925964,12,48.19104688632526,25,18,151,2,2,passing
2024,3,00-0033873,Patrick Mahomes,KC,2.6505128205128208,2.5396153846153857,4.560833333333335,-4.834736654391662,5.128205128205128,29.401266979502772,39,26,217,2,1,passing
2024,4,00-0033873,Patrick Mahomes,KC,3.068068965517242,7.303684210526315,6.582142857142857,-3.059083017809627,17.24137931034483,62.15029686172062,29,19,245,1,1,passing
2024,5,00-0033873,Patrick Mahomes,KC,3.0137435897435894,2.830357142857142,4.5441176470588225,1.8889962862699576,0,28.1847423263013,39,28,331,0,1,passing
2024,7,00-0033873,Patrick Mahomes,KC,2.756148148148148,2.9143750000000006,8.3428,-9.424646585075948,3.7037037037037033,33.710539894816286,27,16,154,0,2,passing
2024,8,00-0033873,Patrick Mahomes,KC,2.9066756756756758,5.4907407407407405,7.335142857142857,1.6229479132514228,5.263157894736842,29.461678499365924,38,27,262,2,1,passing
2024,9,00-0033873,Patrick Mahomes,KC,2.6936590909090907,4.466470588235294,6.415476190476191,3.938431479036808,6.8181818181818175,35.068176456724984,44,34,291,3,0,passing
2024,10,00-0033873,Patrick Mahomes,KC,2.8945000000000003,2.363571428571428,4.9407499999999995,-2.0431529730558395,7.142857142857142,32.48075430158603,42,28,266,1,0,passing
2024,11,00-0033873,Patrick Mahomes,KC,3.346151515151515,4.015652173913043,6.7787096774193545,7.54160090829388,18.181818181818183,38.934963721570355,33,23,196,3,2,passing
2024,12,00-0033873,Patrick Mahomes,KC,2.887054054054054,5.392962962962963,6.2555555555555555,0.43745500010412286,10.81081081081081,33.04984114939133,37,27,269,3,0,passing
2024,13,00-0033873,Patrick Mahomes,KC,2.9824,6.051923076923076,8.35822222222222,-8.496592129054278,13.043478260869565,38.649576970518055,46,26,306,1,0,passing
2024,14,00-0033873,Patrick Mahomes,KC,2.6248108108108106,3.4333333333333336,6.448055555555555,-4.571508072518,13.513513513513514,27.109490957965253,37,24,210,1,0,passing
2024,15,00-0033873,Patrick Mahomes,KC,2.994947368421053,3.3631578947368417,9.316666666666668,-3.0515135903107478,31.57894736842105,29.778705478915633,38,19,159,2,0,passing
2024,16,00-0033873,Patrick Mahomes,KC,2.5014634146341463,2.5364285714285715,5.4556097560975605,-5.398876765152295,9.75609756097561,31.547128236972696,41,28,260,1,0,passing
2024,17,00-0033873,Patrick Mahomes,KC,2.3406315789473684,4.841379310344829,5.719999999999999,-0.45387419430831244,5.263157894736842,50.83548367036553,38,29,320,3,0,passing
2024,18,00-0033949,Joshua Dobbs,SF,2.657833333333333,7.607931034482759,7.065,0.20204006239424643,18.6046511627907,44.39009123667127,43,29,326,2,2,passing
2024,15,00-0034177,Tim Boyle,NYG,2.480375,4.411666666666668,7.1472727272727274,-9.359160872797169,16.666666666666664,42.190075847289016,24,12,123,1,1,passing
2024,4,00-0034771,Mason Rudolph,TEN,2.6699375,5.050000000000001,5.671428571428572,-8.723018274587744,5.88235294117647,30.632929993717543,17,9,85,0,0,passing
2024,7,00-0034771,Mason Rudolph,TEN,2.783128205128205,4.163599999999999,5.723421052631578,1.9759926758706499,12.5,33.630719587900586,40,25,215,1,1,passing
2024,8,00-0034771,Mason Rudolph,TEN,2.8557105263157894,8.020000000000003,9.869210526315788,-0.9846645750497558,18.421052631578945,45.74233597008356,38,22,266,1,2,passing
2024,9,00-0034771,Mason Rudolph,TEN,2.7145151515151515,7.419500000000002,9.014814814814814,2.824356745589867,6.0606060606060606,35.05442910674769,33,20,240,2,1,passing
2024,15,00-0034771,Mason Rudolph,TEN,2.6581599999999996,3.7176190476190474,5.417199999999999,8.672487850372619,11.538461538461538,29.14411947546194,26,21,209,2,1,passing
2024,16,00-0034771,Mason Rudolph,TEN,2.895352941176471,5.874347826086955,6.877878787878787,-1.5439339420374694,2.941176470588235,48.073561340928336,34,23,252,2,3,passing
2024,17,00-0034771,Mason Rudolph,TEN,2.901387096774194,7.544736842105263,8.799999999999999,4.816283189481304,29.03225806451613,36.88356815710758,31,19,193,1,1,passing
2024,1,00-0034796,Lamar Jackson,BAL,3.014390243902439,3.8203846153846155,7.188250000000002,-7.79343559974577,14.634146341463413,42.63855766791367,41,26,273,1,0,passing
2024,2,00-0034796,Lamar Jackson,BAL,2.9223749999999997,7.059523809523808,9.16774193548387,-4.140764299560999,2.941176470588235,36.8375297760314,34,21,247,1,1,passing
2024,3,00-0034796,Lamar Jackson,BAL,2.6046666666666667,2.9916666666666667,3.2039999999999997,-1.8142996231714932,0,29.122659562615496,15,12,182,1,0,passing
2024,4,00-0034796,Lamar Jackson,BAL,2.8548333333333336,4.583076923076923,7.131176470588235,0.7743193043602759,0,34.78310653176337,18,13,156,2,0,passing
2024,5,00-0034796,Lamar Jackson,BAL,3.3061190476190476,7.553846153846153,9.524634146341462,-3.096356030021404,11.904761904761903,37.13869410735924,42,26,348,4,0,passing
2024,6,00-0034796,Lamar Jackson,BAL,2.9046153846153837,9.127500000000001,10.281600000000001,14.103800918047256,15.384615384615385,40.26477368618878,26,20,323,1,1,passing
2024,7,00-0034796,Lamar Jackson,BAL,2.832909090909091,8.44470588235294,8.572380952380952,3.8263593207706066,0,58.257684471664334,22,17,281,5,0,passing
2024,8,00-0034796,Lamar Jackson,BAL,3.527,6.706521739130436,10.936571428571431,0.6661949973357366,18.421052631578945,39.77856835030643,38,23,289,2,0,passing
2024,9,00-0034796,Lamar Jackson,BAL,3.017631578947369,9.122500000000002,8.330526315789475,13.83103226360521,5.263157894736842,36.43401981664938,19,16,280,3,0,passing
2024,10,00-0034796,Lamar Jackson,BAL,3.2789696969696975,4.712400000000001,7.613750000000001,6.573627753691227,9.090909090909092,35.33079817949207,33,25,290,4,0,passing
2024,11,00-0034796,Lamar Jackson,BAL,3.452666666666666,5.114375,9.557096774193548,-13.753354143012658,15.151515151515152,30.042764519930586,33,16,207,1,1,passing
2024,12,00-0034796,Lamar Jackson,BAL,3.431818181818181,7.673125,11.154285714285715,5.434151197021663,13.636363636363635,57.44855263625011,22,16,177,2,0,passing
2024,13,00-0034796,Lamar Jackson,BAL,3.2952222222222227,5.994782608695652,9.023142857142858,-2.4917524307966232,13.88888888888889,38.05521514851807,36,23,237,2,0,passing
2024,15,00-0034796,Lamar Jackson,BAL,2.8873999999999995,8.711904761904762,10.179583333333335,12.623621225357056,0,45.45070846532538,25,21,290,5,0,passing
2024,16,00-0034796,Lamar Jackson,BAL,2.9445217391304355,9.593999999999998,9.758695652173914,0.8278727531433105,21.73913043478261,40.795741199296764,23,15,207,3,1,passing
2024,17,00-0034796,Lamar Jackson,BAL,3.6678666666666673,6.074000000000001,10.146428571428572,4.12394491334755,6.666666666666667,25.924401632438887,15,10,168,2,0,passing
2024,18,00-0034796,Lamar Jackson,BAL,3.061032258064516,7.938749999999999,9.348333333333334,-11.742050014436245,18.75,35.80029329488795,32,16,217,2,0,passing
2024,1,00-0034855,Baker Mayfield,TB,2.3569999999999998,4.445833333333335,4.978000000000001,10.289106965065002,10,42.06415338503795,30,24,289,4,0,passing
2024,2,00-0034855,Baker Mayfield,TB,2.679578947368421,7.525000000000001,7.8773684210526325,-9.433353260943768,15.789473684210526,35.40746390240341,19,12,185,1,1,passing
2024,3,00-0034855,Baker Mayfield,TB,2.676181818181818,2.3000000000000007,3.602187500000001,7.187940586696968,12.121212121212121,27.4749704276456,33,25,163,1,1,passing
2024,4,00-0034855,Baker Mayfield,TB,2.217021276595745,4.984999999999999,6.553191489361702,-7.663403863602497,14.893617021276595,40.94188075797203,47,30,347,2,0,passing
2024,5,00-0034855,Baker Mayfield,TB,2.4987083333333335,3.9542105263157894,5.587083333333332,2.6285467048485884,8.333333333333332,34.69200051885161,24,19,180,3,0,passing
2024,6,00-0034855,Baker Mayfield,TB,2.830611111111111,2.8679166666666664,5.48861111111111,-5.819784932666366,13.88888888888889,30.715484694205955,36,24,325,4,3,passing
2024,7,00-0034855,Baker Mayfield,TB,2.7692666666666663,4.749677419354841,8.32377777777778,-0.4616974459754033,6.666666666666667,36.97981341218476,45,31,370,3,2,passing
2024,8,00-0034855,Baker Mayfield,TB,2.7460816326530613,3.8048648648648657,6.768695652173913,7.868413873016834,8,34.57835305505454,50,37,330,3,2,passing
2024,9,00-0034855,Baker Mayfield,TB,2.333935483870968,3.319130434782609,4.774193548387097,-1.2826936379555747,6.451612903225806,36.80423073506632,31,23,200,2,0,passing
2024,10,00-0034855,Baker Mayfield,TB,2.8398965517241384,1.3594444444444447,5.17551724137931,-5.178748482260204,20.689655172413794,24.856011345346626,29,18,116,1,0,passing
2024,12,00-0034855,Baker Mayfield,TB,2.5979666666666668,5.767916666666667,6.396000000000001,8.872139751911163,16.666666666666664,35.909981899187855,30,24,294,0,0,passing
2024,13,00-0034855,Baker Mayfield,TB,2.6038484848484855,5.0652380952380955,6.726060606060607,-4.858258185964651,21.21212121212121,32.41772508983318,33,21,235,1,2,passing
2024,14,00-0034855,Baker Mayfield,TB,2.9210000000000003,8.079444444444444,7.977857142857142,-3.948644934029417,6.896551724137931,36.283474199695924,29,18,295,3,2,passing
2024,15,00-0034855,Baker Mayfield,TB,2.7850740740740743,7.004090909090911,8.43346153846154,11.51743277355476,3.7037037037037033,43.27413661761492,27,22,288,4,1,passing
2024,16,00-0034855,Baker Mayfield,TB,2.989930232558139,5.28225806451613,9.519069767441861,1.925890113032139,4.651162790697675,36.20400668434365,43,31,303,2,1,passing
2024,17,00-0034855,Baker Mayfield,TB,3.00903125,7.846666666666668,8.541875000000001,12.408574484288692,6.25,29.44368523130214,32,27,359,5,0,passing
2024,18,00-0034855,Baker Mayfield,TB,3.02365625,8.951904761904762,8.263870967741937,0.16780379228293896,12.5,43.82396718691725,32,21,221,2,1,passing
2024,1,00-0034857,Josh Allen,BUF,2.654956521739131,5.543333333333333,7.174347826086956,3.96464894647184,17.391304347826086,43.92082535654356,23,18,232,2,0,passing
2024,2,00-0034857,Josh Allen,BUF,2.9488421052631577,4.02923076923077,7.640555555555555,2.2058670458040694,10.526315789473683,33.59623788462036,19,13,139,1,0,passing
2024,3,00-0034857,Josh Allen,BUF,2.7284333333333346,3.4634782608695662,6.113103448275863,4.264915486176818,6.666666666666667,32.41062325843179,30,23,263,4,0,passing
2024,4,00-0034857,Josh Allen,BUF,3.141241379310345,6.533124999999999,9.8124,2.733336851514622,24.137931034482758,44.100109977187124,29,16,180,0,0,passing
2024,5,00-0034857,Josh Allen,BUF,3.0238000000000005,3.2588888888888894,12.505517241379309,-22.063842226440705,20,24.466695731136234,30,9,131,1,0,passing
2024,6,00-0034857,Josh Allen,BUF,2.82184,6.892105263157893,8.582608695652175,12.687259912490845,16,43.499762068314816,25,19,215,2,0,passing
2024,7,00-0034857,Josh Allen,BUF,2.5770303030303023,7.399523809523809,8.991874999999999,7.327584696538523,33.33333333333333,39.79704134731626,33,21,323,2,0,passing
2024,8,00-0034857,Josh Allen,BUF,2.7882058823529414,4.986250000000001,6.262812500000001,4.385999743552773,14.705882352941178,38.73432844390103,34,24,283,2,1,passing
2024,9,00-0034857,Josh Allen,BUF,2.615894736842105,2.181199999999999,3.6875,-7.528466979662582,2.564102564102564,29.089946717036113,39,25,235,3,1,passing
2024,10,00-0034857,Josh Allen,BUF,2.51472972972973,6.486818181818182,7.128571428571432,-5.985967371914832,10.81081081081081,40.693046088981845,37,22,280,0,2,passing
2024,11,00-0034857,Josh Allen,BUF,2.7567,3.9466666666666668,6.444473684210528,-1.3532266020774841,7.5,42.887439886288384,40,27,262,1,1,passing
2024,13,00-0034857,Josh Allen,BUF,2.8607058823529417,4.15153846153846,6.100588235294117,7.936510180725762,11.76470588235294,27.978152190593285,17,13,148,2,0,passing
2024,14,00-0034857,Josh Allen,BUF,3.0233243243243244,6.905,11.358378378378376,-7.8345052092461955,13.513513513513514,47.10042144185124,37,22,342,3,0,passing
2024,15,00-0034857,Josh Allen,BUF,3.398735294117647,9.249130434782613,11.027500000000002,5.8076249435544085,23.52941176470588,53.29973076855079,34,23,362,2,0,passing
2024,16,00-0034857,Josh Allen,BUF,3.5156896551724137,4.022499999999999,12.00740740740741,-1.5732735909264761,31.03448275862069,29.942112483924706,29,16,154,1,1,passing
2024,17,00-0034857,Josh Allen,BUF,2.9104814814814812,7.024375000000001,8.395384615384616,1.9873281595883512,29.629629629629626,45.62733500874229,27,16,182,2,0,passing
2024,1,00-0034869,Sam Darnold,MIN,2.906166666666667,6.8715789473684215,7.659583333333333,12.74731308221817,12.5,48.275796213009265,24,19,208,2,1,passing
2024,2,00-0034869,Sam Darnold,MIN,2.81956,7.130000000000001,8.034583333333334,-0.0963948667049408,7.6923076923076925,53.9298368252677,26,17,268,2,1,passing
2024,3,00-0034869,Sam Darnold,MIN,3.312035714285714,7.21,7.5451999999999995,4.0623272636106975,14.285714285714285,37.63785461473594,28,17,181,4,0,passing
2024,4,00-0034869,Sam Darnold,MIN,3.2097857142857142,7.744,9.864444444444446,6.681821388857713,10.714285714285714,41.1602052958923,28,20,275,3,1,passing
2024,5,00-0034869,Sam Darnold,MIN,3.371322580645162,8.309999999999999,13.535185185185183,-9.192533118109559,25.806451612903224,38.408375388709175,31,14,179,0,1,passing
2024,7,00-0034869,Sam Darnold,MIN,2.9642592592592596,7.472727272727272,8.09807692307692,13.352887829144791,11.11111111111111,54.327452544731,27,22,259,1,1,passing
2024,8,00-0034869,Sam Darnold,MIN,3.00356,8.525555555555554,9.463913043478259,8.695493578910835,16,37.71461918142619,25,18,240,2,0,passing
2024,9,00-0034869,Sam Darnold,MIN,2.8394705882352937,6.39,7.6190625,12.851704569423887,5.88235294117647,44.22959303452837,34,28,290,3,2,passing
2024,10,00-0034869,Sam Darnold,MIN,3.2379473684210525,5.82875,9.390810810810814,4.896805043283258,15.789473684210526,35.93903866271328,38,24,241,0,3,passing
2024,11,00-0034869,Sam Darnold,MIN,2.8964687500000004,6.593500000000001,9.949666666666666,3.6435087211430073,15.625,37.17877351392862,32,20,246,2,0,passing
2024,12,00-0034869,Sam Darnold,MIN,3.351470588235294,8.711818181818181,8.395161290322582,7.6831391629050785,23.52941176470588,48.076115691682084,34,22,330,2,0,passing
2024,13,00-0034869,Sam Darnold,MIN,3.063129032258064,5.897142857142857,8.668666666666667,4.605094079048399,9.67741935483871,37.1218601365826,31,21,235,2,0,passing
2024,14,00-0034869,Sam Darnold,MIN,3.0589999999999997,10.596363636363636,11.329285714285714,12.649576419166152,17.857142857142858,49.85070711634891,28,22,347,5,0,passing
2024,15,00-0034869,Sam Darnold,MIN,3.045999999999999,5.984583333333333,8.784324324324327,-4.044896215200424,7.5,31.745716246448122,40,24,231,1,1,passing
2024,16,00-0034869,Sam Darnold,MIN,3.0366,7.160909090909093,7.91257142857143,-4.3113969905035745,11.428571428571429,41.66034685405296,35,22,246,3,0,passing
2024,17,00-0034869,Sam Darnold,MIN,3.012581395348837,5.890000000000001,7.828292682926829,7.434529412624443,9.30232558139535,44.274710614525766,43,33,377,3,1,passing
2024,18,00-0034869,Sam Darnold,MIN,3.180292682926829,2.5316666666666663,7.896052631578947,-15.746656460006058,21.951219512195124,30.754084281603955,41,18,166,0,0,passing
2024,1,00-0035228,Kyler Murray,ARI,3.18616129032258,2.994761904761905,5.929032258064516,-3.76451313495636,16.129032258064516,27.911721552064826,31,21,162,1,0,passing
2024,2,00-0035228,Kyler Murray,ARI,3.099809523809524,10.239411764705881,10.532857142857143,19.309022738820033,14.285714285714285,39.729854014330336,21,17,266,3,0,passing
2024,3,00-0035228,Kyler Murray,ARI,2.883764705882353,7.2023809523809526,11.604705882352944,3.8004191921037744,29.411764705882355,37.406269527981536,34,21,207,1,1,passing
2024,4,00-0035228,Kyler Murray,ARI,2.3805,5.238125,6.550454545454545,2.77246351946485,9.090909090909092,36.11374392111679,22,16,142,1,0,passing
2024,5,00-0035228,Kyler Murray,ARI,2.4672333333333336,5.30421052631579,7.462333333333334,-8.17380537589392,20,35.16262931010706,30,19,195,1,1,passing
2024,6,00-0035228,Kyler Murray,ARI,2.57028125,4.642272727272727,5.53,-3.5750480979913846,18.75,26.601753701588922,32,22,214,1,0,passing
2024,7,00-0035228,Kyler Murray,ARI,2.750153846153846,3.856428571428572,5.658000000000002,-9.429290432196396,23.076923076923077,25.149642144571366,26,14,145,1,1,passing
2024,8,00-0035228,Kyler Murray,ARI,3.2166388888888884,8.381538461538462,9.055757575757575,8.785141963097779,11.11111111111111,44.77267581907519,36,26,307,2,0,passing
2024,9,00-0035228,Kyler Murray,ARI,3.0805499999999997,4.087692307692307,6.8247368421052625,-2.614307403564453,20,27.174040921438234,20,13,154,0,0,passing
2024,10,00-0035228,Kyler Murray,ARI,2.4909166666666667,4.086363636363637,4.877916666666668,21.580128247539193,20.833333333333336,36.32701474109867,24,22,266,1,0,passing
2024,12,00-0035228,Kyler Murray,ARI,3.130513513513513,5.3741666666666665,8.311470588235293,-0.7483666410317227,16.216216216216218,36.515099616460034,37,24,285,0,1,passing
2024,13,00-0035228,Kyler Murray,ARI,2.780681818181818,5.5538709677419345,7.314186046511628,8.970944848325509,24.444444444444443,35.017609855614076,45,31,260,1,2,passing
2024,14,00-0035228,Kyler Murray,ARI,2.6493684210526314,3.361199999999999,5.293947368421053,-6.214086789833871,13.157894736842104,44.46918033874697,38,25,259,2,2,passing
2024,15,00-0035228,Kyler Murray,ARI,2.8745,2.7469565217391314,5.147241379310345,5.385699346661582,16.666666666666664,34.34859531334578,30,23,224,0,0,passing
2024,16,00-0035228,Kyler Murray,ARI,3.0302187500000004,3.1834999999999996,6.5617241379310345,-4.096797900274396,6.25,32.02705887214747,32,20,202,1,1,passing
2024,17,00-0035228,Kyler Murray,ARI,2.623229166666667,4.483636363636363,6.55111111111111,2.5439951568841934,12.5,36.75010884337623,48,33,321,1,2,passing
2024,18,00-0035228,Kyler Murray,ARI,2.5658,5.0084,7.0246875,7.952546094145099,14.285714285714285,33.67430177449861,35,25,242,4,0,passing
2024,1,00-0035289,Gardner Minshew,LV,2.643545454545454,4.5344,4.410624999999999,4.380652590682999,15.151515151515152,28.30342028801466,33,25,257,1,1,passing
2024,2,00-0035289,Gardner Minshew,LV,2.963842105263158,5.197666666666667,6.335277777777779,12.456088768024202,15.789473684210526,38.868110321959314,38,30,276,1,1,passing
2024,3,00-0035289,Gardner Minshew,LV,2.5793214285714283,5.858888888888889,7.637777777777778,-5.104691641671309,14.285714285714285,51.18499877893913,28,18,214,1,1,passing
2024,4,00-0035289,Gardner Minshew,LV,2.4911666666666665,3.634285714285714,7.527083333333333,-15.375711396336563,12.5,32.581352028422636,24,14,130,0,0,passing
2024,5,00-0035289,Gardner Minshew,LV,2.625764705882353,3.3458333333333337,7.130588235294118,3.836199378266059,23.52941176470588,34.52887632113157,17,12,137,1,2,passing
2024,7,00-0035289,Gardner Minshew,LV,2.824852941176471,2.3166666666666678,6.6359259259259264,-7.22084102385184,20.588235294117645,22.097674085749386,34,15,154,0,3,passing
2024,8,00-0035289,Gardner Minshew,LV,2.4855714285714288,4.393749999999998,4.638518518518517,12.967755397160843,20,30.140922348196316,30,24,209,2,0,passing
2024,9,00-0035289,Gardner Minshew,LV,2.676294117647059,5.576999999999999,9.92625,-6.355049241991608,23.52941176470588,30.387051518697895,17,10,124,0,0,passing
2024,11,00-0035289,Gardner Minshew,LV,2.696209302325581,2.900666666666667,3.7351282051282055,0.2128264758476064,11.627906976744185,29.65401321912433,43,30,282,2,1,passing
2024,12,00-0035289,Gardner Minshew,LV,2.8382195121951215,5.5527999999999995,5.788333333333333,3.9446044535864004,21.428571428571427,32.10782147701709,42,25,230,1,1,passing
2024,13,00-0035704,Drew Lock,NYG,2.7496562500000006,3.703809523809523,6.362187499999999,-6.248483806848526,6.25,29.908664296487732,32,21,178,0,1,passing
2024,14,00-0035704,Drew Lock,NYG,3.2095625000000005,6.569523809523811,8.995434782608696,-12.15272482712659,22.448979591836736,37.917960124458176,49,21,227,0,1,passing
2024,16,00-0035704,Drew Lock,NYG,2.940974358974359,3.0059090909090913,7.126216216216215,1.2957499290888066,23.076923076923077,36.714009587622,39,22,210,1,2,passing
2024,17,00-0035704,Drew Lock,NYG,2.7419130434782613,8.008235294117647,8.316363636363635,9.73750624967657,26.08695652173913,45.98921286562753,23,17,309,4,0,passing
2024,18,00-0035704,Drew Lock,NYG,2.4338275862068968,1.5899999999999996,3.4574999999999996,-0.12579365023252365,6.896551724137931,40.26154741189166,29,22,138,1,1,passing
2024,1,00-0035710,Daniel Jones,NYG,2.818690476190476,4.000454545454546,4.465526315789473,-17.314506002834854,9.523809523809524,29.695199948813276,42,22,186,0,2,passing
2024,2,00-0035710,Daniel Jones,NYG,2.900857142857143,5.2075,9.931111111111111,-2.999008260667324,14.285714285714285,33.905487756408995,28,16,178,2,0,passing
2024,3,00-0035710,Daniel Jones,NYG,2.4051176470588236,3.304583333333333,6.756666666666666,3.1705528059426484,20.588235294117645,43.63683077401474,34,24,236,2,0,passing
2024,4,00-0035710,Daniel Jones,NYG,3.0313750000000015,5.463793103448276,9.534473684210527,7.724380753934383,20,40.73501810481984,40,29,281,0,1,passing
2024,5,00-0035710,Daniel Jones,NYG,2.6020000000000003,5.3039130434782615,4.999354838709678,3.0410067233092803,14.705882352941178,53.62881688047947,34,23,257,2,0,passing
2024,6,00-0035710,Daniel Jones,NYG,2.5441794871794867,3.0731818181818173,6.717027027027027,-7.113381311660859,17.073170731707318,29.30518042940531,41,22,205,0,1,passing
2024,7,00-0035710,Daniel Jones,NYG,2.9564499999999994,3.2000000000000006,6.0473684210526315,0.85383156935373,9.523809523809524,29.5649539150664,21,14,99,0,0,passing
2024,8,00-0035710,Daniel Jones,NYG,2.6043947368421065,6.0625,8.50108108108108,-4.641391023209231,5.263157894736842,40.36151756314423,38,24,264,0,1,passing
2024,9,00-0035710,Daniel Jones,NYG,2.341730769230769,6.7125,7.45576923076923,8.580777736810546,23.076923076923077,32.71539393007517,26,20,174,2,0,passing
2024,10,00-0035710,Daniel Jones,NYG,2.864361111111111,7.160909090909092,8.517812499999998,4.130505347574086,16.216216216216218,29.634338190686833,37,22,190,0,2,passing
2024,4,00-0035993,Tyler Huntley,MIA,2.4124545454545454,2.6985714285714275,7.466666666666666,-5.603421885858886,9.090909090909092,23.091232102250416,22,14,96,0,0,passing
2024,5,00-0035993,Tyler Huntley,MIA,2.7896774193548386,6.657222222222223,9.689354838709678,-10.354013885221171,19.35483870967742,28.859008991994163,31,18,194,0,1,passing
2024,17,00-0035993,Tyler Huntley,MIA,2.3731199999999997,5.484545454545454,5.467083333333332,16.58282612378781,3.8461538461538463,26.37351133239562,26,22,225,1,0,passing
2024,18,00-0035993,Tyler Huntley,MIA,2.901536585365853,5.4196,7.104324324324325,2.653225111525238,14.634146341463413,31.7496535414168,41,25,227,1,2,passing
2024,1,00-0036212,Tua Tagovailoa,MIA,2.519945945945946,3.829130434782609,5.795277777777778,-7.521791846768281,16.216216216216218,43.78730523793398,37,23,338,1,0,passing
2024,2,00-0036212,Tua Tagovailoa,MIA,2.21572,1.4541176470588242,6.443750000000001,-5.406875729560852,4,23.73733346439739,25,17,145,1,3,passing
2024,8,00-0036212,Tua Tagovailoa,MIA,2.2996842105263156,3.507407407407407,5.254054054054055,5.264919133562785,18.421052631578945,34.70828287311259,38,28,234,1,0,passing
2024,9,00-0036212,Tua Tagovailoa,MIA,2.4984642857142854,3.907200000000001,4.604074074074075,16.565194992082468,17.857142857142858,43.48963094807773,28,25,231,2,0,passing
2024,10,00-0036212,Tua Tagovailoa,MIA,2.6462857142857144,3.911500000000001,5.172142857142857,-6.213778576680596,7.142857142857142,33.55220708090602,28,20,207,1,1,passing
2024,11,00-0036212,Tua Tagovailoa,MIA,2.3962857142857144,4.539642857142857,5.629428571428571,4.132943683200423,2.7777777777777777,31.06482576806122,36,28,288,3,0,passing
2024,12,00-0036212,Tua Tagovailoa,MIA,2.3411250000000003,4.714827586206897,5.588749999999999,1.564471498131752,20,39.42015728025448,40,29,317,4,0,passing
2024,13,00-0036212,Tua Tagovailoa,MIA,2.3910000000000005,5.497297297297297,6.551304347826084,1.8465853903604597,6.521739130434782,28.310798293230803,46,37,365,2,0,passing
2024,14,00-0036212,Tua Tagovailoa,MIA,2.3512173913043477,3.8278787878787877,5.496444444444444,-0.874314663258005,12.76595744680851,27.213314755832304,47,33,331,2,0,passing
2024,15,00-0036212,Tua Tagovailoa,MIA,2.529575,1.9720689655172425,4.370769230769231,-0.908811017870903,7.5,29.09789339453975,40,29,196,1,3,passing
2024,16,00-0036212,Tua Tagovailoa,MIA,2.4475588235294117,2.8168181818181828,6.660645161290323,2.207763980635818,20.588235294117645,30.334925416094237,34,22,215,1,0,passing
2024,1,00-0036264,Jordan Love,GB,2.7999411764705875,7.129411764705882,9.468387096774192,-13.841015012825238,14.705882352941178,40.99268227379126,34,17,260,2,1,passing
2024,4,00-0036264,Jordan Love,GB,3.07887037037037,7.193125,10.600925925925926,-5.912469603397227,16.666666666666664,47.573737502954295,54,32,389,4,3,passing
2024,5,00-0036264,Jordan Love,GB,2.4859230769230773,6.243333333333331,8.013076923076925,-9.364229555313408,11.538461538461538,60.769900444216624,26,15,224,2,1,passing
2024,6,00-0036264,Jordan Love,GB,2.6473124999999995,5.30909090909091,6.573548387096775,-0.010792538523674011,12.5,49.556167123779865,32,22,258,4,1,passing
2024,7,00-0036264,Jordan Love,GB,2.4676666666666667,5.559166666666667,8.668484848484848,9.81575230305846,27.27272727272727,42.57486230159765,33,24,220,3,2,passing
2024,8,00-0036264,Jordan Love,GB,3.024636363636363,7.182857142857141,10.790909090909091,5.043808574026272,22.727272727272727,36.305663470042795,22,14,196,0,1,passing
2024,9,00-0036264,Jordan Love,GB,3.150384615384615,7.484347826086956,9.997297297297296,-2.1405224616710896,25.64102564102564,45.76046000642913,39,23,273,0,1,passing
2024,11,00-0036264,Jordan Love,GB,3.3064705882352943,8.68846153846154,7.526470588235295,7.218509912490845,17.647058823529413,50.64669090868623,17,13,261,1,1,passing
2024,12,00-0036264,Jordan Love,GB,2.8413478260869565,5.173846153846153,11.621363636363638,-8.282669730808422,17.391304347826086,29.329645412108203,23,13,163,2,0,passing
2024,13,00-0036264,Jordan Love,GB,2.693892857142857,4.165238095238095,6.693214285714285,5.255502515605514,10.714285714285714,47.281701534526015,28,21,274,2,0,passing
2024,14,00-0036264,Jordan Love,GB,3.2175,9.499166666666666,9.405789473684214,1.7440220713615417,15,51.93727948208301,20,12,206,1,0,passing
2024,15,00-0036264,Jordan Love,GB,2.833703703703704,4.281000000000001,6.9715384615384615,8.75417231409638,14.814814814814813,48.78870566022428,27,20,229,2,0,passing
2024,16,00-0036264,Jordan Love,GB,2.968107142857143,3.5781250000000013,7.342800000000002,-6.422485411167145,14.285714285714285,45.983866736062986,28,16,182,1,0,passing
2024,17,00-0036264,Jordan Love,GB,2.7036000000000002,6.470526315789473,9.993793103448274,2.7680297195911336,20,32.37200179167177,30,19,185,1,0,passing
2024,1,00-0036355,Justin Herbert,LAC,2.733230769230769,3.8123529411764707,6.728399999999999,-1.7145737432516626,7.6923076923076925,35.247947457972636,26,17,144,1,0,passing
2024,2,00-0036355,Justin Herbert,LAC,3.0139,5.4542857142857155,7.6000000000000005,4.82433058321476,20,40.72589471085933,20,14,130,2,1,passing
2024,3,00-0036355,Justin Herbert,LAC,2.828277777777778,4.999166666666666,7.112352941176469,-4.8867010407977745,0,31.736901234997735,18,12,125,1,0,passing
2024,4,00-0036355,Justin Herbert,LAC,2.889074074074074,3.4574999999999987,6.838518518518517,-4.574037646805813,22.22222222222222,31.306245383309705,27,16,179,1,0,passing
2024,6,00-0036355,Justin Herbert,LAC,2.8451764705882354,5.2523809523809515,8.691612903225806,8.985235892674503,26.47058823529412,38.82385993174817,34,21,237,1,0,passing
2024,7,00-0036355,Justin Herbert,LAC,3.0791578947368423,8.079629629629629,8.5027027027027,4.304337119444824,15.384615384615385,51.55884017314587,39,27,349,0,0,passing
2024,8,00-0036355,Justin Herbert,LAC,3.2036874999999996,7.983500000000001,7.731666666666668,0.4932176321744919,12.5,42.91113841416934,32,20,279,2,0,passing
2024,9,00-0036355,Justin Herbert,LAC,2.781,7.869999999999998,9.329615384615384,0.48424855426505076,11.11111111111111,47.9215796901563,27,18,282,2,0,passing
2024,10,00-0036355,Justin Herbert,LAC,2.9547777777777773,5.3721428571428556,8.240555555555556,13.38085126545694,22.22222222222222,36.43501886921427,18,14,164,1,0,passing
2024,11,00-0036355,Justin Herbert,LAC,3.126457142857142,13.320000000000002,13.055151515151518,-6.50420624555813,27.77777777777778,40.43001113034722,36,17,297,2,0,passing
2024,12,00-0036355,Justin Herbert,LAC,2.868583333333334,6.2652380952380975,9.766666666666664,-5.137976486649777,22.22222222222222,33.065736042011835,36,21,218,0,0,passing
2024,13,00-0036355,Justin Herbert,LAC,3.1263913043478255,5.251875,7.120434782608695,11.494922378788814,34.78260869565217,27.931274586026323,23,16,147,0,0,passing
2024,14,00-0036355,Justin Herbert,LAC,2.8152,6.635238095238096,10.156206896551723,3.44026830047369,20,38.54868220834533,30,21,213,1,0,passing
2024,15,00-0036355,Justin Herbert,LAC,2.7080909090909087,6.406190476190475,8.373225806451611,-2.529752254486091,6.0606060606060606,34.752084829546554,33,21,195,2,1,passing
2024,16,00-0036355,Justin Herbert,LAC,2.7953225806451614,4.816956521739131,6.783,0.08453640245622296,3.225806451612903,31.618855134239126,31,23,284,2,1,passing
2024,17,00-0036355,Justin Herbert,LAC,3.026684210526316,6.157692307692307,10.210526315789476,1.6592477889437305,13.157894736842104,44.241403684783776,38,26,281,3,0,passing
2024,18,00-0036355,Justin Herbert,LAC,2.6655714285714285,7.4821428571428585,8.107142857142858,5.971866680516143,5.555555555555555,50.860461067512944,36,28,346,2,0,passing
2024,1,00-0036389,Jalen Hurts,PHI,3.073363636363635,5.491499999999999,7.95724137931034,2.7807061943937796,14.705882352941178,36.35056258161626,34,20,278,2,2,passing
2024,2,00-0036389,Jalen Hurts,PHI,3.4163333333333337,5.662173913043479,6.620689655172413,10.71620494127275,16.666666666666664,31.994538596454237,30,23,183,1,1,passing
2024,3,00-0036389,Jalen Hurts,PHI,3.0713157894736844,4.164137931034483,7.423055555555554,9.533804821732815,10.526315789473683,42.27007570374105,38,29,311,0,1,passing
2024,4,00-0036389,Jalen Hurts,PHI,2.8546666666666667,5.691111111111111,8.798965517241378,-6.625722249348968,10,31.079523805875795,30,18,158,1,0,passing
2024,6,00-0036389,Jalen Hurts,PHI,2.9359599999999997,7.846874999999999,10.045833333333334,3.767671585083008,20,50.08144167253974,25,16,264,2,0,passing
2024,8,00-0036389,Jalen Hurts,PHI,2.9304499999999996,10.462500000000002,10.062105263157894,20.16423299908638,35,59.287983605449085,20,16,236,1,0,passing
2024,9,00-0036389,Jalen Hurts,PHI,3.277875,9.364444444444443,9.346086956521738,11.113980474571385,16.666666666666664,46.25374579425973,24,18,230,2,0,passing
2024,10,00-0036389,Jalen Hurts,PHI,3.296449999999999,8.977857142857143,12.38777777777778,18.170560896396644,30,47.87210565663474,20,14,202,2,1,passing
2024,11,00-0036389,Jalen Hurts,PHI,3.00925,4.231111111111112,5.718400000000002,-3.363010925906039,3.571428571428571,34.32552985752733,28,18,221,0,0,passing
2024,12,00-0036389,Jalen Hurts,PHI,3.248227272727273,5.022,6.497894736842106,12.295193699273185,13.636363636363635,31.58069821900713,22,15,179,1,0,passing
2024,13,00-0036389,Jalen Hurts,PHI,2.9563684210526313,5.513636363636365,7.890588235294117,-2.069277669254099,15.789473684210526,24.32090664428446,19,11,118,1,0,passing
2024,14,00-0036389,Jalen Hurts,PHI,3.4735238095238095,4.980714285714285,5.6157894736842104,2.4218540816079894,19.047619047619047,30.46948965768872,21,14,108,2,0,passing
2024,15,00-0036389,Jalen Hurts,PHI,3.2707187499999995,5.1672,6.661290322580647,10.851302416995168,15.625,29.394914526155713,32,25,290,2,0,passing
2024,1,00-0036442,Joe Burrow,CIN,2.5402068965517244,4.274285714285715,5.584827586206897,-3.821863902026223,13.793103448275861,32.04052746132622,29,21,164,0,0,passing
2024,2,00-0036442,Joe Burrow,CIN,2.8759722222222224,5.729565217391303,7.6135294117647065,2.6005931819478647,13.88888888888889,51.316928980600544,36,23,258,2,0,passing
2024,3,00-0036442,Joe Burrow,CIN,2.6531578947368417,6.509655172413791,7.136578947368419,4.128010100439994,2.631578947368421,48.05312580883787,38,29,324,3,0,passing
2024,4,00-0036442,Joe Burrow,CIN,2.8460967741935486,3.764090909090909,5.921666666666667,3.210839316729576,22.58064516129032,32.9564576373129,31,22,232,2,1,passing
2024,5,00-0036442,Joe Burrow,CIN,2.499051282051282,7.414333333333332,8.21179487179487,12.20219402741165,20.51282051282051,54.143222105818566,39,30,392,5,1,passing
2024,6,00-0036442,Joe Burrow,CIN,3.1035357142857145,5.242105263157893,5.766521739130434,5.812939043555943,3.571428571428571,43.78372757086815,28,19,208,0,0,passing
2024,7,00-0036442,Joe Burrow,CIN,2.5808,5.090000000000001,9.5375,0.049012243747704076,36,29.24444733620384,25,15,181,2,0,passing
2024,8,00-0036442,Joe Burrow,CIN,2.6404324324324326,5.920384615384616,7.953055555555555,4.74135630034111,16.216216216216218,40.35158485115547,37,26,234,1,1,passing
2024,9,00-0036442,Joe Burrow,CIN,2.5310256410256406,4.038888888888888,6.523513513513514,2.947196736931801,12.82051282051282,27.514679718288566,39,27,251,5,1,passing
2024,10,00-0036442,Joe Burrow,CIN,3.1998392857142846,6.834117647058823,9.113333333333333,0.4797726154460378,21.428571428571427,49.5210096827599,56,34,428,4,0,passing
2024,11,00-0036442,Joe Burrow,CIN,3.1104199999999995,8.683571428571428,11.567234042553189,0.7243122160434794,22,50.29315858046698,50,28,356,3,0,passing
2024,13,00-0036442,Joe Burrow,CIN,2.6050263157894733,5.972500000000001,6.737837837837838,2.874790524181549,5.263157894736842,31.519200497474557,38,28,309,3,1,passing
2024,14,00-0036442,Joe Burrow,CIN,2.637954545454545,5.162424242424242,6.459302325581396,7.391344637356028,13.636363636363635,35.454693624399006,44,33,369,3,1,passing
2024,15,00-0036442,Joe Burrow,CIN,2.6810555555555555,6.116923076923076,6.9805714285714275,3.538590850862306,16.216216216216218,46.70571378321928,37,26,271,3,2,passing
2024,16,00-0036442,Joe Burrow,CIN,2.7164333333333333,7.455217391304349,8.288214285714286,12.520477970441192,10,49.86782529848278,30,23,252,3,0,passing
2024,17,00-0036442,Joe Burrow,CIN,2.2276326530612245,7.26051282051282,7.381428571428573,13.307951907722313,20.408163265306122,43.42723799644642,49,39,412,3,0,passing
2024,18,00-0036442,Joe Burrow,CIN,2.5294130434782613,3.950540540540541,4.268913043478261,8.38650131355162,15.217391304347828,39.64816389191308,46,37,277,1,1,passing
2024,18,00-0036898,Davis Mills,HOU,2.595,7.461666666666667,6.994545454545454,-8.11503427949819,31.818181818181817,29.469621646705953,22,12,128,0,0,passing
2024,1,00-0036945,Justin Fields,PIT,3.064913043478262,5.681176470588235,5.770454545454546,1.2902595426725156,8.695652173913043,46.24891133853856,23,17,156,0,0,passing
2024,2,00-0036945,Justin Fields,PIT,2.7140000000000004,5.384615384615387,7.267222222222226,6.203192621469498,15,36.625538903885094,20,13,117,1,0,passing
2024,3,00-0036945,Justin Fields,PIT,2.71709375,3.6392,5.311290322580645,10.586250992491841,12.5,31.411884693535985,32,25,245,1,1,passing
2024,4,00-0036945,Justin Fields,PIT,3.1901515151515154,6.911363636363637,7.329062500000001,1.042803289259183,11.76470588235294,41.14831952826264,34,22,312,1,0,passing
2024,5,00-0036945,Justin Fields,PIT,3.220925925925926,3.816000000000001,10.4052,-6.548983686500122,7.4074074074074066,29.343334847968457,27,15,131,2,0,passing
2024,6,00-0036945,Justin Fields,PIT,3.2885000000000004,6.6814285714285715,9.31304347826087,-3.033225300411381,16.666666666666664,42.726718806854336,24,14,145,0,0,passing
2024,1,00-0036971,Trevor Lawrence,JAX,2.7668636363636363,10.748333333333335,9.321578947368423,-9.962166065261485,0,35.725516091443666,21,12,162,1,0,passing
2024,2,00-0036971,Trevor Lawrence,JAX,2.806241379310345,9.447142857142856,12.17222222222222,-11.238010774056121,13.333333333333334,50.939010591098054,30,14,220,0,0,passing
2024,3,00-0036971,Trevor Lawrence,JAX,2.837157894736843,6.1590476190476195,8.67888888888889,-6.426202927372948,7.894736842105263,30.230344027152587,38,21,178,1,1,passing
2024,4,00-0036971,Trevor Lawrence,JAX,2.709090909090909,7.055000000000001,12.0196875,-7.286500569545865,18.181818181818183,37.84038186910909,33,18,169,2,0,passing
2024,5,00-0036971,Trevor Lawrence,JAX,2.5559117647058827,5.164642857142858,6.322941176470588,10.253343774991876,14.705882352941178,50.76870886678132,34,28,371,2,1,passing
2024,6,00-0036971,Trevor Lawrence,JAX,2.4844571428571425,4.536956521739131,8.890882352941176,-1.6313700165067502,2.857142857142857,32.14891911091259,35,23,234,2,1,passing
2024,7,00-0036971,Trevor Lawrence,JAX,2.4068999999999994,6.200666666666668,5.9755,0.8187181502580643,15,57.18604724930725,20,15,193,1,0,passing
2024,8,00-0036971,Trevor Lawrence,JAX,2.64428125,8.354761904761904,9.102000000000002,0.6577755324542522,15.625,40.86960851292804,32,21,308,2,1,passing
2024,9,00-0036971,Trevor Lawrence,JAX,2.906161290322581,7.36,8.471666666666668,-7.469449697002283,22.58064516129032,36.598476744258086,31,16,169,0,2,passing
2024,10,00-0036972,Mac Jones,JAX,2.917545454545454,3.906428571428571,7.687619047619046,-3.430010513825856,9.090909090909092,31.42714272726682,22,14,111,0,2,passing
2024,11,00-0036972,Mac Jones,JAX,3.0194482758620693,3.69,11.023571428571428,0.8959769367657842,27.586206896551722,25.43227280445064,29,17,138,0,1,passing
2024,13,00-0036972,Mac Jones,JAX,2.5946250000000006,4.7265,9.254375,-4.549029050394893,15.625,30.54549721317366,32,20,235,2,0,passing
2024,14,00-0036972,Mac Jones,JAX,2.7849999999999997,4.243043478260871,5.114000000000001,1.548601350476659,6.451612903225806,32.89128303973562,31,23,220,0,2,passing
2024,15,00-0036972,Mac Jones,JAX,2.635478260869565,2.859677419354838,6.109767441860464,-0.4182879691538517,10.869565217391305,30.306029103133916,46,31,294,2,2,passing
2024,16,00-0036972,Mac Jones,JAX,2.740076923076924,5.541199999999999,6.219428571428572,-4.870549646707687,7.6923076923076925,43.2516647078468,39,25,247,1,0,passing
2024,17,00-0036972,Mac Jones,JAX,2.3739090909090907,5.516666666666666,6.2957142857142845,7.164517866278224,13.636363636363635,41.64493006357437,22,15,174,2,0,passing
2024,18,00-0036972,Mac Jones,JAX,2.78871875,6.153499999999999,8.230967741935483,-4.349290300160646,15.625,42.84336121267799,32,20,225,1,1,passing
2024,18,00-0037012,Trey Lance,DAL,2.488,5.2405,8.195454545454547,-3.272777604048734,14.705882352941178,31.476678668499954,34,20,244,0,0,passing
2024,3,00-0037327,Skylar Thompson,MIA,2.6853684210526314,3.9707692307692293,5.027222222222223,-3.3527110752306584,5.263157894736842,26.887260924088196,19,13,107,0,0,passing
2024,1,00-0037834,Brock Purdy,SF,2.7355862068965515,8.618947368421054,9.482068965517241,1.9378764876003913,24.137931034482758,35.88580917298648,29,19,231,0,0,passing
2024,2,00-0037834,Brock Purdy,SF,3.0234166666666664,8.280357142857143,8.689444444444444,17.40651567363078,25,32.877209431458745,36,28,319,1,1,passing
2024,3,00-0037834,Brock Purdy,SF,3.390966666666667,10.816363636363635,11.094000000000001,8.365664084752396,20,40.44445697496753,30,22,292,3,0,passing
2024,4,00-0037834,Brock Purdy,SF,3.4735185185185182,13.419333333333334,14.50769230769231,5.594240949937593,29.629629629629626,52.41416793196283,27,15,288,1,1,passing
2024,5,00-0037834,Brock Purdy,SF,3.177828571428571,7.515263157894738,9.759375,-4.7120263214622256,22.857142857142858,35.61056725187061,35,19,244,1,2,passing
2024,6,00-0037834,Brock Purdy,SF,3.2948928571428575,6.602777777777779,6.811111111111114,1.2015194765159123,17.857142857142858,38.530955088084696,28,18,255,3,0,passing
2024,7,00-0037834,Brock Purdy,SF,2.629935483870968,7.755294117647059,9.509354838709676,-8.880823369949098,12.903225806451612,51.17918033732075,31,17,212,0,3,passing
2024,8,00-0037834,Brock Purdy,SF,2.984846153846154,6.142222222222222,7.571999999999998,-3.421374696951659,3.8461538461538463,37.295342872803836,26,18,260,1,0,passing
2024,10,00-0037834,Brock Purdy,SF,2.726657142857143,7.124,7.685588235294118,5.8779304640160674,13.88888888888889,32.30331561929828,36,25,353,2,0,passing
2024,11,00-0037834,Brock Purdy,SF,2.7469642857142853,5.270476190476191,5.827500000000001,9.719780726092196,25,30.815710279011906,28,21,159,1,1,passing
2024,13,00-0037834,Brock Purdy,SF,2.784176470588235,2.4163636363636347,5.00235294117647,-12.641836537255188,11.11111111111111,30.7321736946803,18,11,94,0,0,passing
2024,14,00-0037834,Brock Purdy,SF,2.868279999999999,8.489999999999998,9.771199999999999,11.23263931274414,12,45.22530486353851,25,20,325,2,0,passing
2024,15,00-0037834,Brock Purdy,SF,2.5783548387096777,4.838571428571429,11.056451612903226,-16.113859318917797,22.58064516129032,29.595141493157286,31,14,142,0,1,passing
2024,16,00-0037834,Brock Purdy,SF,2.8021315789473684,4.417692307692307,5.008648648648649,-3.8392143696546555,10,31.78730564234723,40,26,313,2,1,passing
2024,17,00-0037834,Brock Purdy,SF,2.837500000000001,7.953333333333331,8.916562499999998,11.988703150834368,14.285714285714285,49.8340465946726,35,27,377,3,2,passing
2024,16,00-0038102,Kenny Pickett,PHI,2.9498333333333338,8.052142857142858,8.710909090909093,-2.688581869006157,8.333333333333332,51.671100239882634,24,14,143,1,1,passing
2024,17,00-0038102,Kenny Pickett,PHI,2.899,11.690000000000001,9.808571428571428,11.889467835426323,20,51.9751142374887,15,10,143,1,0,passing
2024,18,00-0038108,Bailey Zappe,CLE,2.7205806451612906,3.66875,7.147666666666666,-13.33405779254052,29.03225806451613,26.49749044721028,31,16,170,1,2,passing
2024,9,00-0038122,Desmond Ridder,LV,2.4083125,4.828181818181818,5.444999999999999,8.046894334256649,12.5,29.28509006303378,16,11,74,1,0,passing
2024,14,00-0038122,Desmond Ridder,LV,2.502166666666666,4.166666666666666,5.792777777777778,-6.389835311306854,11.11111111111111,25.200972203468663,18,12,101,0,0,passing
2024,15,00-0038122,Desmond Ridder,LV,2.931552631578947,4.824347826086956,10.013888888888888,-0.20781067701486222,7.6923076923076925,34.48616099249089,39,23,208,1,2,passing
2024,3,00-0038128,Malik Willis,GB,2.2503157894736843,3.701538461538462,6.185789473684211,-2.2384580028684553,15.789473684210526,42.3300188991217,19,13,202,1,0,passing
2024,18,00-0038400,Tanner McKee,PHI,2.6342682926829273,5.500370370370371,6.473414634146341,-2.4649063988429702,14.634146341463413,33.52702342887003,41,27,269,2,0,passing
2024,12,00-0038476,Tommy DeVito,NYG,2.676451612903225,4.437619047619047,6.199999999999999,0.2934613295139741,6.451612903225806,26.456159963229737,31,21,189,0,0,passing
2024,5,00-0038579,Aidan O'Connell,LV,3.31275,6.258,9.283157894736844,-1.562742106616497,30,29.330102284172145,20,10,94,0,1,passing
2024,6,00-0038579,Aidan O'Connell,LV,2.8127249999999995,2.727407407407408,4.479729729729729,-0.9293098747730255,12.5,39.93204227183979,40,27,227,1,1,passing
2024,13,00-0038579,Aidan O'Connell,LV,2.9416176470588233,7.638260869565218,7.79,3.015900594847537,25.71428571428571,50.386824666771766,35,23,340,2,0,passing
2024,14,00-0038579,Aidan O'Connell,LV,2.7976315789473687,5.201818181818182,8.987647058823528,1.6863253555799744,26.31578947368421,31.542588669923713,19,11,104,0,1,passing
2024,16,00-0038579,Aidan O'Connell,LV,3.007657894736842,3.763333333333333,6.13972972972973,-2.5908761902859325,18.421052631578945,43.833326362483604,38,24,257,0,0,passing
2024,17,00-0038579,Aidan O'Connell,LV,3.001371428571429,8.165000000000001,10.141428571428573,-2.5699883912290815,20,41.678380486770365,35,20,242,2,0,passing
2024,18,00-0038579,Aidan O'Connell,LV,2.662823529411764,6.861666666666667,9.186363636363636,10.730424041257194,26.47058823529412,39.9511351528339,34,24,214,2,1,passing
2024,7,00-0038583,Dorian Thompson-Robinson,CLE,2.4638333333333335,2.986363636363636,5.1194999999999995,-19.57204292217891,0,28.732011763884547,24,11,82,0,2,passing
2024,16,00-0038583,Dorian Thompson-Robinson,CLE,3.0776176470588226,1.8275000000000017,4.636129032258065,-9.980189624954676,2.941176470588235,31.303255421760852,34,20,157,0,2,passing
2024,17,00-0038583,Dorian Thompson-Robinson,CLE,2.569170212765957,3.728333333333333,4.743720930232558,-13.591834205262202,8.51063829787234,31.948214347596956,47,24,170,0,1,passing
2024,8,00-0038998,Jake Haener,NO,2.5532352941176466,9.42888888888889,9.877058823529413,-3.25118613374584,11.76470588235294,42.183552481980456,17,9,122,0,0,passing
2024,1,00-0039150,Bryce Young,CAR,3.0564000000000004,8.750769230769233,11.415000000000001,-16.939910178383187,10,35.38808415272011,30,13,161,0,2,passing
2024,2,00-0039150,Bryce Young,CAR,2.2534615384615386,1.2283333333333328,3.039230769230769,0.13332544611049002,30.76923076923077,23.417311972128655,26,18,84,0,1,passing
2024,8,00-0039150,Bryce Young,CAR,2.5724054054054055,4.721666666666667,8.365294117647059,6.6057104013256165,16.216216216216218,46.52413782113539,37,24,224,2,2,passing
2024,9,00-0039150,Bryce Young,CAR,2.7874999999999996,4.39625,7.923750000000001,3.903831111697052,23.076923076923077,34.555106713769526,26,16,171,1,1,passing
2024,10,00-0039150,Bryce Young,CAR,2.58988,5.722,7.027200000000001,-4.265647113323212,28.000000000000004,33.67773893835511,25,15,126,1,0,passing
2024,12,00-0039150,Bryce Young,CAR,2.6646857142857145,7.36047619047619,9.74969696969697,5.666397660970695,34.285714285714285,39.051752841581894,35,21,263,1,0,passing
2024,13,00-0039150,Bryce Young,CAR,2.7326521739130434,6.7530769230769225,9.760243902439026,0.698678616596311,13.043478260869565,39.68598367182045,46,26,298,1,0,passing
2024,14,00-0039150,Bryce Young,CAR,3.19135294117647,7.363157894736841,10.56333333333333,-1.4744396157124413,17.647058823529413,37.68271354348038,34,19,191,1,1,passing
2024,15,00-0039150,Bryce Young,CAR,2.8827500000000006,4.809473684210527,7.943333333333334,4.802762903273106,17.857142857142858,38.18756996720269,28,19,219,1,2,passing
2024,16,00-0039150,Bryce Young,CAR,2.5523076923076924,5.777647058823527,7.026666666666666,6.531612431773773,19.230769230769234,36.14840522070095,26,17,158,2,0,passing
2024,17,00-0039150,Bryce Young,CAR,3.0744285714285717,12.498666666666669,13.881818181818181,9.605528680341585,17.857142857142858,48.934292679060974,28,15,203,2,0,passing
2024,18,00-0039150,Bryce Young,CAR,2.9392352941176476,5.718000000000001,8.159411764705885,2.413445119472115,14.705882352941178,37.0693215476086,34,25,251,3,0,passing
2024,1,00-0039152,Will Levis,TEN,2.69690625,4.256842105263158,7.686785714285714,2.6347192004323006,21.875,38.900073264712496,32,19,127,1,2,passing
2024,2,00-0039152,Will Levis,TEN,2.927678571428572,5.0894736842105255,10.242962962962963,11.769193224608898,25,51.56926604092791,28,19,192,1,1,passing
2024,3,00-0039152,Will Levis,TEN,2.6768823529411763,4.719999999999999,6.6241176470588226,-0.39738662102644184,5.88235294117647,32.54562950689386,34,26,260,2,2,passing
2024,6,00-0039152,Will Levis,TEN,2.2257037037037035,4.018750000000002,9.07851851851852,-6.345980034934158,29.629629629629626,33.29663196180658,27,16,95,1,1,passing
2024,10,00-0039152,Will Levis,TEN,2.5289130434782607,5.728888888888887,7.924347826086956,11.325418106887653,13.043478260869565,44.9060975815089,23,18,175,2,0,passing
2024,11,00-0039152,Will Levis,TEN,2.761387096774194,8.884117647058824,9.979310344827589,-6.882336783793676,12.903225806451612,49.27326354119443,31,17,295,1,1,passing
2024,12,00-0039152,Will Levis,TEN,2.4860416666666665,6.947222222222224,7.611666666666667,-1.5498355031013489,0,54.80265048334798,24,18,278,2,1,passing
2024,13,00-0039152,Will Levis,TEN,2.8624594594594597,7.924999999999999,11.123333333333335,-12.223733438027871,18.91891891891892,45.80854505438914,37,18,212,2,0,passing
2024,14,00-0039152,Will Levis,TEN,2.9592187500000002,2.9710526315789467,5.4625,-5.362968146800995,34.375,30.660634370475766,32,19,168,0,0,passing
2024,18,00-0039152,Will Levis,TEN,2.5588823529411764,13.13222222222222,14.511176470588234,-6.257986145861004,29.411764705882355,54.25789251343991,17,9,175,1,0,passing
2024,1,00-0039163,C.J. Stroud,HOU,3.0760303030303033,6.100833333333334,8.093548387096776,12.617395911365747,25,59.83259980980267,32,24,234,2,0,passing
2024,2,00-0039163,C.J. Stroud,HOU,2.882666666666667,5.283043478260869,7.189411764705881,-4.321760435899094,5.555555555555555,32.18201361008971,36,23,260,1,0,passing
2024,3,00-0039163,C.J. Stroud,HOU,2.4951935483870966,5.068500000000001,6.958,-3.199016663335982,12.903225806451612,42.643557543901046,31,20,215,1,2,passing
2024,4,00-0039163,C.J. Stroud,HOU,2.974425,6.902592592592593,7.871025641025642,0.31973883509635925,17.5,32.967987503030884,40,27,345,2,0,passing
2024,5,00-0039163,C.J. Stroud,HOU,2.738684210526316,4.9453571428571435,5.578285714285715,4.489045472521525,2.631578947368421,59.107316805958966,38,28,331,1,1,passing
2024,6,00-0039163,C.J. Stroud,HOU,2.828032258064516,6.961499999999999,8.70566666666667,0.379019687252665,12.903225806451612,36.61414207652556,31,20,192,3,1,passing
2024,7,00-0039163,C.J. Stroud,HOU,3.252095238095238,3.753999999999999,7.5931578947368426,-6.916568605672751,19.047619047619047,29.247393046218665,21,10,86,0,0,passing
2024,8,00-0039163,C.J. Stroud,HOU,3.0375405405405402,6.9148000000000005,8.311944444444444,8.503605405221116,16.216216216216218,39.42786958485077,37,25,285,1,0,passing
2024,9,00-0039163,C.J. Stroud,HOU,3.632133333333334,11.151818181818182,14.842500000000001,-13.86100878318151,20,53.58373820479493,30,11,191,0,0,passing
2024,10,00-0039163,C.J. Stroud,HOU,2.9307575757575757,6.001052631578946,8.352187500000001,-2.471310396989182,15.151515151515152,29.665254086220127,33,19,232,1,2,passing
2024,11,00-0039163,C.J. Stroud,HOU,2.5666470588235297,4.116086956521738,5.293939393939393,-4.278457559206899,14.705882352941178,33.58274854743131,34,23,257,0,1,passing
2024,12,00-0039163,C.J. Stroud,HOU,3.0114545454545456,8.245,9.108064516129033,4.741096203074314,15.151515151515152,53.85434058643741,33,20,247,2,2,passing
2024,13,00-0039163,C.J. Stroud,HOU,2.9645,5.687272727272727,8.355151515151515,0.030133873224258423,26.47058823529412,34.630768111608496,34,22,242,1,0,passing
2024,15,00-0039163,C.J. Stroud,HOU,3.2100769230769233,5.252777777777777,7.8256000000000006,2.422958153944734,3.8461538461538463,28.744293346680138,26,18,131,2,0,passing
2024,16,00-0039163,C.J. Stroud,HOU,3.1789999999999994,6.362608695652173,10.771842105263156,2.694781406376613,15.384615384615385,52.03078415707378,39,23,244,2,2,passing
2024,17,00-0039163,C.J. Stroud,HOU,3.1045161290322576,6.9117647058823515,9.668333333333333,-4.6739677748372515,25.806451612903224,41.145742185553054,31,17,185,0,1,passing
2024,1,00-0039164,Anthony Richardson,IND,2.8567894736842105,17.305555555555557,16.487894736842104,-4.3208623501030985,26.31578947368421,65.25772368080271,19,9,212,2,1,passing
2024,2,00-0039164,Anthony Richardson,IND,3.235606060606061,7.639411764705883,12.033437500000002,-12.215409121092627,11.76470588235294,40.323633268841235,34,17,204,1,3,passing
2024,3,00-0039164,Anthony Richardson,IND,2.6243500000000006,6.5200000000000005,9.408888888888889,-16.295421570539474,0,50.09614156798905,20,10,167,0,2,passing
2024,7,00-0039164,Anthony Richardson,IND,3.0213749999999995,7.366,10.862272727272726,-14.079151302576058,12.5,34.43578661799379,24,10,129,0,0,passing
2024,8,00-0039164,Anthony Richardson,IND,3.006225806451613,8.223000000000003,16.056129032258063,-15.969084901735187,40.625,41.35894703688672,32,10,175,1,1,passing
2024,11,00-0039164,Anthony Richardson,IND,2.9097333333333335,8.651499999999999,8.972142857142856,1.8727276722590034,3.3333333333333335,42.31605487282575,30,20,272,1,0,passing
2024,12,00-0039164,Anthony Richardson,IND,2.859785714285714,8.494545454545454,13.418000000000001,-12.639345681028708,10.714285714285714,49.22279654794107,28,11,172,0,0,passing
2024,13,00-0039164,Anthony Richardson,IND,2.9877499999999997,5.341666666666668,15.373333333333335,-9.586898361643158,29.166666666666668,29.62175214264004,24,12,109,2,2,passing
2024,15,00-0039164,Anthony Richardson,IND,3.1435263157894737,4.315294117647058,8.703611111111108,-17.135798519379215,13.157894736842104,29.643064956242295,38,17,172,0,2,passing
2024,6,00-0039376,Spencer Rattler,NO,2.8286500000000006,6.16090909090909,7.539999999999998,-12.962138857692473,12.5,33.86899762319517,40,22,243,1,2,passing
2024,7,00-0039376,Spencer Rattler,NO,2.6762,3.2239999999999998,6.792857142857143,-0.898668063538409,5.714285714285714,30.362098082971805,35,25,172,0,0,passing
2024,8,00-0039376,Spencer Rattler,NO,2.705041666666667,5.913333333333334,6.7485,-14.31129810710749,4.166666666666666,29.871365887752773,24,12,156,0,0,passing
2024,15,00-0039376,Spencer Rattler,NO,2.8235499999999996,9.187,10.39894736842105,-10.04998517178354,4.761904761904762,41.1014987561281,21,10,135,1,0,passing
2024,16,00-0039376,Spencer Rattler,NO,3.0206,5.611999999999998,7.98551724137931,-15.309462447961181,10,36.25882651162335,30,15,153,0,1,passing
2024,17,00-0039376,Spencer Rattler,NO,2.8565,5.245,7.338823529411766,-14.222815467251678,5.555555555555555,51.34738357501773,36,20,218,1,2,passing
2024,18,00-0039376,Spencer Rattler,NO,2.8072619047619045,3.876153846153845,8.275128205128206,-2.3248013108968806,14.285714285714285,28.227442321258934,42,26,240,1,0,passing
2024,18,00-0039398,Joe Milton III,NE,3.63148275862069,7.845909090909092,10.518888888888888,22.494634831773823,24.137931034482758,36.16303361168695,29,22,241,1,0,passing
2024,1,00-0039732,Bo Nix,DEN,2.8422619047619047,2.500384615384615,6.1083333333333325,-6.99457279628232,19.047619047619047,41.766180098256534,42,26,138,0,2,passing
2024,2,00-0039732,Bo Nix,DEN,2.7927142857142857,5.628,9.272647058823528,-7.125730471951613,17.142857142857142,54.52446881905407,35,20,246,0,2,passing
2024,3,00-0039732,Bo Nix,DEN,2.5738333333333334,4.642,6.865882352941177,4.272974944776948,16.666666666666664,35.119160012733786,36,25,216,0,0,passing
2024,4,00-0039732,Bo Nix,DEN,3.00428,2.6650000000000005,8.9092,-19.547568321228027,16,37.48360708363057,25,12,60,1,0,passing
2024,5,00-0039732,Bo Nix,DEN,2.8341538461538462,3.257894736842106,5.71346153846154,-3.3941011737894087,11.11111111111111,39.36820163533,27,19,206,2,0,passing
2024,6,00-0039732,Bo Nix,DEN,3.778545454545454,8.514736842105263,10.71,-2.8069219918865116,15.151515151515152,40.354064231499656,33,19,216,2,1,passing
2024,7,00-0039732,Bo Nix,DEN,3.3440000000000003,3.270000000000001,6.6175999999999995,-13.975578661148354,3.8461538461538463,31.10890065560016,26,16,164,0,0,passing
2024,8,00-0039732,Bo Nix,DEN,2.979405405405405,6.434642857142857,10.71111111111111,7.031300019573521,5.405405405405405,34.47715185452534,37,28,284,3,0,passing
2024,9,00-0039732,Bo Nix,DEN,3.5202727272727277,6.511578947368421,8.9165625,-7.8280279582196926,15.151515151515152,38.15399585888745,33,19,223,0,1,passing
2024,10,00-0039732,Bo Nix,DEN,2.6449,4.322727272727271,7.222142857142856,5.41078795989354,6.666666666666667,43.0928683194795,30,22,215,2,0,passing
2024,11,00-0039732,Bo Nix,DEN,2.839878787878788,3.3514285714285705,3.635,7.277091705437854,12.121212121212121,30.85359784530809,33,28,307,4,0,passing
2024,12,00-0039732,Bo Nix,DEN,2.6774047619047616,6.31,7.288974358974358,-6.202888133979975,14.285714285714285,41.19318875736618,42,25,273,2,0,passing
2024,13,00-0039732,Bo Nix,DEN,2.8989142857142856,7.3661111111111115,12.45548387096774,-5.134778134524829,22.857142857142858,44.30920897511036,35,18,294,1,2,passing
2024,15,00-0039732,Bo Nix,DEN,2.6843636363636363,1.2440000000000004,5.582812499999999,-13.154327598485082,9.090909090909092,38.96657542048057,33,20,130,3,3,passing
2024,16,00-0039732,Bo Nix,DEN,2.78325,1.132068965517241,3.3338461538461526,-3.6368851363658905,12.5,25.44089817596855,40,29,263,2,0,passing
2024,17,00-0039732,Bo Nix,DEN,2.595838709677419,5.402499999999999,7.589032258064516,7.40517786433621,6.451612903225806,66.95446213658953,31,24,219,3,1,passing
2024,18,00-0039732,Bo Nix,DEN,2.7931379310344835,4.5492307692307685,5.246896551724138,14.872012569986538,13.793103448275861,54.334499169496354,29,26,321,4,0,passing
2024,6,00-0039851,Drake Maye,NE,2.9768181818181816,5.078999999999999,6.530967741935483,-1.752715941631429,18.181818181818183,51.708732337971696,33,20,243,3,2,passing
2024,7,00-0039851,Drake Maye,NE,2.78,4.5757692307692315,7.415555555555558,2.8626615533957676,16.216216216216218,42.173718119226805,37,26,276,2,0,passing
2024,9,00-0039851,Drake Maye,NE,2.8367750000000003,2.42103448275862,7.1212820512820505,3.8894993139476384,9.75609756097561,29.840388737414266,41,29,206,1,2,passing
2024,10,00-0039851,Drake Maye,NE,3.4373199999999997,5.603333333333333,9.519130434782607,-0.5475331842899394,16,39.568967638794916,25,15,184,1,1,passing
2024,11,00-0039851,Drake Maye,NE,2.582076923076923,4.1241379310344835,5.801891891891893,10.871884188590911,20.51282051282051,31.941477736635797,39,29,282,2,1,passing
2024,12,00-0039851,Drake Maye,NE,2.7981621621621624,5.258636363636364,8.053333333333335,-9.036364668124428,5.405405405405405,49.153663139180175,37,22,222,1,1,passing
2024,13,00-0039851,Drake Maye,NE,2.4133,5.524583333333333,6.298333333333334,8.874387914935753,16.666666666666664,28.834002497051983,30,24,238,1,1,passing
2024,15,00-0039851,Drake Maye,NE,2.631608695652174,3.159473684210527,6.583043478260871,10.171828840089873,13.043478260869565,45.34659965201361,23,19,202,1,1,passing
2024,16,00-0039851,Drake Maye,NE,2.6401666666666666,5.728636363636364,7.776129032258066,8.249039430585178,13.88888888888889,40.895932560586026,36,22,261,2,1,passing
2024,17,00-0039851,Drake Maye,NE,2.3469545454545457,8.213333333333333,9.395714285714288,-4.310688511891804,18.181818181818183,47.17431504537188,22,12,117,1,0,passing
2024,1,00-0039910,Jayden Daniels,WAS,2.345708333333333,1.5847058823529399,5.1862499999999985,-4.673515174848319,8.333333333333332,33.91821929288152,24,17,184,0,0,passing
2024,2,00-0039910,Jayden Daniels,WAS,2.3256896551724138,3.1626086956521733,4.307241379310344,6.81780815638345,13.793103448275861,34.36000582072127,29,23,226,0,0,passing
2024,3,00-0039910,Jayden Daniels,WAS,2.649739130434783,7.427619047619046,9.216956521739128,20.799344664682508,8.695652173913043,58.92848632028485,23,21,254,2,0,passing
2024,4,00-0039910,Jayden Daniels,WAS,2.755833333333334,4.591923076923076,5.973333333333334,11.774977445602417,13.333333333333334,29.628786677823985,30,26,233,1,1,passing
2024,5,00-0039910,Jayden Daniels,WAS,2.5556799999999997,10.665714285714287,12.104800000000001,-4.972254052758203,20,56.62637989488645,25,14,238,1,1,passing
2024,6,00-0039910,Jayden Daniels,WAS,2.8445714285714288,7.36,8.217878787878787,7.767425307205741,28.57142857142857,33.25300738279171,35,24,269,2,0,passing
2024,8,00-0039910,Jayden Daniels,WAS,3.391078947368421,10.704285714285716,12.403823529411765,-1.9512601000697956,15.789473684210526,65.91713737716466,38,21,326,1,0,passing
2024,9,00-0039910,Jayden Daniels,WAS,2.967,6.739333333333334,6.3715789473684215,5.275277251547024,18.181818181818183,38.37378923171388,22,15,209,2,0,passing
2024,10,00-0039910,Jayden Daniels,WAS,2.535323529411765,6.391176470588237,7.7396875000000005,-14.01403366642839,20.588235294117645,43.31785890369006,34,17,202,0,0,passing
2024,11,00-0039910,Jayden Daniels,WAS,2.611281249999999,1.8000000000000005,3.6025,-12.458212114870548,6.25,28.03368331133103,32,22,191,1,1,passing
2024,12,00-0039910,Jayden Daniels,WAS,2.7079459459459456,6.3504,9.711428571428572,5.381704357109577,18.421052631578945,38.03232835365197,38,25,275,2,2,passing
2024,13,00-0039910,Jayden Daniels,WAS,2.5631999999999997,3.4764,5.597333333333334,8.087628881136581,13.333333333333334,30.356686248666865,30,25,206,3,1,passing
2024,15,00-0039910,Jayden Daniels,WAS,2.747548387096774,5.266400000000001,9.070645161290324,9.418973915519246,6.451612903225806,32.88006082719434,31,25,226,2,0,passing
2024,16,00-0039910,Jayden Daniels,WAS,2.6086052631578944,6.1525,7.6072222222222194,-5.673059744712624,7.6923076923076925,51.980701226512906,39,24,258,5,2,passing
2024,17,00-0039910,Jayden Daniels,WAS,2.619805555555556,4.173333333333334,6.90257142857143,-2.431215925349136,13.88888888888889,25.285143859586796,36,24,227,3,1,passing
2024,16,00-0039917,Michael Penix Jr.,ATL,2.4660740740740743,5.437777777777779,5.951153846153847,1.1899594907407334,14.814814814814813,34.70827278906284,27,18,202,0,1,passing
2024,17,00-0039917,Michael Penix Jr.,ATL,2.8519714285714293,7.132631578947369,12.550285714285714,-11.247608746801099,11.428571428571429,39.94924905426885,35,19,223,1,1,passing
2024,18,00-0039917,Michael Penix Jr.,ATL,2.6849736842105254,11.22857142857143,11.452432432432433,-6.2068614324456775,15.789473684210526,49.22855776883982,38,21,312,2,1,passing
2024,1,00-0039918,Caleb Williams,CHI,2.7091379310344825,2.6835714285714274,7.776896551724137,-16.11627798912854,10.344827586206897,26.991081860496067,29,14,93,0,0,passing
2024,2,00-0039918,Caleb Williams,CHI,2.5922162162162166,1.8282608695652176,6.942647058823528,-3.6795130452594265,10.81081081081081,36.10666005046714,37,23,174,0,2,passing
2024,3,00-0039918,Caleb Williams,CHI,2.8212941176470587,7.03181818181818,10.185833333333333,0.5787878798750654,11.538461538461538,57.29503294352836,52,33,363,2,2,passing
2024,4,00-0039918,Caleb Williams,CHI,2.9814347826086958,3.578823529411766,7.644090909090909,10.900962223177366,8.695652173913043,25.632857819603345,23,17,157,1,0,passing
2024,5,00-0039918,Caleb Williams,CHI,2.9371034482758622,6.065,7.597857142857143,-2.24980501265361,10.344827586206897,41.935256050249656,29,20,304,2,0,passing
2024,6,00-0039918,Caleb Williams,CHI,2.8301379310344825,3.5434782608695654,4.484615384615385,12.57036831872216,10.344827586206897,28.661488098143128,29,23,226,4,1,passing
2024,8,00-0039918,Caleb Williams,CHI,3.1939583333333332,8.203,13.317142857142859,-8.80026087009658,20.833333333333336,42.376886388690714,24,10,131,0,0,passing
2024,9,00-0039918,Caleb Williams,CHI,3.3043414634146338,5.325,9.748888888888887,-4.998052665373173,9.75609756097561,45.31882611012779,41,22,217,0,0,passing
2024,10,00-0039918,Caleb Williams,CHI,2.7875,4.219374999999999,6.309615384615383,-6.880593101183571,13.333333333333334,29.125392701215205,30,16,120,0,0,passing
2024,11,00-0039918,Caleb Williams,CHI,2.423354838709677,4.6039130434782605,6.6177419354838705,3.55501367199804,12.903225806451612,33.33789735421236,31,23,231,0,0,passing
2024,12,00-0039918,Caleb Williams,CHI,2.4233695652173917,4.619375,6.773043478260871,-3.5329211265482883,10.638297872340425,34.9949739248367,47,32,340,2,0,passing
2024,13,00-0039918,Caleb Williams,CHI,3.409447368421052,7.545000000000002,11.34611111111111,-6.13393305968016,20.51282051282051,41.746335168491136,39,20,256,3,0,passing
2024,14,00-0039918,Caleb Williams,CHI,2.8602173913043485,4.263529411764705,6.112608695652173,0.5909925569658583,8.695652173913043,34.41741419688585,23,17,134,2,0,passing
2024,15,00-0039918,Caleb Williams,CHI,3.27858064516129,4.203888888888889,8.167,-4.539772387473803,12.903225806451612,38.64076215604449,31,18,191,1,0,passing
2024,16,00-0039918,Caleb Williams,CHI,3.172625,6.116923076923077,9.302432432432433,3.7274157255887985,20,42.08129750851321,40,26,334,2,0,passing
2024,17,00-0039918,Caleb Williams,CHI,2.834178571428571,0.9643749999999995,6.360384615384616,-6.048741564154625,3.571428571428571,29.989131364546054,28,16,122,0,1,passing
2024,18,00-0039918,Caleb Williams,CHI,3.1870000000000003,1.9838095238095244,1.9282608695652177,10.859674729149909,6.896551724137931,28.094928367945695,29,21,148,1,0,passing
