"","player_name","season","team","games","total_attempts","total_completions","total_passing_yards","total_passing_tds","total_interceptions","completion_pct","yards_per_attempt","yards_per_game","total_passing_epa","pass_epa_per_att","avg_cpoe","td_pct","int_pct","total_sacks","sack_rate","avg_time_to_throw","total_carries","total_rushing_yards","total_rushing_tds","rushing_yards_per_carry","total_fantasy_points","fantasy_points_per_game"
"1","A.Brown",2022,"BAL",2,49,22,302,0,2,44.8979591836735,6.16326530612245,151,-16.465219842052,-0.336024894735755,-14.2438900741664,0,4.08163265306122,5,9.25925925925926,2.68621428571429,3,-5,0,-1.66666666666667,5.58,2.79
"2","A.Dalton",2022,"NO",14,378,252,2871,18,9,66.6666666666667,7.5952380952381,205.071428571429,17.9905970400699,0.0475941720636771,0.99973051596552,4.76190476190476,2.38095238095238,25,6.20347394540943,2.62735532081644,30,54,0,1.8,174.24,12.4457142857143
"3","A.Dalton",2023,"CAR",2,58,34,361,2,0,58.6206896551724,6.22413793103448,180.5,4.54832959122722,0.0784194757108141,-6.06630519032479,3.44827586206897,0,3,4.91803278688525,2.49910344827586,3,12,0,4,23.64,11.82
"4","A.Dalton",2024,"CAR",6,160,106,989,7,6,66.25,6.18125,164.833333333333,-18.0958913262782,-0.113099320789238,-1.42544916543706,4.375,3.75,7,4.19161676646707,2.58178751981305,11,34,0,3.09090909090909,58.96,9.82666666666667
"5","A.McCarron",2023,"CIN",2,5,4,19,0,0,80,3.8,9.5,-5.25107204460073,-1.05021440892015,NA,0,0,1,16.6666666666667,NA,0,0,0,NA,0.76,0.38
"6","A.O'Connell",2023,"LV",11,343,213,2218,12,7,62.0991253644315,6.466472303207,201.636363636364,-16.8526077894484,-0.0491329673161762,-2.9730132543951,3.49854227405248,2.04081632653061,24,6.53950953678474,2.79536294295078,17,11,1,0.647058823529412,125.82,11.4381818181818
"7","A.O'Connell",2024,"LV",9,243,154,1612,8,4,63.3744855967078,6.63374485596708,179.111111111111,4.30266368198077,0.0177064349052707,1.11139048982574,3.29218106995885,1.64609053497942,10,3.95256916996047,2.93379672553232,21,30,1,1.42857142857143,93.48,10.3866666666667
"8","A.Richardson",2023,"IND",4,84,50,577,3,1,59.5238095238095,6.86904761904762,144.25,4.58779128707211,0.0546165629413347,-10.0473310166114,3.57142857142857,1.19047619047619,7,7.69230769230769,2.78650918918919,25,136,4,5.44,72.68,18.17
"9","A.Richardson",2024,"IND",11,264,126,1814,8,12,47.7272727272727,6.87121212121212,164.909090909091,-38.2182161869027,-0.144765970404934,-11.1521382373154,3.03030303030303,4.54545454545455,14,5.03597122302158,2.96057130046116,86,499,6,5.80232558139535,162.36,14.76
"10","A.Rodgers",2022,"GB",17,542,350,3695,26,12,64.5756457564576,6.81734317343173,217.352941176471,-6.30994553598328,-0.0116419659335485,-1.1740499841215,4.7970479704797,2.2140221402214,32,5.57491289198606,2.70133205279574,34,94,1,2.76470588235294,239.2,14.0705882352941
"11","A.Rodgers",2023,"NYJ",1,1,0,0,0,0,0,0,0,-2.03195988433436,-2.03195988433436,NA,0,0,1,50,NA,0,0,0,NA,0,0
"12","A.Rodgers",2024,"NYJ",17,584,368,3897,28,11,63.013698630137,6.67294520547945,229.235294117647,10.1309934533945,0.0173475915297851,-4.75497559603978,4.7945205479452,1.88356164383562,40,6.41025641025641,2.68949773104497,22,107,0,4.86363636363636,256.58,15.0929411764706
"13","B.Allen",2022,"CIN",1,3,3,22,0,0,100,7.33333333333333,22,-0.688253925150088,-0.229417975050029,NA,0,0,1,25,NA,3,-1,0,-0.333333333333333,0.78,0.78
"14","B.Allen",2024,"SF",3,30,17,199,1,2,56.6666666666667,6.63333333333333,66.3333333333333,-12.3541775473619,-0.411805918245395,-6.45551393771994,3.33333333333333,6.66666666666667,2,6.25,2.80158620689655,3,4,0,1.33333333333333,6.36,2.12
"15","B.Gabbert",2022,"TB",1,8,6,29,1,0,75,3.625,29,0.21524419792695,0.0269055247408687,NA,12.5,0,0,0,NA,0,0,0,NA,5.16,5.16
"16","B.Gabbert",2023,"KC",2,35,18,185,0,3,51.4285714285714,5.28571428571429,92.5,-16.1432871051638,-0.461236774433251,-15.3005192304651,0,8.57142857142857,1,2.77777777777778,2.31926666666667,7,45,0,6.42857142857143,5.9,2.95
"17","B.Hoyer",2022,"NE",1,6,5,37,0,0,83.3333333333333,6.16666666666667,37,-2.12652387350423,-0.354420645584038,NA,0,0,1,14.2857142857143,NA,0,0,0,NA,1.48,1.48
"18","B.Hoyer",2023,"LV",2,42,23,231,0,2,54.7619047619048,5.5,115.5,-8.7807727533644,-0.209066017937248,-13.837138004601,0,4.76190476190476,1,2.32558139534884,2.3856875,3,-3,0,-1,4.94,2.47
"19","B.Mayfield",2022,"CAR",7,206,119,1313,6,6,57.7669902912621,6.37378640776699,187.571428571429,-39.7311944476282,-0.19286987595936,-8.44290281412143,2.9126213592233,2.9126213592233,19,8.44444444444444,2.72101729130384,16,52,1,3.25,73.72,10.5314285714286
"20","B.Mayfield",2022,"LA",5,129,82,850,4,2,63.5658914728682,6.5891472868217,170,-10.6105027354793,-0.082251959189762,-5.31407165897647,3.10077519379845,1.55038759689922,17,11.6438356164384,3.01486139557037,15,37,0,2.46666666666667,47.7,9.54
"21","B.Mayfield",2023,"TB",19,643,412,4730,34,12,64.0746500777605,7.35614307931571,248.947368421053,67.0006020913845,0.104200003252542,-0.267781366062397,5.28771384136858,1.86625194401244,48,6.94645441389291,2.69309376322941,66,194,1,2.93939393939394,324.6,17.0842105263158
"22","B.Mayfield",2024,"TB",18,588,422,4685,43,16,71.7687074829932,7.96768707482993,260.277777777778,129.728743696801,0.220627115130614,1.92467050857598,7.31292517006803,2.72108843537415,41,6.51828298887122,2.69907159886959,67,401,3,5.98507462686567,381.5,21.1944444444444
"23","B.Nix",2024,"DEN",18,589,389,3919,30,12,66.044142614601,6.65365025466893,217.722222222222,27.9505123411755,0.0474541805452895,-2.83237944895038,5.09337860780985,2.03735144312394,26,4.22764227642276,2.91971568569376,96,473,4,4.92708333333333,330.26,18.3477777777778
"24","B.Perkins",2022,"LA",5,34,19,161,1,2,55.8823529411765,4.73529411764706,32.2,-18.6509313210441,-0.54855680356012,-13.6154894595561,2.94117647058824,5.88235294117647,6,15,3.45147826086957,19,90,0,4.73684210526316,15.44,3.088
"25","B.Purdy",2022,"SF",12,233,155,1943,16,4,66.5236051502146,8.33905579399142,161.916666666667,56.8403922309685,0.243950181248792,-0.147950642674614,6.86695278969957,1.71673819742489,15,6.04838709677419,2.92762239297282,29,37,2,1.27586206896552,149.42,12.4516666666667
"26","B.Purdy",2023,"SF",19,552,374,5054,34,12,67.7536231884058,9.15579710144928,266,163.738045377576,0.296626893799956,2.42933084838534,6.15942028985507,2.17391304347826,32,5.47945205479452,2.87372626008517,53,218,2,4.11320754716981,343.96,18.1031578947368
"27","B.Purdy",2024,"SF",15,455,300,3864,20,12,65.9340659340659,8.49230769230769,257.6,78.7296737079858,0.173032249907661,1.58104904746221,4.3956043956044,2.63736263736264,31,6.37860082304527,2.93700369612358,66,323,5,4.89393939393939,266.86,17.7906666666667
"28","B.Rypien",2022,"DEN",4,88,53,483,2,4,60.2272727272727,5.48863636363636,120.75,-29.22884806378,-0.332146000724773,0.805955981979011,2.27272727272727,4.54545454545455,8,8.33333333333333,2.70803177257525,6,7,0,1.16666666666667,18.02,4.505
"29","B.Rypien",2023,"LA",2,38,18,172,0,1,47.3684210526316,4.52631578947368,86,-19.7252915074134,-0.519086618616143,-14.1700062368597,0,2.63157894736842,2,5,2.90839285714286,3,19,0,6.33333333333333,6.78,3.39
"30","B.Young",2023,"CAR",16,527,315,2877,11,10,59.7722960151803,5.45920303605313,179.8125,-160.326441874737,-0.304224747390393,-1.76936992216816,2.08728652751423,1.89753320683112,62,10.5263157894737,2.89337505070833,39,253,0,6.48717948717949,156.38,9.77375
"31","B.Young",2024,"CAR",14,384,234,2403,15,9,60.9375,6.2578125,171.642857142857,-24.9195987047798,-0.0648947882936975,1.47344128867849,3.90625,2.34375,29,7.02179176755448,2.77475494425801,43,249,6,5.7906976744186,195.02,13.93
"32","B.Zappe",2022,"NE",4,92,65,781,5,3,70.6521739130435,8.48913043478261,195.25,7.68501790863156,0.0835328033546909,-1.44612892737424,5.43478260869565,3.26086956521739,6,6.12244897959184,2.88646527883881,10,0,0,0,38.64,9.66
"33","B.Zappe",2023,"NE",10,212,127,1272,6,9,59.9056603773585,6,127.2,-81.795452715474,-0.385827607148462,-0.21876757492238,2.83018867924528,4.24528301886792,25,10.5485232067511,2.77316370204616,17,83,1,4.88235294117647,69.18,6.918
"34","B.Zappe",2024,"CLE",1,31,16,170,1,2,51.6129032258064,5.48387096774194,170,-16.8488054084006,-0.54350985188389,-13.3340577925405,3.2258064516129,6.45161290322581,1,3.125,2.72058064516129,2,2,0,1,7,7
"35","C.Beathard",2022,"JAX",4,11,7,35,0,1,63.6363636363636,3.18181818181818,8.75,-11.6011407254408,-1.05464915685825,NA,0,9.09090909090909,1,8.33333333333333,NA,4,-4,0,-1,-1,-0.25
"36","C.Beathard",2023,"JAX",6,53,40,349,1,0,75.4716981132076,6.58490566037736,58.1666666666667,5.58071499202448,0.105296509283481,9.65908950194717,1.88679245283019,0,6,10.1694915254237,2.59475416666667,8,35,0,4.375,21.46,3.57666666666667
"37","C.Daniel",2022,"LAC",3,12,8,52,1,0,66.6666666666667,4.33333333333333,17.3333333333333,1.37604089950986,0.114670074959155,NA,8.33333333333333,0,1,7.69230769230769,NA,1,4,0,4,8.48,2.82666666666667
"38","C.Henne",2022,"KC",3,9,5,23,1,0,55.5555555555556,2.55555555555556,7.66666666666667,0.815438204270322,0.0906042449189247,NA,11.1111111111111,0,0,0,NA,6,-6,0,-1,4.32,1.44
"39","C.Keenum",2022,"BUF",2,7,2,8,0,0,28.5714285714286,1.14285714285714,4,-5.78627391741611,-0.826610559630873,NA,0,0,0,0,NA,5,0,0,0,0.32,0.16
"40","C.Keenum",2023,"HOU",2,53,34,291,1,3,64.1509433962264,5.49056603773585,145.5,-20.6513293816017,-0.389647724181165,-0.539184505959941,1.88679245283019,5.66037735849057,6,10.1694915254237,2.7674158496732,2,1,0,0.5,9.74,4.87
"41","C.McCoy",2022,"ARI",4,132,90,780,1,3,68.1818181818182,5.90909090909091,195,-30.0839809036083,-0.227908946239457,-2.25507649219546,0.757575757575758,2.27272727272727,13,8.96551724137931,2.3558407728632,14,36,0,2.57142857142857,32.8,8.2
"42","C.Oladokun",2024,"KC",1,0,0,0,0,0,NA,NA,0,-1.38983265939169,NA,NA,NA,NA,1,100,NA,1,5,0,5,0.5,0.5
"43","C.Rush",2022,"DAL",8,162,94,1051,5,3,58.0246913580247,6.48765432098765,131.375,-9.40141764110182,-0.0580334422290236,-4.02156596933874,3.08641975308642,1.85185185185185,7,4.14201183431953,2.53465798591461,9,6,0,0.666666666666667,56.64,7.08
"44","C.Rush",2023,"DAL",7,24,18,144,0,1,75,6,20.5714285714286,-5.23994774756922,-0.218331156148718,NA,0,4.16666666666667,1,4,NA,12,-5,0,-0.416666666666667,3.26,0.465714285714286
"45","C.Rush",2024,"DAL",12,308,187,1844,12,5,60.7142857142857,5.98701298701299,153.666666666667,-23.9175155134533,-0.0776542711475755,-6.24571104403652,3.8961038961039,1.62337662337662,13,4.04984423676012,2.54360052061921,26,18,0,0.692307692307692,109.56,9.13
"46","C.Streveler",2022,"NYJ",1,15,10,90,0,0,66.6666666666667,6,90,1.72026074829046,0.11468404988603,-1.75930500030519,0,0,0,0,2.90933333333333,9,54,0,6,9,9
"47","C.Stroud",2023,"HOU",17,553,354,4557,26,5,64.0144665461121,8.24050632911392,268.058823529412,74.9726422020869,0.135574398195455,0.586516841822704,4.70162748643761,0.904159132007233,38,6.42978003384095,3.00891617489052,43,167,3,3.88372093023256,304.98,17.94
"48","C.Stroud",2024,"HOU",19,593,377,4254,21,13,63.575042158516,7.17369308600337,223.894736842105,-10.9874741325295,-0.018528624169527,0.21384883812019,3.54131534569983,2.19224283305228,63,9.60365853658537,2.98329708259072,64,317,0,4.953125,251.86,13.2557894736842
"49","C.Tune",2023,"ARI",6,21,12,62,0,2,57.1428571428571,2.95238095238095,10.3333333333333,-34.7495431726566,-1.65474015107888,-12.4459183216095,0,9.52380952380952,7,25,2.7429,8,30,1,3.75,7.48,1.24666666666667
"50","C.Tune",2024,"ARI",5,2,2,8,0,0,100,4,1.6,-1.12801867816597,-0.564009339082986,NA,0,0,0,0,NA,7,-4,0,-0.571428571428571,-2.08,-0.416
"51","C.Wentz",2022,"WAS",8,276,172,1755,11,9,62.3188405797101,6.35869565217391,219.375,-37.292652139748,-0.135118304854159,-4.09460100044674,3.98550724637681,3.26086956521739,26,8.60927152317881,2.54413569823865,22,86,1,3.90909090909091,112.8,14.1
"52","C.Wentz",2023,"LA",1,24,17,163,2,1,70.8333333333333,6.79166666666667,163,7.06485306221293,0.294368877592206,5.88656771874084,8.33333333333333,4.16666666666667,2,7.69230769230769,2.26266666666667,17,56,1,3.29411764705882,26.12,26.12
"53","C.Wentz",2024,"KC",2,19,12,118,0,0,63.1578947368421,6.21052631578947,59,-6.75574821368931,-0.355565695457332,-7.49382481855504,0,0,4,17.3913043478261,2.42223529411765,3,0,0,0,4.72,2.36
"54","C.Williams",2024,"CHI",17,562,351,3541,20,6,62.4555160142349,6.30071174377224,208.294117647059,-43.8048432554278,-0.0779445609527185,-1.1880385715338,3.55871886120996,1.06761565836299,68,10.7936507936508,2.92622927081218,81,489,0,6.03703703703704,254.54,14.9729411764706
"55","D.Blough",2022,"ARI",2,58,38,402,2,2,65.5172413793103,6.93103448275862,201,-4.82702916547705,-0.083224640784087,1.61613479670552,3.44827586206897,3.44827586206897,5,7.93650793650794,2.62611527777778,4,5,0,1.25,18.58,9.29
"56","D.Carr",2022,"LV",15,502,305,3522,24,14,60.7569721115538,7.01593625498008,234.8,29.2955838466438,0.0583577367463023,-0.779134044910427,4.7808764940239,2.78884462151394,27,5.10396975425331,2.94531857636249,24,102,0,4.25,219.08,14.6053333333333
"57","D.Carr",2023,"NO",17,548,375,3878,25,8,68.4306569343066,7.07664233576642,228.117647058824,25.9190573136216,0.0472975498423751,4.74505157074376,4.56204379562044,1.45985401459854,31,5.35405872193437,2.70288738079839,32,40,0,1.25,241.12,14.1835294117647
"58","D.Carr",2024,"NO",10,279,189,2145,15,5,67.741935483871,7.68817204301075,214.5,48.410375113159,0.173513889294477,3.80233819809726,5.3763440860215,1.7921146953405,8,2.78745644599303,2.7712521176285,17,71,1,4.17647058823529,150.9,15.09
"59","D.Jones",2022,"NYG",18,534,356,3641,17,6,66.6666666666667,6.81835205992509,202.277777777778,19.0573913686644,0.0356879988177236,1.62645826022628,3.18352059925094,1.12359550561798,52,8.87372013651877,2.87462470492278,143,810,7,5.66433566433566,322.64,17.9244444444444
"60","D.Jones",2023,"NYG",6,160,108,909,2,6,67.5,5.68125,151.5,-60.455004205717,-0.377843776285731,1.4545140644134,1.25,3.75,30,15.7894736842105,2.71265730694981,40,206,1,5.15,56.96,9.49333333333333
"61","D.Jones",2024,"NYG",10,341,216,2070,8,7,63.3431085043988,6.07038123167155,207,-33.3818123438119,-0.0978938778410907,-0.45672316614476,2.34604105571848,2.05278592375367,29,7.83783783783784,2.70691563704699,67,265,2,3.95522388059702,135.3,13.53
"62","D.Lock",2023,"SEA",4,76,48,543,3,3,63.1578947368421,7.14473684210526,135.75,-0.653722791097846,-0.00860161567234008,-1.27856058823282,3.94736842105263,3.94736842105263,6,7.31707317073171,2.59856158357771,5,14,0,2.8,29.12,7.28
"63","D.Lock",2024,"NYG",7,181,107,1071,6,5,59.1160220994475,5.9171270718232,153,-42.7224468111007,-0.236035617740888,-1.49874922108845,3.31491712707182,2.76243093922652,12,6.21761658031088,2.8151867477319,18,133,2,7.38888888888889,80.14,11.4485714285714
"64","D.Maye",2024,"NE",13,338,225,2276,15,10,66.5680473372781,6.73372781065089,175.076923076923,-27.6123093283813,-0.0816932228650336,2.92719989356075,4.43786982248521,2.9585798816568,34,9.13978494623656,2.74431821748307,54,421,2,7.7962962962963,177.14,13.6261538461538
"65","D.Mills",2022,"HOU",15,479,292,3118,17,15,60.9603340292276,6.50939457202505,207.866666666667,-74.3353819384465,-0.155188688806778,-2.30678959701407,3.5490605427975,3.13152400835073,31,6.07843137254902,2.77312542657511,32,108,2,3.375,181.52,12.1013333333333
"66","D.Mills",2023,"HOU",6,40,19,179,2,0,47.5,4.475,29.8333333333333,-6.21241955182632,-0.155310488795658,-22.8381129913032,5,0,2,4.76190476190476,2.68934375,5,5,0,1,17.66,2.94333333333333
"67","D.Mills",2024,"HOU",4,36,20,212,0,0,55.5555555555556,5.88888888888889,53,-5.21263952628942,-0.144795542396928,-8.11503427949819,0,0,2,5.26315789473684,2.595,3,11,0,3.66666666666667,9.58,2.395
"68","D.Prescott",2022,"DAL",14,464,309,3371,28,17,66.5948275862069,7.26508620689655,240.785714285714,59.6578685545858,0.128572992574538,2.50160053919001,6.03448275862069,3.66379310344828,22,4.52674897119342,2.72226471587206,56,228,2,4.07142857142857,245.64,17.5457142857143
"69","D.Prescott",2023,"DAL",18,650,451,4919,39,11,69.3846153846154,7.56769230769231,273.277777777778,115.319461694445,0.177414556452993,4.23029449191075,6,1.69230769230769,43,6.2049062049062,2.71855647258866,61,287,2,4.70491803278689,373.46,20.7477777777778
"70","D.Prescott",2024,"DAL",8,286,185,1978,11,8,64.6853146853147,6.91608391608392,247.25,-7.36738597291867,-0.0257600908144009,1.48869393979044,3.84615384615385,2.7972027972028,21,6.84039087947883,2.77135631702985,13,54,1,4.15384615384615,116.52,14.565
"71","D.Ridder",2022,"ATL",4,115,73,708,2,0,63.4782608695652,6.15652173913043,177,4.53719766016686,0.0394538926971031,-0.126728137047632,1.73913043478261,0,9,7.25806451612903,2.85845052447552,16,64,0,4,38.72,9.68
"72","D.Ridder",2023,"ATL",15,388,249,2836,12,12,64.1752577319588,7.30927835051546,189.066666666667,-33.3997411758443,-0.0860818071542379,-1.37902050327992,3.09278350515464,3.09278350515464,31,7.39856801909308,2.73756638386489,53,193,5,3.64150943396226,180.14,12.0093333333333
"73","D.Ridder",2024,"LV",5,85,52,458,2,2,61.1764705882353,5.38823529411765,91.6,-22.0815133874012,-0.259782510440014,0.483082781978311,2.35294117647059,2.35294117647059,10,10.5263157894737,2.6140105994152,9,36,0,4,21.92,4.384
"74","D.Thompson-Robinson",2023,"CLE",7,112,60,440,1,4,53.5714285714286,3.92857142857143,62.8571428571429,-38.5801300967777,-0.344465447292658,-8.63497241249512,0.892857142857143,3.57142857142857,6,5.08474576271187,2.81717601937514,14,65,0,4.64285714285714,22.1,3.15714285714286
"75","D.Thompson-Robinson",2024,"CLE",6,118,61,440,0,6,51.6949152542373,3.72881355932203,73.3333333333333,-71.1411469733575,-0.602891076045403,-14.3813555841319,0,5.08474576271187,8,6.34920634920635,2.70354039771937,21,122,0,5.80952380952381,15.8,2.63333333333333
"76","D.Watson",2022,"CLE",6,170,99,1102,7,5,58.2352941176471,6.48235294117647,183.666666666667,-23.8906520442856,-0.140533247319327,-4.7661781075607,4.11764705882353,2.94117647058824,20,10.5263157894737,3.29055832324784,36,175,1,4.86111111111111,85.58,14.2633333333333
"77","D.Watson",2023,"CLE",6,171,105,1115,7,4,61.4035087719298,6.52046783625731,185.833333333333,-18.950161800698,-0.110819659653205,-1.69083570650689,4.09356725146199,2.33918128654971,17,9.04255319148936,3.03727939732006,26,142,1,5.46153846153846,86.8,14.4666666666667
"78","D.Watson",2024,"CLE",7,216,137,1148,5,3,63.4259259259259,5.31481481481481,164,-62.5942760071116,-0.289788314847739,-0.66155232480858,2.31481481481481,1.38888888888889,33,13.2530120481928,2.96799797864896,31,148,1,4.7741935483871,76.72,10.96
"79","D.Webb",2022,"NYG",1,40,23,168,1,0,57.5,4.2,168,-1.51632553584138,-0.0379081383960344,-2.82657051458956,2.5,0,0,0,2.98265,6,41,1,6.83333333333333,20.82,20.82
"80","E.Stick",2023,"LAC",5,174,111,1129,3,1,63.7931034482759,6.48850574712644,225.8,-34.0119861157923,-0.195471184573519,-2.47943769138959,1.72413793103448,0.574712643678161,14,7.4468085106383,2.83401424092129,27,144,1,5.33333333333333,67.56,13.512
"81","G.Minshew",2022,"PHI",6,76,44,663,3,3,57.8947368421053,8.72368421052632,110.5,7.4255315409884,0.0977043623814263,-1.43691940698773,3.94736842105263,3.94736842105263,6,7.31707317073171,2.89409334935897,9,1,1,0.111111111111111,36.62,6.10333333333333
"82","G.Minshew",2023,"IND",16,490,305,3305,15,9,62.2448979591837,6.74489795918367,206.5625,-5.75170655365336,-0.0117381766401089,-1.09816802321736,3.06122448979592,1.83673469387755,34,6.48854961832061,2.74319250136688,34,100,3,2.94117647058824,196.2,12.2625
"83","G.Minshew",2024,"LV",10,306,203,2013,9,10,66.3398692810458,6.57843137254902,201.3,-47.0637727828345,-0.153803179028871,0.374183375971679,2.94117647058824,3.26797385620915,29,8.65671641791045,2.68247876628447,19,58,0,3.05263157894737,96.32,9.632
"84","G.Smith",2022,"SEA",18,607,424,4535,32,12,69.8517298187809,7.47116968698517,251.944444444444,32.5334669896603,0.0535971449582543,5.02782821068297,5.27182866556837,1.97693574958814,49,7.46951219512195,2.81761267637358,72,394,1,5.47222222222222,320.8,17.8222222222222
"85","G.Smith",2023,"SEA",15,499,323,3624,20,9,64.7294589178357,7.2625250501002,241.6,32.4405365141742,0.0650110952187859,1.86485608996783,4.00801603206413,1.80360721442886,31,5.84905660377358,2.83011586503458,37,155,1,4.18918918918919,226.26,15.084
"86","G.Smith",2024,"SEA",17,578,407,4320,21,15,70.4152249134948,7.47404844290657,254.117647058824,24.5940963877961,0.0425503397712735,3.7314470041434,3.63321799307958,2.59515570934256,50,7.96178343949045,2.8384749370009,53,272,2,5.13207547169811,266,15.6470588235294
"87","H.Hooker",2024,"DET",3,9,6,62,0,0,66.6666666666667,6.88888888888889,20.6666666666667,-2.0768875653945,-0.230765285043833,NA,0,0,1,10,NA,5,2,0,0.4,2.68,0.893333333333333
"88","J.Allen",2022,"BUF",18,648,407,4899,38,17,62.8086419753086,7.56018518518519,272.166666666667,87.1047151487008,0.134420856710958,-1.49353020072288,5.8641975308642,2.62345679012346,41,5.95065312046444,2.91839560199059,136,808,8,5.94117647058824,434.76,24.1533333333333
"89","J.Allen",2023,"BUF",19,648,432,4695,33,18,66.6666666666667,7.24537037037037,247.105263157895,100.000748537766,0.154322142805195,0.63569387405468,5.09259259259259,2.77777777777778,26,3.85756676557863,2.86018232127026,131,670,18,5.11450381679389,458.8,24.1473684210526
"90","J.Allen",2024,"BUF",19,565,365,4367,32,6,64.6017699115044,7.72920353982301,229.842105263158,150.465796030022,0.266311143415968,0.915999169299591,5.66371681415929,1.06194690265487,19,3.25342465753425,2.8582665989569,131,636,14,4.85496183206107,438.28,23.0673684210526
"91","J.Brissett",2022,"CLE",14,369,236,2608,12,6,63.9566395663957,7.06775067750678,186.285714285714,19.6926323235028,0.0533675672723653,4.41118910182069,3.2520325203252,1.6260162601626,24,6.10687022900763,2.89729716480542,49,243,2,4.95918367346939,168.62,12.0442857142857
"92","J.Brissett",2023,"WAS",2,23,18,224,3,0,78.2608695652174,9.73913043478261,112,16.3757347961364,0.711988469397234,NA,13.0434782608696,0,0,0,NA,3,19,0,6.33333333333333,22.86,11.43
"93","J.Brissett",2024,"NE",7,161,95,826,2,1,59.0062111801242,5.1304347826087,118,-38.1676783554485,-0.237066325189121,-0.238854146512466,1.24223602484472,0.62111801242236,18,10.0558659217877,2.88402255190797,15,62,0,4.13333333333333,45.24,6.46285714285714
"94","J.Browning",2023,"CIN",9,243,171,1936,12,7,70.3703703703704,7.96707818930041,215.111111111111,22.299077136491,0.0917657495328847,3.46216709365223,4.93827160493827,2.88065843621399,24,8.98876404494382,2.71154120782692,27,127,3,4.7037037037037,143.44,15.9377777777778
"95","J.Browning",2024,"CIN",2,0,0,0,0,0,NA,NA,0,0,NA,NA,NA,NA,0,NA,NA,2,-2,0,-1,-0.2,-0.1
"96","J.Burrow",2022,"CIN",19,715,486,5196,39,14,67.972027972028,7.26713286713287,273.473684210526,102.902939841739,0.143920195582852,2.43043138984391,5.45454545454545,1.95804195804196,51,6.6579634464752,2.54329353105348,90,327,6,3.63333333333333,406.54,21.3968421052632
"97","J.Burrow",2023,"CIN",10,365,244,2309,15,6,66.8493150684932,6.32602739726027,230.9,6.09503705904687,0.0166987316686216,1.1411738182484,4.10958904109589,1.64383561643836,24,6.16966580976864,2.52809152163025,31,88,0,2.83870967741935,147.16,14.716
"98","J.Burrow",2024,"CIN",17,652,460,4918,43,9,70.5521472392638,7.54294478527607,289.294117647059,117.020955424456,0.179479992982294,4.77023641674611,6.59509202453988,1.38036809815951,48,6.85714285714286,2.70459138764036,42,201,2,4.78571428571429,372.82,21.9305882352941
"99","J.Daniels",2024,"WAS",20,594,406,4390,30,10,68.3501683501683,7.39057239057239,219.5,89.8484918910235,0.151260087358625,1.52500110050651,5.05050505050505,1.68350168350168,51,7.90697674418605,2.67947991161951,183,1026,7,5.60655737704918,428.2,21.41
"100","J.Dobbs",2022,"TEN",2,68,40,411,2,2,58.8235294117647,6.04411764705882,205.5,-8.9746365388331,-0.131979949100487,-0.546381195676101,2.94117647058824,2.94117647058824,6,8.10810810810811,2.9201282051282,8,44,0,5.5,20.84,10.42
"101","J.Dobbs",2023,"ARI",8,266,167,1569,8,5,62.781954887218,5.8984962406015,196.125,-47.5664072689744,-0.17882107995855,-0.0761411593512964,3.00751879699248,1.8796992481203,17,6.00706713780919,2.77608758079817,47,258,3,5.48936170212766,126.56,15.82
"102","J.Dobbs",2023,"MIN",5,151,95,895,5,5,62.9139072847682,5.9271523178808,179,-33.1832499017736,-0.21975662186605,-0.611597329606792,3.3112582781457,3.3112582781457,13,7.92682926829268,3.22112381820119,30,163,3,5.43333333333333,76.1,15.22
"103","J.Dobbs",2024,"SF",2,47,32,361,2,2,68.0851063829787,7.68085106382979,180.5,5.55747983542185,0.118244251817486,0.202040062394246,4.25531914893617,4.25531914893617,2,4.08163265306122,2.65783333333333,9,24,2,2.66666666666667,30.84,15.42
"104","J.Driskel",2022,"HOU",7,20,14,108,1,0,70,5.4,15.4285714285714,-2.01134103001095,-0.100567051500548,NA,5,0,2,9.09090909090909,NA,20,75,0,3.75,16.22,2.31714285714286
"105","J.Driskel",2023,"CLE",1,26,13,166,2,2,50,6.38461538461539,166,-10.9572080454091,-0.421431078669579,-6.46135016129568,7.69230769230769,7.69230769230769,3,10.3448275862069,2.70142307692308,7,33,0,4.71428571428571,13.94,13.94
"106","J.Eason",2022,"CAR",1,5,3,59,0,1,60,11.8,59,-2.26128179964144,-0.452256359928288,NA,0,20,0,0,NA,0,0,0,NA,0.36,0.36
"107","J.Fields",2022,"CHI",15,318,192,2242,17,11,60.377358490566,7.0503144654088,149.466666666667,-65.7712491202688,-0.206827827422229,-6.05412999820278,5.34591194968553,3.45911949685535,55,14.745308310992,3.14057666122048,160,1143,8,7.14375,295.98,19.732
"108","J.Fields",2023,"CHI",13,370,227,2562,16,9,61.3513513513513,6.92432432432432,197.076923076923,-36.2964767138459,-0.0980985857130971,0.684156436126572,4.32432432432432,2.43243243243243,44,10.6280193236715,3.24152091415195,124,657,4,5.29838709677419,230.18,17.7061538461538
"109","J.Fields",2024,"PIT",11,162,106,1106,5,1,65.4320987654321,6.82716049382716,100.545454545455,8.06952586026961,0.0498118880263556,1.59004957649692,3.08641975308642,0.617283950617284,16,8.98876404494382,3.03259737242595,62,289,5,4.66129032258065,119.14,10.8309090909091
"110","J.Flacco",2022,"NYJ",5,191,110,1051,5,3,57.5916230366492,5.50261780104712,210.2,-25.3617051530504,-0.132783796612829,-3.67028410839095,2.61780104712042,1.57068062827225,10,4.97512437810945,2.73643660365059,3,6,0,2,48.64,9.728
"111","J.Flacco",2023,"CLE",6,250,157,1923,14,10,62.8,7.692,320.5,-19.3668792660572,-0.0774675170642287,0.394786191949321,5.6,4,12,4.58015267175572,2.99851612433322,12,15,0,1.25,114.42,19.07
"112","J.Flacco",2024,"IND",7,248,162,1761,12,7,65.3225806451613,7.1008064516129,251.571428571429,2.99938587216687,0.0120942978716406,0.993395962377612,4.83870967741935,2.82258064516129,18,6.76691729323308,2.69810000287237,9,26,0,2.88888888888889,99.04,14.1485714285714
"113","J.Garoppolo",2022,"SF",11,308,207,2437,16,4,67.2077922077922,7.91233766233766,221.545454545455,75.5064205218911,0.245150715980166,-2.47638977715772,5.1948051948052,1.2987012987013,18,5.52147239263804,2.6367543593258,23,33,2,1.43478260869565,164.78,14.98
"114","J.Garoppolo",2023,"LV",7,169,110,1205,7,9,65.0887573964497,7.1301775147929,172.142857142857,-19.1616354138621,-0.11338245807019,-1.4104634147675,4.14201183431953,5.32544378698225,14,7.65027322404372,2.9620057040182,20,39,0,1.95,64.1,9.15714285714286
"115","J.Garoppolo",2024,"LA",1,41,27,334,2,1,65.8536585365854,8.14634146341463,334,3.02463218411804,0.0737715166858058,-0.703410840615987,4.8780487804878,2.4390243902439,3,6.81818181818182,2.65926829268293,2,5,0,2.5,19.86,19.86
"116","J.Goff",2022,"DET",17,587,382,4438,29,7,65.076660988075,7.56047700170358,261.058823529412,100.964675717449,0.172001151137052,-2.25836111140924,4.94037478705281,1.19250425894378,23,3.77049180327869,2.74554922103102,29,73,0,2.51724137931034,283.32,16.6658823529412
"117","J.Goff",2023,"DET",20,716,484,5412,34,12,67.5977653631285,7.5586592178771,270.6,108.004871757197,0.150844792956979,1.07679906463311,4.74860335195531,1.67597765363128,37,4.9136786188579,2.72004717830831,41,24,2,0.585365853658537,338.88,16.944
"118","J.Goff",2024,"DET",18,579,413,4942,38,15,71.3298791018998,8.53540587219344,274.555555555556,163.061802032462,0.281626601092334,5.1461394383229,6.56303972366149,2.59067357512953,33,5.3921568627451,2.81645196219278,36,63,0,1.75,332.68,18.4822222222222
"119","J.Haener",2024,"NO",8,39,18,226,1,1,46.1538461538462,5.7948717948718,28.25,-14.9484791537611,-0.383294337275927,-3.25118613374584,2.56410256410256,2.56410256410256,6,13.3333333333333,2.55323529411765,11,22,0,2,13.24,1.655
"120","J.Hall",2023,"MIN",3,20,13,168,0,1,65,8.4,56,-12.6760427974374,-0.633802139871868,NA,0,5,4,16.6666666666667,NA,6,14,0,2.33333333333333,2.12,0.706666666666667
"121","J.Herbert",2022,"LAC",18,742,502,5012,26,10,67.6549865229111,6.75471698113208,278.444444444444,31.1041720388969,0.041919369324659,1.65335746378665,3.50404312668464,1.34770889487871,41,5.23627075351213,2.85536982846248,57,159,0,2.78947368421053,295.38,16.41
"122","J.Herbert",2023,"LAC",13,456,297,3134,20,7,65.1315789473684,6.87280701754386,241.076923076923,26.8638555228564,0.0589119638659132,-0.525118874208773,4.3859649122807,1.53508771929825,29,5.97938144329897,2.84709877820142,52,228,3,4.38461538461539,233.16,17.9353846153846
"123","J.Herbert",2024,"LAC",18,536,346,4112,24,7,64.5522388059701,7.67164179104478,228.444444444444,45.9052179331471,0.0856440633081103,0.877858217359801,4.47761194029851,1.30597014925373,45,7.74526678141136,2.92097857908653,69,306,2,4.43478260869565,291.08,16.1711111111111
"124","J.Hurts",2022,"PHI",18,547,364,4280,25,6,66.54478976234,7.82449725776965,237.777777777778,90.343727208138,0.165162206961861,1.88859347113016,4.57038391224863,1.09689213893967,42,7.13073005093379,2.74925485924635,200,903,18,4.515,457.5,25.4166666666667
"125","J.Hurts",2023,"PHI",18,573,377,4108,24,15,65.7940663176265,7.16928446771379,228.222222222222,60.2361313264934,0.105124138440652,4.64785734106721,4.18848167539267,2.61780104712042,39,6.37254901960784,2.98550687796728,158,610,15,3.86075949367089,371.32,20.6288888888889
"126","J.Hurts",2024,"PHI",19,452,313,3629,23,6,69.2477876106195,8.0287610619469,191,67.2174037891212,0.148711070329914,6.69458595555102,5.08849557522124,1.32743362831858,51,10.1391650099404,3.11770001863679,184,824,19,4.47826086956522,411.56,21.661052631579
"127","J.Johnson",2022,"SF",2,15,8,84,0,0,53.3333333333333,5.6,42,-2.86141612060601,-0.190761074707067,NA,0,0,2,11.7647058823529,NA,4,5,0,1.25,1.86,0.93
"128","J.Johnson",2024,"BAL",4,3,2,17,0,0,66.6666666666667,5.66666666666667,4.25,-1.80973551096395,-0.603245170321316,NA,0,0,1,25,NA,4,1,0,0.25,0.78,0.195
"129","J.Love",2022,"GB",4,21,14,195,1,0,66.6666666666667,9.28571428571429,48.75,3.53085999692742,0.168136190329877,NA,4.76190476190476,0,0,0,NA,1,-1,0,-1,11.7,2.925
"130","J.Love",2023,"GB",19,634,409,4625,37,13,64.5110410094637,7.29495268138801,243.421052631579,108.669839106131,0.17140353171314,-1.16896879358484,5.83596214511041,2.05047318611987,30,4.51807228915663,2.79250161298352,56,249,4,4.44642857142857,355.9,18.7315789473684
"131","J.Love",2024,"GB",16,458,288,3601,25,14,62.882096069869,7.86244541484716,225.0625,53.4704440561074,0.116747694445649,-0.609960967107521,5.4585152838428,3.05676855895197,16,3.37552742616034,2.87274702482174,27,93,1,3.44444444444444,237.34,14.83375
"132","J.Milton",2024,"NE",1,29,22,241,1,0,75.8620689655172,8.31034482758621,241,11.7907161317601,0.406576418336554,22.4946348317738,3.44827586206897,0,0,0,3.63148275862069,10,16,1,1.6,19.24,19.24
"133","J.Stidham",2022,"LV",3,83,53,656,4,3,63.855421686747,7.90361445783132,218.666666666667,-5.13012409190855,-0.0618087239988982,8.91834279534474,4.81927710843374,3.6144578313253,7,7.77777777777778,3.06594281045752,14,84,0,6,42.64,14.2133333333333
"134","J.Stidham",2023,"DEN",2,66,40,496,2,1,60.6060606060606,7.51515151515152,248,5.05342119600567,0.0765669878182677,-6.93073264487526,3.03030303030303,1.51515151515152,7,9.58904109589041,2.83850551470588,9,8,0,0.888888888888889,26.64,13.32
"135","J.Stidham",2024,"DEN",2,0,0,0,0,0,NA,NA,0,0,NA,NA,NA,NA,0,NA,NA,4,5,0,1.25,0.5,0.25
"136","J.Winston",2022,"NO",3,115,73,858,4,5,63.4782608695652,7.46086956521739,286,-7.01292297735435,-0.0609819389335161,4.02719813004842,3.47826086956522,4.34782608695652,11,8.73015873015873,2.75863206300813,5,16,0,3.2,43.92,14.64
"137","J.Winston",2023,"NO",6,47,25,264,2,3,53.1914893617021,5.61702127659574,44,-9.78901957483122,-0.208277012230451,-2.5034400485456,4.25531914893617,6.38297872340426,2,4.08163265306122,2.47698375,5,-6,0,-1.2,11.96,1.99333333333333
"138","J.Winston",2024,"CLE",11,296,181,2121,13,12,61.1486486486487,7.16554054054054,192.818181818182,-26.8449569391746,-0.090692422091806,-0.210090811370424,4.39189189189189,4.05405405405405,24,7.5,2.8089833628985,25,83,1,3.32,131.14,11.9218181818182
"139","J.Wolford",2022,"LA",2,62,38,390,1,3,61.2903225806452,6.29032258064516,195,-19.7487390648946,-0.318528049433784,-4.58322420206845,1.61290322580645,4.83870967741935,7,10.1449275362319,3.14333760683761,8,32,0,4,14.8,7.4
"140","K.Allen",2022,"HOU",2,78,46,416,2,4,58.974358974359,5.33333333333333,208,-34.0045657036541,-0.435955970559668,-9.25787525394788,2.56410256410256,5.12820512820513,5,6.02409638554217,2.67330769230769,6,13,0,2.16666666666667,15.94,7.97
"141","K.Allen",2023,"BUF",6,0,0,0,0,0,NA,NA,0,0,NA,NA,NA,NA,0,NA,NA,13,-13,0,-1,-1.3,-0.216666666666667
"142","K.Allen",2024,"PIT",1,1,1,19,0,0,100,19,19,1.43255293625407,1.43255293625407,NA,0,0,0,0,NA,0,0,0,NA,0.76,0.76
"143","K.Cousins",2022,"MIN",18,682,455,4820,31,14,66.7155425219941,7.06744868035191,267.777777777778,30.7124701887177,0.0450329474907884,3.59775055773912,4.54545454545455,2.05278592375367,46,6.31868131868132,2.84178283173111,32,98,3,3.0625,316.4,17.5777777777778
"144","K.Cousins",2023,"MIN",8,311,216,2331,18,5,69.4533762057878,7.4951768488746,291.375,37.1030454711041,0.119302397013196,4.59297807343453,5.78778135048232,1.60771704180064,17,5.18292682926829,2.86408920273358,14,25,0,1.78571428571429,149.74,18.7175
"145","K.Cousins",2024,"ATL",14,453,303,3508,18,16,66.887417218543,7.7439293598234,250.571428571429,22.0813880221903,0.04874478592095,2.10679190093823,3.97350993377483,3.53200883002207,28,5.82120582120582,2.69566604766441,23,0,0,0,176.32,12.5942857142857
"146","K.Murray",2022,"ARI",11,390,259,2368,14,7,66.4102564102564,6.07179487179487,215.272727272727,-18.2468432857015,-0.0467867776556448,-0.698239063002811,3.58974358974359,1.79487179487179,25,6.02409638554217,2.67340872020654,67,418,3,6.23880597014925,200.52,18.2290909090909
"147","K.Murray",2023,"ARI",8,268,176,1799,10,5,65.6716417910448,6.71268656716418,224.875,-12.8784690754762,-0.0480539890875977,-2.8484598852833,3.73134328358209,1.86567164179104,18,6.29370629370629,2.78207951051465,44,244,3,5.54545454545455,146.36,18.295
"148","K.Murray",2024,"ARI",17,541,372,3851,21,11,68.7615526802218,7.11829944547135,226.529411764706,65.6543678808934,0.121357426766901,2.49906737242938,3.88170055452865,2.03327171903882,30,5.25394045534151,2.81060712791011,78,572,5,7.33333333333333,297.24,17.4847058823529
"149","K.Pickett",2022,"PIT",13,389,245,2404,7,9,62.9820051413882,6.17994858611825,184.923076923077,-11.0657067667914,-0.0284465469583327,-0.597696670246212,1.79948586118252,2.31362467866324,27,6.49038461538462,2.99868727436386,55,237,3,4.30909090909091,149.86,11.5276923076923
"150","K.Pickett",2023,"PIT",12,324,201,2070,6,4,62.037037037037,6.38888888888889,172.5,-40.2414919466061,-0.124202135637673,-0.0509276545630349,1.85185185185185,1.23456790123457,23,6.62824207492795,2.8120774231231,42,54,1,1.28571428571429,110.2,9.18333333333333
"151","K.Pickett",2024,"PHI",7,43,25,291,2,1,58.1395348837209,6.76744186046512,41.5714285714286,0.717036048998418,0.0166752569534516,4.60044298321008,4.65116279069767,2.32558139534884,4,8.51063829787234,2.92441666666667,14,8,1,0.571428571428571,24.44,3.49142857142857
"152","K.Trask",2022,"TB",1,9,3,23,0,0,33.3333333333333,2.55555555555556,23,-5.33255963632837,-0.592506626258708,NA,0,0,0,0,NA,0,0,0,NA,0.92,0.92
"153","K.Trask",2023,"TB",2,1,0,0,0,0,0,0,0,-1.88030287302347,-1.88030287302347,NA,0,0,0,0,NA,1,-1,0,-1,-0.1,-0.05
"154","K.Trask",2024,"TB",3,1,1,5,0,0,100,5,1.66666666666667,0.297810939140618,0.297810939140618,NA,0,0,0,0,NA,5,-4,0,-0.8,-0.2,-0.0666666666666667
"155","L.Jackson",2022,"BAL",12,326,203,2242,17,7,62.2699386503067,6.87730061349693,186.833333333333,9.42733552568467,0.0289182071340021,-3.1608737471322,5.21472392638037,2.14723926380368,26,7.38636363636364,3.01654069946264,112,764,3,6.82142857142857,236.08,19.6733333333333
"156","L.Jackson",2023,"BAL",18,516,343,4102,27,8,66.4728682170543,7.94961240310078,227.888888888889,56.8869034463479,0.110245936911527,2.75887187514189,5.23255813953488,1.55038759689922,44,7.85714285714286,2.99092469219745,167,975,7,5.83832335329341,384.88,21.3822222222222
"157","L.Jackson",2024,"BAL",19,520,350,4601,45,5,67.3076923076923,8.84807692307692,242.157894736842,190.077566185253,0.365533781125487,1.63956710356586,8.65384615384615,0.961538461538462,26,4.76190476190476,3.13735356723851,160,1035,4,6.46875,471.54,24.8178947368421
"158","L.Woodside",2023,"ATL",1,4,3,27,0,1,75,6.75,27,-10.0795751017577,-2.51989377543941,NA,0,25,1,20,NA,1,6,0,6,-0.32,-0.32
"159","M.Barkley",2023,"JAX",1,0,0,0,0,0,NA,NA,0,0,NA,NA,NA,NA,0,NA,NA,3,-3,0,-1,-0.3,-0.3
"160","M.Jones",2022,"NE",14,442,288,2997,14,11,65.158371040724,6.78054298642534,214.071428571429,-28.406190213468,-0.0642673986730044,-1.62037625269922,3.16742081447964,2.48868778280543,34,7.14285714285714,2.68793160640333,47,102,1,2.17021276595745,170.08,12.1485714285714
"161","M.Jones",2023,"NE",11,345,224,2120,10,12,64.927536231884,6.14492753623188,192.727272727273,-53.7546012815911,-0.155810438497366,-1.37954971819305,2.89855072463768,3.47826086956522,22,5.99455040871935,2.48192576126996,26,96,0,3.69230769230769,106.4,9.67272727272727
"162","M.Jones",2024,"JAX",10,262,171,1672,8,8,65.2671755725191,6.38167938931298,167.2,-2.45746966445156,-0.00937965520783039,-1.00100891584028,3.05343511450382,3.05343511450382,14,5.07246376811594,2.73185021940789,28,92,1,3.28571428571429,96.08,9.608
"163","M.Mariota",2022,"ATL",13,300,184,2219,15,9,61.3333333333333,7.39666666666667,170.692307692308,6.05363550723856,0.0201787850241286,-3.15827541030622,5,3,28,8.53658536585366,2.97560575575939,85,438,4,5.15294117647059,196.56,15.12
"164","M.Mariota",2023,"PHI",2,23,15,164,1,1,65.2173913043478,7.1304347826087,82,-5.11009586436431,-0.222178081059318,2.85928070545197,4.34782608695652,4.34782608695652,3,11.5384615384615,2.7415,8,52,0,6.5,11.76,5.88
"165","M.Mariota",2024,"WAS",5,44,34,364,4,0,77.2727272727273,8.27272727272727,72.8,19.8133516262931,0.450303446052117,17.950587320155,9.09090909090909,0,3,6.38297872340426,2.84531074168798,20,93,1,4.65,45.86,9.172
"166","M.Penix",2024,"ATL",5,105,61,775,3,3,58.0952380952381,7.38095238095238,155,14.5531169521574,0.138601113830071,-5.42150356283535,2.85714285714286,2.85714285714286,4,3.6697247706422,2.66767306228534,7,11,1,1.57142857142857,44.1,8.82
"167","M.Rudolph",2023,"PIT",5,113,77,948,5,1,68.141592920354,8.38938053097345,189.6,13.1842877086325,0.116675112465775,9.87124877957961,4.42477876106195,0.884955752212389,7,5.83333333333333,2.70472419590643,12,24,0,2,56.32,11.264
"168","M.Rudolph",2024,"TEN",8,228,146,1530,9,9,64.0350877192982,6.71052631578947,191.25,-1.93614114649023,-0.00849184713372907,1.00535766709135,3.94736842105263,3.94736842105263,11,4.60251046025105,2.78259877441569,25,106,1,4.24,95.8,11.975
"169","M.Ryan",2022,"IND",12,461,309,3057,14,13,67.0281995661605,6.63123644251627,254.75,-24.7600057797621,-0.0537093400862518,1.49772293240811,3.03687635574837,2.81995661605206,38,7.61523046092184,2.68508269495122,27,70,1,2.59259259259259,155.28,12.94
"170","M.Stafford",2022,"LA",9,303,206,2087,10,8,67.986798679868,6.88778877887789,231.888888888889,-24.0373468155017,-0.0793311776089167,-0.506317501304228,3.3003300330033,2.64026402640264,29,8.73493975903614,2.71938538610065,13,9,1,0.692307692307692,108.38,12.0422222222222
"171","M.Stafford",2023,"LA",16,557,351,4332,26,11,63.016157989228,7.77737881508079,270.75,73.6081625516082,0.132151099733588,-0.454176675568716,4.66786355475763,1.97486535008977,32,5.43293718166384,2.69413432270405,21,65,0,3.0952380952381,265.78,16.61125
"172","M.Stafford",2024,"LA",18,588,385,4295,24,8,65.4761904761905,7.30442176870748,238.611111111111,43.8026788674631,0.0744943518154134,-1.26424718319552,4.08163265306122,1.36054421768707,35,5.61797752808989,2.75594403497608,34,45,0,1.32352941176471,250.3,13.9055555555556
"173","M.Trubisky",2022,"PIT",7,180,117,1252,4,5,65,6.95555555555556,178.857142857143,7.73026837691226,0.0429459354272903,5.95692078786437,2.22222222222222,2.77777777777778,11,5.75916230366492,2.72408542178542,19,38,2,2,73.88,10.5542857142857
"174","M.Trubisky",2023,"PIT",5,107,67,632,4,5,62.6168224299065,5.90654205607477,126.4,-19.6495319398425,-0.183640485419089,-1.13201793730013,3.73831775700935,4.67289719626168,7,6.14035087719298,2.84369199221495,16,54,2,3.375,48.68,9.736
"175","M.Trubisky",2024,"BUF",9,26,19,179,2,0,73.0769230769231,6.88461538461539,19.8888888888889,9.71651024231414,0.373711932396698,3.82042651375136,7.69230769230769,0,0,0,2.58295238095238,20,-2,0,-0.1,14.96,1.66222222222222
"176","M.White",2022,"NYJ",4,175,103,1192,3,4,58.8571428571429,6.81142857142857,298,-7.62786697386352,-0.0435878112792201,-2.00166613610438,1.71428571428571,2.28571428571429,9,4.89130434782609,2.78792091951717,6,9,1,1.5,56.58,14.145
"177","M.White",2023,"MIA",6,6,5,74,1,1,83.3333333333333,12.3333333333333,12.3333333333333,-7.24090171756689,-1.20681695292781,NA,16.6666666666667,16.6666666666667,0,0,NA,8,-9,0,-1.125,2.06,0.343333333333333
"178","M.White",2024,"BUF",1,11,3,28,0,0,27.2727272727273,2.54545454545455,28,-7.15286629885668,-0.650260572623334,NA,0,0,0,0,NA,0,0,0,NA,1.12,1.12
"179","M.Willis",2022,"TEN",7,61,31,276,0,3,50.8196721311475,4.52459016393443,39.4285714285714,-38.83768905122,-0.63668342706918,-6.85676150707245,0,4.91803278688525,10,14.0845070422535,3.31523233695652,27,123,1,4.55555555555556,19.34,2.76285714285714
"180","M.Willis",2023,"TEN",2,5,4,74,0,0,80,14.8,37,-0.068276936013552,-0.0136553872027104,NA,0,0,4,44.4444444444444,NA,5,21,0,4.2,3.06,1.53
"181","M.Willis",2024,"GB",6,54,40,550,3,0,74.0740740740741,10.1851851851852,91.6666666666667,16.2466392453774,0.30086368972921,-2.23845800286846,5.55555555555556,0,8,12.9032258064516,2.25031578947368,20,138,1,6.9,51.8,8.63333333333333
"182","N.Foles",2022,"IND",2,42,25,225,0,4,59.5238095238095,5.35714285714286,112.5,-34.171226935013,-0.813600641309834,-7.73921310901643,0,9.52380952380952,8,16,2.6928275862069,2,8,0,4,1.8,0.9
"183","N.Mullens",2022,"MIN",4,25,21,224,1,1,84,8.96,56,12.4374951408125,0.497499805632498,NA,4,4,0,0,NA,4,8,0,2,11.76,2.94
"184","N.Mullens",2023,"MIN",5,148,100,1306,7,8,67.5675675675676,8.82432432432432,261.2,12.2968687689239,0.0830869511413774,5.45374433688744,4.72972972972973,5.4054054054054,12,7.5,3.11496655844156,10,25,0,2.5,66.74,13.348
"185","N.Mullens",2024,"MIN",4,2,2,38,0,0,100,19,9.5,4.86872562265489,2.43436281132745,NA,0,0,0,0,NA,3,-2,0,-0.666666666666667,1.32,0.33
"186","N.Peterman",2022,"CHI",3,25,14,139,1,1,56,5.56,46.3333333333333,-5.09347054600948,-0.203738821840379,-4.79502297545734,4,4,1,3.84615384615385,2.70231578947368,2,7,0,3.5,8.26,2.75333333333333
"187","N.Peterman",2023,"CHI",1,0,0,0,0,0,NA,NA,0,-0.094426492229104,NA,NA,NA,NA,1,100,NA,2,-4,0,-2,-0.4,-0.4
"188","N.Sudfeld",2022,"DET",2,0,0,0,0,0,NA,NA,0,-0.898727806800917,NA,NA,NA,NA,1,100,NA,5,-4,0,-0.8,-0.4,-0.2
"189","P.Mahomes",2022,"KC",20,748,507,5953,48,12,67.7807486631016,7.95855614973262,297.65,221.44917022054,0.296055040401791,-0.366715387119316,6.41711229946524,1.60427807486631,29,3.73230373230373,2.90243102775746,73,418,4,5.72602739726027,476.52,23.826
"190","P.Mahomes",2023,"KC",20,746,505,5234,33,15,67.6943699731903,7.01608579088472,261.7,86.9381060380434,0.116539016136787,-0.979814963216062,4.42359249329759,2.01072386058981,32,4.11311053984576,2.93926547945237,98,530,0,5.40816326530612,358.36,17.918
"191","P.Mahomes",2024,"KC",19,664,447,4607,31,13,67.3192771084337,6.93825301204819,242.473684210526,73.2501026013711,0.110316419580378,-1.58079983409611,4.66867469879518,1.9578313253012,47,6.61040787623066,2.78379417579965,80,389,4,4.8625,347.38,18.2831578947368
"192","P.Walker",2022,"CAR",6,106,63,731,3,3,59.4339622641509,6.89622641509434,121.833333333333,-19.9319120359565,-0.18803690599959,-8.87866286993629,2.83018867924528,2.83018867924528,7,6.19469026548673,2.32552241161616,6,39,0,6.5,39.14,6.52333333333333
"193","P.Walker",2023,"CLE",5,111,54,674,1,5,48.6486486486487,6.07207207207207,134.8,-34.9647333648879,-0.314997597881873,-11.7831104400271,0.900900900900901,4.5045045045045,11,9.01639344262295,2.97047564832385,13,30,0,2.30769230769231,19.96,3.992
"194","R.Tannehill",2022,"TEN",12,325,212,2536,14,6,65.2307692307692,7.80307692307692,211.333333333333,19.7171544133646,0.0606681674257372,2.57910276156366,4.30769230769231,1.84615384615385,33,9.21787709497207,2.75317762054733,34,98,2,2.88235294117647,165.24,13.77
"195","R.Tannehill",2023,"TEN",9,230,149,1616,4,7,64.7826086956522,7.02608695652174,179.555555555556,-22.8663676627939,-0.0994189898382344,0.624909402694189,1.73913043478261,3.04347826086957,32,12.2137404580153,2.66399382646221,17,74,1,4.35294117647059,80.04,8.89333333333333
"196","R.Wilson",2022,"DEN",15,483,292,3524,16,11,60.4554865424431,7.29606625258799,234.933333333333,-55.9970097279003,-0.115935837945963,-3.72023190600331,3.31262939958592,2.27743271221532,55,10.2230483271375,2.97900433666517,55,277,3,5.03636363636364,224.76,14.984
"197","R.Wilson",2023,"DEN",15,447,297,3070,26,8,66.4429530201342,6.86800894854586,204.666666666667,-16.336197524169,-0.0365463031860604,0.784501322889658,5.8165548098434,1.78970917225951,45,9.14634146341463,3.04321082878559,80,341,3,4.2625,256.9,17.1266666666667
"198","R.Wilson",2024,"PIT",12,365,234,2752,18,5,64.1095890410959,7.53972602739726,229.333333333333,7.14991098204764,0.0195887972110894,2.1650610097191,4.93150684931507,1.36986301369863,37,9.20398009950249,2.84072732131692,46,161,2,3.5,192.18,16.015
"199","S.Clifford",2023,"GB",2,1,1,37,0,0,100,37,18.5,2.14362682815408,2.14362682815408,NA,0,0,0,0,NA,3,-2,0,-0.666666666666667,1.28,0.64
"200","S.Darnold",2022,"CAR",6,140,82,1143,7,3,58.5714285714286,8.16428571428571,190.5,21.072685399864,0.1505191814276,1.82877352052362,5,2.14285714285714,10,6.66666666666667,3.26864859592162,26,106,2,4.07692307692308,86.32,14.3866666666667
"201","S.Darnold",2023,"SF",10,46,28,297,2,1,60.8695652173913,6.45652173913043,29.7,-0.262156721463623,-0.00569905916225268,1.64426152522747,4.34782608695652,2.17391304347826,6,11.5384615384615,3.0804,21,15,1,0.714285714285714,23.38,2.338
"202","S.Darnold",2024,"MIN",18,585,386,4564,36,13,65.982905982906,7.8017094017094,253.555555555556,21.6230136378549,0.0369624164749656,3.40712872512437,6.15384615384615,2.22222222222222,57,8.8785046728972,3.08453057447599,71,231,1,3.25352112676056,319.66,17.7588888888889
"203","S.Ehlinger",2022,"IND",4,101,64,573,3,3,63.3663366336634,5.67326732673267,143.25,-40.5837325680155,-0.401819134336787,-3.55133802094433,2.97029702970297,2.97029702970297,14,12.1739130434783,3.00830714642679,17,87,0,5.11764705882353,35.62,8.905
"204","S.Howell",2022,"WAS",1,19,11,169,1,1,57.8947368421053,8.89473684210526,169,-7.46178453790207,-0.392725501994846,0.214692636540057,5.26315789473684,5.26315789473684,3,13.6363636363636,2.67647368421053,5,35,1,7,18.26,18.26
"205","S.Howell",2023,"WAS",17,612,388,3946,21,21,63.3986928104575,6.44771241830065,232.117647058824,-103.661177627518,-0.169381009195292,-1.13202383001981,3.43137254901961,3.43137254901961,65,9.60118168389956,2.84561564119628,48,263,5,5.47916666666667,256.54,15.0905882352941
"206","S.Howell",2024,"SEA",1,14,5,24,0,1,35.7142857142857,1.71428571428571,24,-15.5729183114717,-1.11235130796226,NA,0,7.14285714285714,4,22.2222222222222,NA,1,2,0,2,-0.84,-0.84
"207","S.Rattler",2024,"NO",7,228,130,1317,4,5,57.0175438596491,5.77631578947368,188.142857142857,-74.7923269937251,-0.328036521902303,-10.0113099180331,1.75438596491228,2.19298245614035,22,8.8,2.81682908163265,18,146,0,8.11111111111111,67.28,9.61142857142857
"208","S.Thompson",2022,"MIA",8,150,78,754,2,5,52,5.02666666666667,94.25,-43.4111605918118,-0.289407737278746,-7.1869107052928,1.33333333333333,3.33333333333333,10,6.25,3.16721531443467,16,24,0,1.5,28.56,3.57
"209","S.Thompson",2024,"MIA",2,33,21,187,0,0,63.6363636363636,5.66666666666667,93.5,-15.5110251420131,-0.470031064909488,-3.35271107523066,0,0,6,15.3846153846154,2.68536842105263,1,4,0,4,7.88,3.94
"210","T.Bagent",2023,"CHI",5,143,94,859,3,6,65.7342657342657,6.00699300699301,171.8,-25.4177472920779,-0.177746484559985,-2.11823335341465,2.0979020979021,4.1958041958042,5,3.37837837837838,2.95838160990144,23,109,2,4.73913043478261,53.26,10.652
"211","T.Bagent",2024,"CHI",4,2,2,11,0,0,100,5.5,2.75,0.318867500929628,0.159433750464814,NA,0,0,0,0,NA,6,-7,0,-1.16666666666667,-0.26,-0.065
"212","T.Boyle",2022,"CHI",1,8,2,33,0,2,25,4.125,33,-4.50947897683363,-0.563684872104204,NA,0,25,0,0,NA,2,-2,0,-1,-2.88,-2.88
"213","T.Boyle",2023,"NYJ",3,77,48,360,1,4,62.3376623376623,4.67532467532468,120,-30.9875781070184,-0.402436079311927,-4.61898940174203,1.2987012987013,5.1948051948052,9,10.4651162790698,2.61219684210526,4,5,0,1.25,10.9,3.63333333333333
"214","T.Boyle",2024,"MIA",2,26,15,153,0,0,57.6923076923077,5.88461538461539,76.5,-7.09820680436678,-0.273007954014107,NA,0,0,1,3.7037037037037,NA,2,10,0,5,7.12,3.56
"215","T.Boyle",2024,"NYG",1,24,12,123,1,1,50,5.125,123,-7.38970461615827,-0.307904359006595,-9.35916087279717,4.16666666666667,4.16666666666667,1,4,2.480375,1,-1,0,-1,6.82,6.82
"216","T.Brady",2022,"TB",18,799,525,5045,27,10,65.7071339173967,6.31414267834793,280.277777777778,58.2214826452823,0.0728679382293897,-1.39966931092812,3.37922403003755,1.25156445556946,24,2.91616038882138,2.45080497738358,29,-1,1,-0.0344827586206897,293.7,16.3166666666667
"217","T.Bridgewater",2022,"MIA",5,79,49,683,4,4,62.0253164556962,8.64556962025316,136.6,0.383182439977755,0.00485041063262981,1.51773295683488,5.06329113924051,5.06329113924051,7,8.13953488372093,3.11520536635707,3,27,0,9,38.02,7.604
"218","T.Bridgewater",2023,"DET",1,0,0,0,0,0,NA,NA,0,0,NA,NA,NA,NA,0,NA,NA,2,-2,0,-1,-0.2,-0.2
"219","T.Bridgewater",2024,"DET",1,1,1,3,0,0,100,3,3,-0.131951791699976,-0.131951791699976,NA,0,0,0,0,NA,0,0,0,NA,0.12,0.12
"220","T.DeVito",2023,"NYG",9,178,114,1101,8,3,64.0449438202247,6.18539325842697,122.333333333333,-49.3222322049457,-0.277091192162616,-2.16013542624752,4.49438202247191,1.68539325842697,37,17.2093023255814,3.03070759470455,36,195,1,5.41666666666667,93.54,10.3933333333333
"221","T.DeVito",2024,"NYG",2,44,31,257,0,0,70.4545454545455,5.84090909090909,128.5,-8.00893249030923,-0.182021192961574,0.293461329513974,0,0,6,12,2.67645161290323,8,32,0,4,13.48,6.74
"222","T.Heinicke",2022,"WAS",9,259,161,1859,12,6,62.1621621621622,7.17760617760618,206.555555555556,-12.7109937517172,-0.0490771959525761,1.85053929556283,4.63320463320463,2.31660231660232,19,6.83453237410072,2.97712693363745,28,96,1,3.42857142857143,115.96,12.8844444444444
"223","T.Heinicke",2023,"ATL",5,136,74,890,5,4,54.4117647058823,6.54411764705882,178,-1.64327910840989,-0.0120829346206609,-8.69428376208007,3.67647058823529,2.94117647058824,8,5.55555555555556,2.89710443327564,15,124,1,8.26666666666667,66,13.2
"224","T.Heinicke",2024,"LAC",4,5,3,28,0,0,60,5.6,7,-5.95559958711965,-1.19111991742393,NA,0,0,3,37.5,NA,2,20,0,10,3.12,0.78
"225","T.Hill",2022,"NO",16,19,13,240,2,0,68.421052631579,12.6315789473684,15,12.5861815645576,0.662430608660928,NA,10.5263157894737,0,2,9.52380952380952,NA,96,575,7,5.98958333333333,136.8,8.55
"226","T.Huntley",2022,"BAL",6,141,92,884,4,4,65.2482269503546,6.26950354609929,147.333333333333,-3.7453263161318,-0.0265625979867503,-1.13658861837646,2.83687943262411,2.83687943262411,9,6,2.86563170080045,52,191,1,3.67307692307692,68.46,11.41
"227","T.Huntley",2023,"BAL",5,37,21,203,3,0,56.7567567567568,5.48648648648649,40.6,3.80045475512065,0.102714993381639,-11.465481455837,8.10810810810811,0,4,9.75609756097561,3.32235714285714,15,55,0,3.66666666666667,25.62,5.124
"228","T.Huntley",2024,"MIA",5,133,86,829,3,3,64.6616541353383,6.23308270676692,165.8,-17.8480365150601,-0.134195763271129,0.819653866058248,2.25563909774436,2.25563909774436,15,10.1351351351351,2.61919713754381,26,135,2,5.19230769230769,60.66,12.132
"229","T.Lance",2022,"SF",2,31,15,194,0,1,48.3870967741936,6.25806451612903,97,-9.72571229066573,-0.313732654537604,-19.5726425520011,0,3.2258064516129,2,6.06060606060606,2.94214285714286,16,67,0,4.1875,12.46,6.23
"230","T.Lance",2024,"DAL",4,41,25,266,0,1,60.9756097560976,6.48780487804878,66.5,-8.36433636120222,-0.204008203931762,-3.27277760404873,0,2.4390243902439,4,8.88888888888889,2.488,11,41,0,3.72727272727273,12.74,3.185
"231","T.Lawrence",2022,"JAX",19,670,439,4618,30,13,65.5223880597015,6.89253731343284,243.052631578947,77.6283766790101,0.115863248774642,-1.05409781004599,4.47761194029851,1.94029850746269,31,4.42225392296719,2.55825576595174,66,325,5,4.92424242424242,331.22,17.4326315789474
"232","T.Lawrence",2023,"JAX",16,564,370,4016,21,14,65.6028368794326,7.12056737588652,251,0.77731385626768,0.0013782160572122,-0.0713178044938028,3.72340425531915,2.4822695035461,35,5.84307178631052,2.51142421131882,70,339,4,4.84285714285714,262.54,16.40875
"233","T.Lawrence",2024,"JAX",10,284,172,2045,11,7,60.5633802816901,7.20070422535211,204.5,3.90157262062849,0.0137379317627764,-3.58709584356014,3.87323943661972,2.46478873239437,18,5.96026490066225,2.67967391859859,26,119,3,4.57692307692308,145.7,14.57
"234","T.McKee",2024,"PHI",2,45,30,323,4,0,66.6666666666667,7.17777777777778,161.5,14.6777132762997,0.326171406139994,-2.46490639884297,8.88888888888889,0,2,4.25531914893617,2.63426829268293,5,-1,0,-0.2,28.82,14.41
"235","T.McSorley",2022,"ARI",5,83,45,412,0,5,54.2168674698795,4.96385542168675,82.4,-36.3881795077863,-0.43841180129863,-15.7191002762152,0,6.02409638554217,3,3.48837209302326,2.67865681818182,15,61,0,4.06666666666667,8.58,1.716
"236","T.Siemian",2022,"CHI",2,26,15,184,1,1,57.6923076923077,7.07692307692308,92,-7.15439133248344,-0.275168897403209,-4.32102137804031,3.84615384615385,3.84615384615385,2,7.14285714285714,2.65568,4,8,0,2,10.16,5.08
"237","T.Siemian",2023,"NYJ",5,153,86,724,2,4,56.2091503267974,4.73202614379085,144.8,-54.5947052367237,-0.356828138802116,-8.57888723367014,1.30718954248366,2.61437908496732,8,4.96894409937888,2.52131207264957,11,40,0,3.63636363636364,26.96,5.392
"238","T.Tagovailoa",2022,"MIA",13,400,259,3548,25,8,64.75,8.87,272.923076923077,97.3682334299746,0.243420583574936,-1.14489507928205,6.25,2,21,4.98812351543943,2.60531351972102,24,70,0,2.91666666666667,230.92,17.7630769230769
"239","T.Tagovailoa",2023,"MIA",18,599,408,4823,30,15,68.1135225375626,8.05175292153589,267.944444444444,109.623520375969,0.183010885435674,0.856861954758861,5.00834724540902,2.50417362270451,31,4.92063492063492,2.37355617699928,38,99,0,2.60526315789474,284.82,15.8233333333333
"240","T.Tagovailoa",2024,"MIA",11,399,291,2867,19,7,72.9323308270677,7.18546365914787,260.636363636364,84.674154893303,0.212215927050885,0.96875516762137,4.76190476190476,1.75438596491228,21,5,2.42153291687198,17,49,0,2.88235294117647,181.58,16.5072727272727
"241","T.Taylor",2022,"NYG",2,8,6,58,1,1,75,7.25,29,-4.38533691049088,-0.54816711381136,NA,12.5,12.5,3,27.2727272727273,NA,5,70,0,14,11.32,5.66
"242","T.Taylor",2023,"NYG",10,180,116,1341,5,3,64.4444444444444,7.45,134.1,2.11601569665396,0.0117556427591887,1.04673556143183,2.77777777777778,1.66666666666667,17,8.62944162436548,2.87066021225732,38,197,0,5.18421052631579,87.34,8.734
"243","T.Taylor",2024,"NYJ",2,22,17,119,3,0,77.2727272727273,5.40909090909091,59.5,11.9040861275571,0.541094823979868,NA,13.6363636363636,0,0,0,NA,3,13,0,4.33333333333333,20.06,10.03
"244","W.Levis",2023,"TEN",9,255,149,1808,8,4,58.4313725490196,7.09019607843137,200.888888888889,-13.8864908396109,-0.0544568268220036,-1.77801217535911,3.13725490196078,1.56862745098039,28,9.89399293286219,2.84653602055192,25,57,1,2.28,102.02,11.3355555555556
"245","W.Levis",2024,"TEN",12,301,190,2091,13,12,63.1229235880399,6.9468438538206,174.25,-65.6249321402618,-0.218023030366318,-1.32908961416166,4.31893687707641,3.98671096345515,41,11.9883040935673,2.66840732473932,45,183,0,4.06666666666667,119.94,9.995
"246","Z.Wilson",2022,"NYJ",9,242,132,1688,6,7,54.5454545454545,6.97520661157025,187.555555555556,-36.2110549518601,-0.149632458478761,-6.2230709548705,2.47933884297521,2.89256198347107,23,8.67924528301887,3.08358889634906,28,102,1,3.64285714285714,97.92,10.88
"247","Z.Wilson",2023,"NYJ",12,368,221,2271,8,7,60.054347826087,6.17119565217391,189.25,-101.300151591588,-0.275272151064097,-1.77742934261987,2.17391304347826,1.90217391304348,46,11.1111111111111,2.90741430034612,36,211,0,5.86111111111111,119.94,9.995
