"","player_name","season","team","games","total_targets","total_receptions","total_receiving_yards","total_receiving_tds","catch_rate","receiving_yards_per_game","targets_per_game","total_receiving_epa","rec_epa_per_target","yards_per_target","yards_per_reception","total_air_yards","total_yac","avg_separation","avg_racr","avg_wopr","total_explosive_catches","explosive_rate","total_fantasy_points","fantasy_points_per_game"
"1","A.Barner",2024,"SEA",14,38,30,245,4,78.9473684210526,17.5,2.71428571428571,11.0866415139171,0.291753724050451,6.44736842105263,8.16666666666667,136,164,4.09842238430921,2.40282895767002,0.165533495545863,4,13.3333333333333,78.5,5.60714285714286
"2","A.Firkser",2022,"ATL",8,13,9,100,0,69.2307692307692,12.5,1.625,2.51375165889613,0.193365512222779,7.69230769230769,11.1111111111111,108,20,NA,0.984058156755525,0.130654445972921,2,22.2222222222222,19,2.375
"3","A.Firkser",2023,"DET",1,1,1,8,0,100,8,1,1.17163440826698,1.17163440826698,8,8,4,4,NA,2,0.0450471698113208,0,0,1.8,1.8
"4","A.Hooper",2022,"TEN",17,60,41,444,2,68.3333333333333,26.1176470588235,3.52941176470588,26.1507010481437,0.435845017469061,7.4,10.8292682926829,480,130,2.34917590768976,1.26043146738451,0.315163285846469,10,24.390243902439,97.4,5.72941176470588
"5","A.Hooper",2023,"LV",16,31,25,234,0,80.6451612903226,14.625,1.9375,11.3596193930716,0.366439335260375,7.54838709677419,9.36,130,142,3.89500255517779,2.34096308479532,0.128730438622313,4,16,48.4,3.025
"6","A.Hooper",2024,"NE",17,59,45,476,3,76.271186440678,28,3.47058823529412,12.7047326869698,0.215334452321522,8.06779661016949,10.5777777777778,386,225,3.18440700483721,1.58908280892626,0.258360986591954,9,20,108.6,6.38823529411765
"7","A.Ogletree",2023,"IND",10,21,9,147,2,42.8571428571429,14.7,2.1,9.11115194103331,0.433864378144443,7,16.3333333333333,209,30,NA,0.608842838842839,0.162244390440438,3,33.3333333333333,35.7,3.57
"8","A.Ogletree",2024,"IND",11,14,9,109,1,64.2857142857143,9.90909090909091,1.27272727272727,1.29176330126938,0.0922688072335274,7.78571428571429,12.1111111111111,150,50,NA,0.86509324009324,0.110480782675117,3,33.3333333333333,25.9,2.35454545454545
"9","A.Okwuegbunam",2022,"DEN",6,18,10,95,1,55.5555555555556,15.8333333333333,3,-2.28685099752309,-0.127047277640172,5.27777777777778,9.5,99,59,3.15775009971809,1.19528875379939,0.185802842457748,2,20,25.5,4.25
"10","A.Okwuegbunam",2023,"PHI",1,1,0,0,0,0,0,1,-0.425066940486431,-0.425066940486431,0,NA,10,0,NA,0,0.0591256569517439,0,NA,0,0
"11","A.Rogers",2022,"WAS",5,6,5,64,0,83.3333333333333,12.8,1.2,3.62085561174899,0.603475935291499,10.6666666666667,12.8,13,57,NA,1.64444444444444,0.110671750870488,2,40,14,2.8
"12","A.Trautman",2022,"NO",12,22,18,207,1,81.8181818181818,17.25,1.83333333333333,8.53289979166584,0.387859081439356,9.40909090909091,11.5,118,123,NA,2.47876984126984,0.131776776049116,4,22.2222222222222,44.7,3.725
"13","A.Trautman",2023,"DEN",16,35,22,204,3,62.8571428571429,12.75,2.1875,-1.09609563059367,-0.0313170180169621,5.82857142857143,9.27272727272727,226,98,4.41121726238215,0.824527872604982,0.178095881492497,5,22.7272727272727,60.4,3.775
"14","A.Trautman",2024,"DEN",14,23,14,190,2,60.8695652173913,13.5714285714286,1.64285714285714,5.49940689236973,0.239104647494336,8.26086956521739,13.5714285714286,127,98,NA,2.09783702725609,0.102617930085192,3,21.4285714285714,45,3.21428571428571
"15","B.Bates",2024,"CLE",1,1,0,0,0,0,0,1,-0.801100357901305,-0.801100357901305,0,NA,-2,0,NA,0,0.0398989898989899,0,NA,0,0
"16","B.Bell",2022,"KC",3,4,3,24,1,75,8,1.33333333333333,0.968043552886229,0.242010888221557,6,8,25,8,NA,0.574786324786325,0.0869403856480961,0,0,11.4,3.8
"17","B.Bell",2023,"KC",6,9,5,26,1,55.5555555555556,4.33333333333333,1.5,-12.218715450319,-1.35763505003544,2.88888888888889,5.2,30,19,NA,0.389957264957265,0.0780156822766144,0,0,11.6,1.93333333333333
"18","B.Bowers",2024,"LV",17,153,112,1194,5,73.202614379085,70.2352941176471,9,27.1055814055351,0.177160662781275,7.80392156862745,10.6607142857143,923,596,3.3045448758506,1.38388843004207,0.545345290139473,16,14.2857142857143,262.7,15.4529411764706
"19","B.Cupp",2024,"KC",1,1,0,0,0,0,0,1,-0.678179833921604,-0.678179833921604,0,NA,0,0,NA,NA,0.0416666666666667,0,NA,0,0
"20","B.Ellefson",2022,"MIN",2,3,3,26,0,100,13,1.5,0.745387402595952,0.248462467531984,8.66666666666667,8.66666666666667,15,11,NA,1.85714285714286,0.0826502097644441,1,33.3333333333333,5.6,2.8
"21","B.Hopkins",2022,"LA",7,11,7,109,0,63.6363636363636,15.5714285714286,1.57142857142857,0.946936732935187,0.0860851575395625,9.90909090909091,15.5714285714286,113,33,NA,0.778811126653844,0.166287076558184,2,28.5714285714286,17.9,2.55714285714286
"22","B.Hopkins",2023,"LA",4,7,5,78,0,71.4285714285714,19.5,1.75,3.05575129084173,0.436535898691675,11.1428571428571,15.6,66,32,NA,3.19897084048027,0.158903951801382,2,40,12.8,3.2
"23","B.Jordan",2022,"HOU",9,28,14,128,0,50,14.2222222222222,3.11111111111111,-13.6912652464542,-0.488973758801934,4.57142857142857,9.14285714285714,205,78,4.65485298348697,1.26551827801828,0.201139478434094,3,21.4285714285714,26.8,2.97777777777778
"24","B.Jordan",2023,"HOU",11,23,18,295,3,78.2608695652174,26.8181818181818,2.09090909090909,22.5885798480595,0.982112167306933,12.8260869565217,16.3888888888889,121,196,5.02120612369844,4.29636657277866,0.125562318897795,5,27.7777777777778,65.5,5.95454545454545
"25","B.Jordan",2024,"HOU",2,3,2,7,0,66.6666666666667,3.5,1.5,1.45120431156829,0.483734770522763,2.33333333333333,3.5,1,3,NA,0.666666666666667,0.0716931071003045,0,0,2.7,1.35
"26","B.Sims",2023,"GB",7,7,5,25,1,71.4285714285714,3.57142857142857,1,1.70607967901742,0.24372566843106,3.57142857142857,5,32,20,NA,0.857142857142857,0.0596983051926125,0,0,13.5,1.92857142857143
"27","B.Sims",2024,"GB",4,5,4,42,0,80,10.5,1.25,2.15426767402096,0.430853534804191,8.4,10.5,40,16,NA,1.16304347826087,0.101214465821673,1,25,8.2,2.05
"28","B.Sinnott",2024,"WAS",5,6,6,51,1,100,10.2,1.2,5.43370228557615,0.905617047596024,8.5,8.5,25,26,NA,1.65416666666667,0.0801373933966345,1,16.6666666666667,17.1,3.42
"29","B.Spann-Ford",2024,"DAL",6,14,9,88,0,64.2857142857143,14.6666666666667,2.33333333333333,1.33205619949149,0.0951468713922493,6.28571428571429,9.77777777777778,82,53,5.60022584840881,1.01262626262626,0.120442911349497,3,33.3333333333333,17.8,2.96666666666667
"30","B.Strange",2023,"JAX",5,9,5,35,1,55.5555555555556,7,1.8,-0.461921395751558,-0.0513245995279508,3.88888888888889,7,68,28,NA,0.913636363636364,0.132253468031681,1,20,14.5,2.9
"31","B.Strange",2024,"JAX",14,53,40,411,2,75.4716981132076,29.3571428571429,3.78571428571429,18.9472138588974,0.357494601111271,7.75471698113208,10.275,341,183,2.97860032149508,1.20599654078851,0.23250544446145,8,20,91.1,6.50714285714286
"32","B.Whiteheart",2024,"CLE",7,9,6,51,1,66.6666666666667,7.28571428571429,1.28571428571429,-3.7565755097894,-0.417397278865489,5.66666666666667,8.5,81,10,NA,0.73015873015873,0.087351975203905,1,16.6666666666667,17.1,2.44285714285714
"33","B.Willis",2024,"SF",1,2,0,0,0,0,0,2,-1.44614098226884,-0.723070491134422,0,NA,11,0,NA,0,0.0944136460554371,0,NA,0,0
"34","B.Wright",2022,"DET",13,24,18,216,4,75,16.6153846153846,1.84615384615385,16.8101057099702,0.70042107124876,9,12,72,165,NA,2.97168803418803,0.109372849796168,5,27.7777777777778,63.6,4.89230769230769
"35","B.Wright",2023,"DET",9,15,14,120,1,93.3333333333333,13.3333333333333,1.66666666666667,7.28161519381683,0.485441012921122,8,8.57142857142857,42,76,NA,3.02861952861953,0.0927622323556147,2,14.2857142857143,32,3.55555555555556
"36","B.Wright",2024,"DET",10,16,13,100,2,81.25,10,1.6,3.07957599830115,0.192473499893822,6.25,7.69230769230769,81,75,4.6559799751505,1.32410256410256,0.128519619458515,2,15.3846153846154,35,3.5
"37","C.Brate",2022,"TB",10,41,21,182,1,51.219512195122,18.2,4.1,-11.176392037111,-0.272594927734414,4.4390243902439,8.66666666666667,287,66,3.56991017080431,0.525655415893316,0.214608416786066,3,14.2857142857143,45.2,4.52
"38","C.Fotheringham",2023,"LV",1,1,1,6,0,100,6,1,0.212422261014581,0.212422261014581,6,6,1,5,NA,6,0.0835225318197454,0,0,1.6,1.6
"39","C.Grandy",2024,"CIN",4,5,5,28,0,100,7,1.25,2.77874316496309,0.555748632992618,5.6,5.6,12,16,NA,2.83333333333333,0.0535640080456036,0,0,7.8,1.95
"40","C.Heyward",2022,"PIT",8,17,12,151,1,70.5882352941177,18.875,2.125,4.05112559403642,0.238301505531554,8.88235294117647,12.5833333333333,92,62,NA,1.44639439507861,0.133264431775898,2,16.6666666666667,35.8,4.475
"41","C.Heyward",2023,"PIT",12,35,24,172,0,68.5714285714286,14.3333333333333,2.91666666666667,-4.09778754195238,-0.117079644055782,4.91428571428571,7.16666666666667,180,94,2.60365331980635,1.25722222222222,0.187980832160133,4,16.6666666666667,41.2,3.43333333333333
"42","C.Heyward",2024,"PIT",5,8,6,40,1,75,8,1.6,0.155025396263227,0.0193781745329034,5,6.66666666666667,67,7,NA,1.08846153846154,0.124744447447751,1,16.6666666666667,16,3.2
"43","C.Kmet",2022,"CHI",17,69,50,544,7,72.463768115942,32,4.05882352941176,12.1786443009717,0.176502091318431,7.88405797101449,10.88,463,286,4.67200839950309,1.11934989210063,0.386213182587904,12,24,147.3,8.66470588235294
"44","C.Kmet",2023,"CHI",15,90,73,719,6,81.1111111111111,47.9333333333333,6,32.5224477836288,0.361360530929209,7.98888888888889,9.84931506849315,557,290,4.08062461582616,1.56994947226118,0.446523762532231,14,19.1780821917808,181.1,12.0733333333333
"45","C.Kmet",2024,"CHI",14,55,47,474,4,85.4545454545455,33.8571428571429,3.92857142857143,27.9099520664242,0.507453673934985,8.61818181818182,10.0851063829787,393,181,4.65830871197877,1.2871591083938,0.255099899412446,8,17.0212765957447,120.4,8.6
"46","C.Kolar",2022,"BAL",1,6,4,49,0,66.6666666666667,49,6,2.57182008448145,0.428636680746908,8.16666666666667,12.25,49,20,2.1473312846107,1,0.312566516577978,1,25,8.9,8.9
"47","C.Kolar",2023,"BAL",7,10,8,91,1,80,13,1.42857142857143,7.56723188512842,0.756723188512842,9.1,11.375,92,17,NA,1.13232600732601,0.141948096682157,1,12.5,23.1,3.3
"48","C.Kolar",2024,"BAL",7,11,9,131,1,81.8181818181818,18.7142857142857,1.57142857142857,8.18753102075425,0.74432100188675,11.9090909090909,14.5555555555556,66,76,NA,5.6961038961039,0.105692638760545,2,22.2222222222222,28.3,4.04285714285714
"49","C.Manhertz",2022,"JAX",6,8,6,42,0,75,7,1.33333333333333,-0.692976174643263,-0.0866220218304079,5.25,7,21,35,NA,4.0625,0.0697492937637476,1,16.6666666666667,10.2,1.7
"50","C.Manhertz",2023,"DEN",4,4,2,16,0,50,4,1,0.0510975641082041,0.012774391027051,4,8,12,10,NA,1.33333333333333,0.0596172032757976,0,0,3.6,0.9
"51","C.Manhertz",2024,"NYG",4,4,3,30,1,75,7.5,1,2.54974747763481,0.637436869408702,7.5,10,15,19,NA,2.67857142857143,0.0690161144805371,0,0,12,3
"52","C.Myarick",2022,"NYG",7,8,7,65,1,87.5,9.28571428571429,1.14285714285714,7.24267490941565,0.905334363676957,8.125,9.28571428571429,23,38,NA,1.65,0.075818549566208,2,28.5714285714286,19.5,2.78571428571429
"53","C.Okonkwo",2022,"TEN",15,46,32,450,3,69.5652173913043,30,3.06666666666667,22.7835941986184,0.495295526056921,9.78260869565217,14.0625,353,252,3.31382117777264,1.22851585315191,0.297805482746352,10,31.25,97.2,6.48
"54","C.Okonkwo",2023,"TEN",17,77,54,528,1,70.1298701298701,31.0588235294118,4.52941176470588,7.75504169724428,0.100714827236939,6.85714285714286,9.77777777777778,525,260,3.92100739266757,0.978067080003157,0.334946818433248,13,24.0740740740741,113.4,6.67058823529412
"55","C.Okonkwo",2024,"TEN",16,70,52,479,2,74.2857142857143,29.9375,4.375,-8.388308787033,-0.1198329826719,6.84285714285714,9.21153846153846,415,249,3.85469636424377,2.6928565445599,0.288627898299103,7,13.4615384615385,113.6,7.1
"56","C.Otton",2022,"TB",15,72,46,449,2,63.8888888888889,29.9333333333333,4.8,7.3265611966452,0.10175779439785,6.23611111111111,9.76086956521739,431,216,3.41699109652508,1.36871207053705,0.220596130023278,10,21.7391304347826,102.9,6.86
"57","C.Otton",2023,"TB",18,86,60,609,5,69.7674418604651,33.8333333333333,4.77777777777778,16.8407668623695,0.195822870492669,7.08139534883721,10.15,573,302,3.15362880779442,1.42467873231317,0.292289397526662,10,16.6666666666667,150.9,8.38333333333333
"58","C.Otton",2024,"TB",15,89,61,632,4,68.5393258426966,42.1333333333333,5.93333333333333,15.0469091774859,0.16906639525265,7.10112359550562,10.3606557377049,484,330,2.8564372491157,1.62024286482195,0.377808867220453,12,19.672131147541,145.8,9.72
"59","C.Parkinson",2022,"SEA",15,40,28,336,2,70,22.4,2.66666666666667,7.33925155803445,0.183481288950861,8.4,12,313,155,2.67675963870855,1.82473443829225,0.181724898426411,7,25,73.6,4.90666666666667
"60","C.Parkinson",2023,"SEA",14,34,25,247,2,73.5294117647059,17.6428571428571,2.42857142857143,8.38113039895061,0.246503835263253,7.26470588235294,9.88,218,86,2.5607654960772,1.24615052123061,0.166707798271663,5,20,61.7,4.40714285714286
"61","C.Parkinson",2024,"LA",17,53,34,316,2,64.1509433962264,18.5882352941176,3.11764705882353,5.54276691678303,0.104580507863831,5.9622641509434,9.29411764705882,277,168,3.47316892834435,1.63483665156213,0.193923789578959,6,17.6470588235294,77.6,4.56470588235294
"62","C.Stover",2024,"HOU",14,26,19,161,1,73.0769230769231,11.5,1.85714285714286,5.26119208475575,0.202353541721375,6.19230769230769,8.47368421052632,127,113,NA,1.27854875283447,0.112388896030516,3,15.7894736842105,41.1,2.93571428571429
"63","C.Turner",2022,"WAS",5,9,2,23,0,22.2222222222222,4.6,1.8,-6.74938240201811,-0.749931378002012,2.55555555555556,11.5,68,7,NA,0.2875,0.146218677212984,1,50,4.3,0.86
"64","C.Turner",2023,"WAS",7,15,11,120,0,73.3333333333333,17.1428571428571,2.14285714285714,-0.00512866155581748,-0.000341910770387832,8,10.9090909090909,102,50,1.86927617376962,1.02178905750334,0.148348993744451,3,27.2727272727273,23,3.28571428571429
"65","C.Uzomah",2022,"NYJ",12,27,21,232,2,77.7777777777778,19.3333333333333,2.25,11.2493308015983,0.416641881540676,8.59259259259259,11.047619047619,196,105,3.3551300464419,1.45778490274007,0.1478289972768,5,23.8095238095238,56.2,4.68333333333333
"66","C.Uzomah",2023,"NYJ",7,12,8,58,1,66.6666666666667,8.28571428571429,1.71428571428571,-3.38903699922957,-0.282419749935798,4.83333333333333,7.25,64,33,3.6894717524956,2.34319727891156,0.0938125453325189,0,0,19.8,2.82857142857143
"67","C.Woerner",2022,"SF",2,2,0,0,0,0,0,1,-1.41615797951818,-0.708078989759088,0,NA,43,0,NA,0,0.129031962862104,0,NA,0,0
"68","C.Woerner",2023,"SF",3,3,3,32,0,100,10.6666666666667,1,1.60738242219668,0.535794140732226,10.6666666666667,10.6666666666667,12,20,NA,2.10606060606061,0.0662538207654538,1,33.3333333333333,6.2,2.06666666666667
"69","C.Woerner",2024,"ATL",8,12,7,46,0,58.3333333333333,5.75,1.5,-5.70739780773874,-0.475616483978229,3.83333333333333,6.57142857142857,35,21,NA,1.08958333333333,0.110062489968339,0,0,11.6,1.45
"70","D.Allen",2023,"LA",5,13,12,123,1,92.3076923076923,24.6,2.6,12.1830864286167,0.937160494508974,9.46153846153846,10.25,33,93,5.43914095191866,1.66388888888889,0.145001891646857,3,25,30.3,6.06
"71","D.Allen",2024,"LA",7,15,7,52,1,46.6666666666667,7.42857142857143,2.14285714285714,-1.69325861082836,-0.112883907388557,3.46666666666667,7.42857142857143,60,29,4.08584821493175,0.52687969924812,0.108823675114252,1,14.2857142857143,18.2,2.6
"72","D.Arnold",2022,"JAX",10,13,9,135,0,69.2307692307692,13.5,1.3,5.84869649494067,0.449899730380051,10.3846153846154,15,87,70,NA,1.64468137254902,0.0881299574923051,3,33.3333333333333,22.5,2.25
"73","D.Asiasi",2022,"CIN",3,4,2,5,0,50,1.66666666666667,1.33333333333333,-1.46407437778544,-0.366018594446359,1.25,2.5,59,0,NA,0.333333333333333,0.113434102666246,0,0,2.5,0.833333333333333
"74","D.Bellinger",2022,"NYG",13,40,33,289,3,82.5,22.2307692307692,3.07692307692308,10.6096239981998,0.265240599954996,7.225,8.75757575757576,158,159,4.75821122139562,2.63654641579743,0.226996564699497,7,21.2121212121212,86.1,6.62307692307692
"75","D.Bellinger",2023,"NYG",13,28,25,255,0,89.2857142857143,19.6153846153846,2.15384615384615,8.48108833422884,0.302896011936744,9.10714285714286,10.2,130,134,5.19960917742495,2.62381539600098,0.160531901775612,5,20,50.5,3.88461538461538
"76","D.Bellinger",2024,"NYG",7,17,14,125,0,82.3529411764706,17.8571428571429,2.42857142857143,5.34758740878897,0.31456396522288,7.35294117647059,8.92857142857143,69,53,3.1927675478674,2.86488949646844,0.128331639105235,2,14.2857142857143,26.5,3.78571428571429
"77","D.Culp",2024,"TB",2,6,5,88,0,83.3333333333333,44,3,7.84954318283783,1.30825719713964,14.6666666666667,17.6,73,31,NA,1.30260869565217,0.241516222472389,2,40,13.8,6.9
"78","D.Goedert",2022,"PHI",15,87,71,843,4,81.6091954022989,56.2,5.8,54.5408309386276,0.626906102742846,9.68965517241379,11.8732394366197,521,473,3.63644921261374,2.20956021684096,0.426099771247513,15,21.1267605633803,177.3,11.82
"79","D.Goedert",2023,"PHI",15,89,63,613,4,70.7865168539326,40.8666666666667,5.93333333333333,14.4595571792132,0.162466934597901,6.8876404494382,9.73015873015873,482,326,3.17142323700554,1.47851004167715,0.379010766781035,13,20.6349206349206,148.4,9.89333333333333
"80","D.Goedert",2024,"PHI",14,72,59,711,3,81.9444444444444,50.7857142857143,5.14285714285714,32.5883507719167,0.452615982943288,9.875,12.0508474576271,458,386,4.05390456549515,1.26960534843438,0.43575295316852,12,20.3389830508475,149.4,10.6714285714286
"81","D.Holker",2024,"NO",2,4,3,21,0,75,10.5,2,-0.944589482736774,-0.236147370684193,5.25,7,36,13,NA,0.148648648648649,0.120293943764576,0,0,5.1,2.55
"82","D.Kincaid",2023,"BUF",18,102,81,777,3,79.4117647058823,43.1666666666667,5.66666666666667,17.5541418300832,0.172099429706698,7.61764705882353,9.59259259259259,636,358,3.54875455049552,1.57729697428762,0.364349122447324,14,17.283950617284,174.7,9.70555555555556
"83","D.Kincaid",2024,"BUF",16,84,50,519,2,59.5238095238095,32.4375,5.25,14.9300972902054,0.177739253454826,6.17857142857143,10.38,671,296,3.44559705445479,1.30171159862689,0.40294256847135,12,24,113.9,7.11875
"84","D.Knox",2022,"BUF",17,77,56,602,7,72.7272727272727,35.4117647058824,4.52941176470588,22.3063896028769,0.289693371465933,7.81818181818182,10.75,616,216,3.65933077509338,1.3678112368899,0.287755107473667,12,21.4285714285714,158.2,9.30588235294118
"85","D.Knox",2023,"BUF",12,39,24,199,3,61.5384615384615,16.5833333333333,3.25,-10.1255993796279,-0.259630753323793,5.1025641025641,8.29166666666667,271,101,3.8694521325954,1.0909617000727,0.199402318557451,4,16.6666666666667,63.9,5.325
"86","D.Knox",2024,"BUF",17,39,26,356,1,66.6666666666667,20.9411764705882,2.29411764705882,9.90043384989258,0.253857278202374,9.12820512820513,13.6923076923077,385,111,3.52934932271503,0.858790455303883,0.196963857445673,8,30.7692307692308,67.6,3.97647058823529
"87","D.Martin-Robinson",2024,"TEN",2,2,1,6,0,50,3,1,0.269109175424092,0.134554587712046,3,6,0,6,NA,0,0.0461647727272727,0,0,1.6,0.8
"88","D.Njoku",2022,"CLE",14,80,58,628,4,72.5,44.8571428571429,5.71428571428571,24.6575731012328,0.30821966376541,7.85,10.8275862068966,535,332,3.01018953361377,1.58167250335059,0.391795325245122,11,18.9655172413793,142,10.1428571428571
"89","D.Njoku",2023,"CLE",17,134,88,975,6,65.6716417910448,57.3529411764706,7.88235294117647,-9.50715540275592,-0.0709489209160889,7.27611940298507,11.0795454545455,701,618,3.30348550972396,2.68835961543207,0.427236659705357,16,18.1818181818182,217.5,12.7941176470588
"90","D.Njoku",2024,"CLE",11,97,64,505,5,65.979381443299,45.9090909090909,8.81818181818182,-7.31248026989264,-0.0753863945349756,5.20618556701031,7.890625,510,251,3.26791911588323,1.31131607713572,0.445644231466868,9,14.0625,148.5,13.5
"91","D.Parham",2022,"LAC",7,17,14,153,1,82.3529411764706,21.8571428571429,2.42857142857143,8.21040189461624,0.482964817330367,9,10.9285714285714,158,44,2.72569767050871,0.931844737895158,0.154116195999403,4,28.5714285714286,35.3,5.04285714285714
"92","D.Parham",2023,"LAC",13,41,27,285,4,65.8536585365854,21.9230769230769,3.15384615384615,18.289647645852,0.446088966972,6.95121951219512,10.5555555555556,306,126,3.40474390067614,1.24261373909533,0.187723383974065,4,14.8148148148148,79.5,6.11538461538461
"93","D.Sample",2022,"CIN",2,2,2,-2,0,100,-1,1,-3.01596434186873,-1.50798217093437,-1,-1,-2,0,NA,0.5,0.0302073492445427,0,0,1.8,0.9
"94","D.Sample",2023,"CIN",14,27,22,163,2,81.4814814814815,11.6428571428571,1.92857142857143,0.496050484361357,0.0183722401615317,6.03703703703704,7.40909090909091,29,173,NA,0.411269841269841,0.0856865652722534,3,13.6363636363636,50.3,3.59285714285714
"95","D.Sample",2024,"CIN",11,22,20,109,1,90.9090909090909,9.90909090909091,2,4.76400594832376,0.216545724923807,4.95454545454545,5.45,34,81,NA,1.69794372294372,0.0876178955760562,1,5,36.5,3.31818181818182
"96","D.Schultz",2022,"DAL",17,107,69,699,8,64.4859813084112,41.1176470588235,6.29411764705882,7.17556100202326,0.0670613177759184,6.53271028037383,10.1304347826087,811,222,3.13637531610197,1.00906920998959,0.406903307935531,13,18.8405797101449,184.9,10.8764705882353
"97","D.Schultz",2023,"HOU",17,97,65,715,6,67.0103092783505,42.0588235294118,5.70588235294118,28.5851205954215,0.294691964901253,7.37113402061856,11,797,263,3.22120121767535,0.860876916402832,0.377452847984512,12,18.4615384615385,170.5,10.0294117647059
"98","D.Schultz",2024,"HOU",19,93,59,618,2,63.4408602150538,32.5263157894737,4.89473684210526,7.49156278932451,0.0805544385948872,6.64516129032258,10.4745762711864,777,237,3.20612189341775,0.888545036942724,0.338005860187448,16,27.1186440677966,132.8,6.98947368421053
"99","D.Smythe",2022,"MIA",13,21,16,149,1,76.1904761904762,11.4615384615385,1.61538461538462,0.654897650129804,0.0311856023871335,7.0952380952381,9.3125,91,55,2.5773843619786,1.22986111111111,0.111734001638622,4,25,43,3.30769230769231
"100","D.Smythe",2023,"MIA",14,47,38,378,0,80.8510638297872,27,3.35714285714286,18.3760792569278,0.390980409721868,8.04255319148936,9.94736842105263,292,142,3.55941618341648,1.47802501558657,0.207384848959458,8,21.0526315789474,75.8,5.41428571428572
"101","D.Smythe",2024,"MIA",13,17,9,53,0,52.9411764705882,4.07692307692308,1.30769230769231,-3.63454234434149,-0.213796608490676,3.11764705882353,5.88888888888889,94,16,NA,0.787912087912088,0.0794797922546948,0,0,14.3,1.1
"102","D.Waller",2022,"LV",8,43,28,388,3,65.1162790697674,48.5,5.375,5.8463656611191,0.135961992119049,9.02325581395349,13.8571428571429,577,80,2.13853938475261,0.693615188220904,0.401542596427726,8,28.5714285714286,84.8,10.6
"103","D.Waller",2023,"NYG",12,74,52,552,1,70.2702702702703,46,6.16666666666667,15.2906618873882,0.206630566045786,7.45945945945946,10.6153846153846,592,211,3.00473605957832,1.01833117868892,0.519859602721246,11,21.1538461538462,113.2,9.43333333333334
"104","D.Washington",2023,"PIT",9,11,7,61,0,63.6363636363636,6.77777777777778,1.22222222222222,0.618529504659818,0.0562299549690744,5.54545454545455,8.71428571428571,11,50,NA,3.5,0.0668084339406963,0,0,13.1,1.45555555555556
"105","D.Washington",2024,"PIT",14,28,20,209,1,71.4285714285714,14.9285714285714,2,8.78276335675037,0.313670119883942,7.46428571428571,10.45,123,131,NA,1.80514455782313,0.140196552683345,4,20,46.9,3.35
"106","D.Wells",2023,"TB",1,2,2,-10,0,100,-10,2,-1.78414864093065,-0.892074320465326,-5,-5,0,-10,NA,0,0.09375,0,0,1,1
"107","E.All",2024,"CIN",8,22,20,158,0,90.9090909090909,19.75,2.75,5.24824645451736,0.238556657023516,7.18181818181818,7.9,72,87,NA,2.76686507936508,0.157178817288187,5,25,35.8,4.475
"108","E.Engram",2022,"JAX",19,115,85,890,5,73.9130434782609,46.8421052631579,6.05263157894737,36.4907827444175,0.317311154299283,7.73913043478261,10.4705882352941,679,553,3.42864089169821,1.35389034289704,0.360175466500696,13,15.2941176470588,207.3,10.9105263157895
"109","E.Engram",2023,"JAX",17,143,114,963,4,79.7202797202797,56.6470588235294,8.41176470588235,11.1923422876705,0.0782681278858079,6.73426573426573,8.44736842105263,716,516,3.35602351928817,1.83900490195096,0.45646585314794,16,14.0350877192982,230.3,13.5470588235294
"110","E.Engram",2024,"JAX",9,64,47,365,1,73.4375,40.5555555555556,7.11111111111111,-0.0427634745371384,-0.000668179289642787,5.703125,7.76595744680851,360,150,3.89331183963782,1.28960132599837,0.496041934738569,8,17.0212765957447,89.5,9.94444444444445
"111","E.Higgins",2023,"ARI",9,19,14,163,1,73.6842105263158,18.1111111111111,2.11111111111111,10.2362891270604,0.538752059318971,8.57894736842105,11.6428571428571,128,67,NA,3.08788336999022,0.142201884457572,5,35.7142857142857,36.3,4.03333333333333
"112","E.Higgins",2024,"ARI",14,24,20,172,2,83.3333333333333,12.2857142857143,1.71428571428571,9.53099793335423,0.39712491388976,7.16666666666667,8.6,108,90,NA,1.96292517006803,0.118876820659314,3,15,49.2,3.51428571428571
"113","E.Jenkins",2024,"PHI",2,2,1,7,1,50,3.5,1,0.799606117070653,0.399803058535326,3.5,7,9,3,NA,0.875,0.0747599193940657,0,0,7.7,3.85
"114","E.Saubert",2022,"DEN",11,24,15,148,1,62.5,13.4545454545455,2.18181818181818,-2.87788909860766,-0.119912045775319,6.16666666666667,9.86666666666667,202,75,3.99830654432249,1.02702745420449,0.153117397955047,4,26.6666666666667,35.8,3.25454545454545
"115","E.Saubert",2023,"HOU",3,3,3,12,0,100,4,1,0.532490984536707,0.177496994845569,4,4,6,6,NA,0.75,0.057047997638437,0,0,4.2,1.4
"116","E.Saubert",2024,"SF",8,14,11,97,1,78.5714285714286,12.125,1.75,1.90623235128995,0.136159453663568,6.92857142857143,8.81818181818182,94,35,1.98953501535539,0.983630952380952,0.107687838831341,2,18.1818181818182,26.7,3.3375
"117","E.Tomlinson",2022,"DEN",8,13,9,79,2,69.2307692307692,9.875,1.625,7.26234272727743,0.55864174825211,6.07692307692308,8.77777777777778,59,44,NA,1.57291666666667,0.0948631309946126,2,22.2222222222222,28.9,3.6125
"118","E.Tomlinson",2024,"LAC",4,4,2,9,0,50,2.25,1,-1.82713368651678,-0.456783421629194,2.25,4.5,8,12,NA,0,0.0656916233669498,0,0,2.9,0.725
"119","F.Franks",2022,"ATL",2,2,0,0,0,0,0,1,-1.09484711429104,-0.547423557145521,0,NA,56,0,NA,0,0.309037558685446,0,NA,0,0
"120","F.Franks",2024,"CAR",3,3,1,12,0,33.3333333333333,4,1,-2.87562593526673,-0.958541978422242,4,12,49,0,NA,0.333333333333333,0.0727853248729241,0,0,2.2,0.733333333333333
"121","F.Moreau",2022,"LV",14,54,33,420,2,61.1111111111111,30,3.85714285714286,8.4154774233757,0.155842174506958,7.77777777777778,12.7272727272727,451,237,3.1645428124252,1.28573501555529,0.244577022283309,11,33.3333333333333,87,6.21428571428572
"122","F.Moreau",2023,"NO",11,25,21,193,1,84,17.5454545454545,2.27272727272727,8.40541519060863,0.336216607624345,7.72,9.19047619047619,122,96,3.3445178781252,2.1293266245665,0.131768384009198,5,23.8095238095238,46.3,4.20909090909091
"123","F.Moreau",2024,"NO",15,43,32,413,5,74.4186046511628,27.5333333333333,2.86666666666667,19.9170170508873,0.463186443043891,9.6046511627907,12.90625,397,158,4.51915967198887,1.1720463676758,0.222168783279733,9,28.125,103.3,6.88666666666667
"124","G.Calcaterra",2022,"PHI",5,9,5,81,0,55.5555555555556,16.2,1.8,2.07799670603474,0.230888522892749,9,16.2,81,41,NA,0.831944444444444,0.111459914429887,2,40,13.1,2.62
"125","G.Calcaterra",2023,"PHI",2,4,4,39,0,100,19.5,2,3.08250066079199,0.770625165197998,9.75,9.75,7,32,NA,7.05,0.0959936605497681,1,25,7.9,3.95
"126","G.Calcaterra",2024,"PHI",14,31,25,302,1,80.6451612903226,21.5714285714286,2.21428571428571,15.5174568505026,0.500563124209763,9.74193548387097,12.08,224,126,5.45703269261694,1.36810854776693,0.201939085237796,6,24,61.2,4.37142857142857
"127","G.Dulcich",2022,"DEN",10,55,33,411,2,60,41.1,5.5,0.468308218268524,0.00851469487760952,7.47272727272727,12.4545454545455,624,155,3.50828465268552,0.951694577028628,0.422940025877542,7,21.2121212121212,86.1,8.61
"128","G.Dulcich",2023,"DEN",2,4,3,25,0,75,12.5,2,-4.15756115486147,-1.03939028871537,6.25,8.33333333333333,23,5,NA,0.953947368421053,0.177401418026418,1,33.3333333333333,5.5,2.75
"129","G.Dulcich",2024,"DEN",3,12,5,28,0,41.6666666666667,9.33333333333333,4,-7.60457414825214,-0.633714512354345,2.33333333333333,5.6,71,15,3.37346446016979,0.876984126984127,0.233997113997114,0,0,7.8,2.6
"130","G.Everett",2022,"LAC",16,95,64,664,5,67.3684210526316,41.5,5.9375,12.3594423839145,0.13009939351489,6.98947368421053,10.375,538,401,3.59462999596818,1.41430942430668,0.296851041280761,12,18.75,162.4,10.15
"131","G.Everett",2023,"LAC",15,70,51,411,3,72.8571428571428,27.4,4.66666666666667,7.63298667292111,0.109042666756016,5.87142857142857,8.05882352941176,282,275,3.7702624163712,1.594580240492,0.245874317157321,10,19.6078431372549,111.1,7.40666666666667
"132","G.Everett",2024,"CHI",9,13,8,36,0,61.5384615384615,4,1.44444444444444,-1.47307917772559,-0.113313782901969,2.76923076923077,4.5,35,41,NA,1.01666666666667,0.0826457426312482,1,12.5,11.6,1.28888888888889
"133","G.Kittle",2022,"SF",18,97,70,929,11,72.1649484536082,51.6111111111111,5.38888888888889,50.4595202947296,0.520201240151851,9.57731958762887,13.2714285714286,659,440,3.26311348532384,1.52025077607856,0.428571534986848,18,25.7142857142857,229.3,12.7388888888889
"134","G.Kittle",2023,"SF",19,103,73,1132,7,70.873786407767,59.578947368421,5.42105263157895,67.3055323609156,0.653451770494327,10.9902912621359,15.5068493150685,995,539,3.4764186480591,1.18569655443166,0.434556184171348,14,19.1780821917808,228.4,12.0210526315789
"135","G.Kittle",2024,"SF",15,94,78,1106,8,82.9787234042553,73.7333333333333,6.26666666666667,67.9449277441953,0.722818380257397,11.7659574468085,14.1794871794872,800,522,3.67660022469833,1.49126134528715,0.454562703905187,14,17.948717948718,236.6,15.7733333333333
"136","G.Ricci",2022,"CAR",6,9,8,100,0,88.8888888888889,16.6666666666667,1.5,3.74229111918413,0.415810124353792,11.1111111111111,12.5,55,52,NA,1.76268568033274,0.105414162155149,2,25,18,3
"137","G.Ricci",2023,"CAR",1,1,1,2,0,100,2,1,-0.489649289753288,-0.489649289753288,2,2,-1,3,NA,0,0.0453169213355971,0,0,1.2,1.2
"138","G.Swaim",2022,"TEN",11,16,12,58,1,75,5.27272727272727,1.45454545454545,-1.83233407067019,-0.114520879416887,3.625,4.83333333333333,34,43,NA,1.12121212121212,0.0907878786725389,0,0,23.8,2.16363636363636
"139","G.Swaim",2023,"ARI",7,11,10,94,0,90.9090909090909,13.4285714285714,1.57142857142857,6.6409618902544,0.603723808204946,8.54545454545454,9.4,60,30,NA,1.38448773448773,0.104410579030578,2,20,19.4,2.77142857142857
"140","G.Swaim",2024,"CLE",1,1,1,7,0,100,7,1,0.31169758993201,0.31169758993201,7,7,2,5,NA,3.5,0.0399916918877218,0,0,1.7,1.7
"141","H.Bryant",2022,"CLE",14,42,31,239,1,73.8095238095238,17.0714285714286,3,3.82587640244594,0.0910922952963319,5.69047619047619,7.70967741935484,238,113,3.17277805165554,1.20199636306135,0.198716488673854,3,9.67741935483871,61.7,4.40714285714286
"142","H.Bryant",2023,"CLE",14,26,17,146,3,65.3846153846154,10.4285714285714,1.85714285714286,-6.38399371669435,-0.245538219872859,5.61538461538461,8.58823529411765,127,71,2.81680022960019,0.697157190635452,0.103190476535894,2,11.7647058823529,48.4,3.45714285714286
"143","H.Bryant",2024,"LV",5,12,9,86,0,75,17.2,2.4,-0.27764034923166,-0.023136695769305,7.16666666666667,9.55555555555556,41,71,3.92222276866682,4.41923076923077,0.137271192641334,3,33.3333333333333,17.6,3.52
"144","H.Henry",2022,"NE",16,59,41,509,2,69.4915254237288,31.8125,3.6875,13.6645983299493,0.231603361524565,8.6271186440678,12.4146341463415,454,203,3.80706737852783,1.3645657262615,0.283568769071852,10,24.390243902439,103.9,6.49375
"145","H.Henry",2023,"NE",13,61,42,419,6,68.8524590163934,32.2307692307692,4.69230769230769,18.4656097208568,0.302714913456669,6.86885245901639,9.97619047619048,538,78,2.1571924827679,0.775702765527958,0.35507240496164,9,21.4285714285714,119.9,9.22307692307692
"146","H.Henry",2024,"NE",16,97,66,674,2,68.0412371134021,42.125,6.0625,24.1986549830088,0.249470669927926,6.94845360824742,10.2121212121212,682,268,2.83314743394632,1.09670269766831,0.442673927535457,11,16.6666666666667,145.4,9.0875
"147","H.Hurst",2022,"CIN",16,85,65,555,3,76.4705882352941,34.6875,5.3125,25.5459919108237,0.300541081303808,6.52941176470588,8.53846153846154,443,246,4.06828575387774,2.14889461694742,0.308617990328578,13,20,136.5,8.53125
"148","H.Hurst",2023,"CAR",9,32,18,184,1,56.25,20.4444444444444,3.55555555555556,-3.78178151533939,-0.118180672354356,5.75,10.2222222222222,242,67,2.74031388182436,0.805977609159184,0.241408894808981,4,22.2222222222222,42.4,4.71111111111111
"149","H.Hurst",2024,"LAC",7,13,8,73,0,61.5384615384615,10.4285714285714,1.85714285714286,-4.84155694558285,-0.372427457352527,5.61538461538461,9.125,62,20,NA,1.02350230414747,0.160147770360077,1,12.5,15.3,2.18571428571429
"150","H.Long",2022,"MIA",1,1,0,0,0,0,0,1,-0.534184205112979,-0.534184205112979,0,NA,3,0,NA,0,0.0400892857142857,0,NA,0,0
"151","H.Long",2024,"LA",8,11,8,73,0,72.7272727272727,9.125,1.375,2.63647223776206,0.239679294342006,6.63636363636364,9.125,80,30,NA,1.47244897959184,0.1028524954507,0,0,21.3,2.6625
"152","I.Likely",2022,"BAL",14,60,36,373,3,60,26.6428571428571,4.28571428571429,-5.35323245686544,-0.0892205409477574,6.21666666666667,10.3611111111111,405,151,3.90964486730291,0.784369712241292,0.307190524309463,6,16.6666666666667,91.3,6.52142857142857
"153","I.Likely",2023,"BAL",15,46,34,461,6,73.9130434782609,30.7333333333333,3.06666666666667,31.6692688468894,0.688462366236725,10.0217391304348,13.5588235294118,316,239,4.99141485704459,2.46861105417777,0.229947166988659,9,26.4705882352941,116.1,7.74
"154","I.Likely",2024,"BAL",17,67,49,603,7,73.134328358209,35.4705882352941,3.94117647058824,36.5271929440372,0.545181984239362,9,12.3061224489796,590,297,4.36703419094255,3.83060373057092,0.319670951182407,11,22.4489795918367,149.3,8.78235294117647
"155","I.Smith",2022,"MIN",9,38,26,185,3,68.421052631579,20.5555555555556,4.22222222222222,-4.13176199025259,-0.108730578690858,4.86842105263158,7.11538461538461,167,91,4.37285538141786,1.00880468794447,0.230830297447812,5,19.2307692307692,62.5,6.94444444444444
"156","I.Smith",2023,"CIN",9,26,18,115,1,69.2307692307692,12.7777777777778,2.88888888888889,-15.5212642500237,-0.59697170192399,4.42307692307692,6.38888888888889,105,66,3.97021707013128,2.52224310776942,0.160130373504357,2,11.1111111111111,33.5,3.72222222222222
"157","I.Smith",2024,"HOU",1,1,1,2,0,100,2,1,-0.359579039271921,-0.359579039271921,2,2,2,0,NA,1,0.0587566137566138,0,0,1.2,1.2
"158","I.Thomas",2022,"CAR",13,30,21,197,0,70,15.1538461538462,2.30769230769231,4.00833711001906,0.133611237000635,6.56666666666667,9.38095238095238,69,182,NA,1.79398726273726,0.141921763004192,4,19.047619047619,40.7,3.13076923076923
"159","I.Thomas",2023,"CAR",7,9,5,56,0,55.5555555555556,8,1.28571428571429,-7.67592188360868,-0.852880209289853,6.22222222222222,11.2,78,33,NA,1.43937575030012,0.122471045409324,1,20,10.6,1.51428571428571
"160","I.Thomas",2024,"CAR",3,6,3,7,0,50,2.33333333333333,2,-5.12451348482864,-0.854085580804773,1.16666666666667,2.33333333333333,24,6,NA,0.5,0.139617258000769,0,0,3.7,1.23333333333333
"161","J.Akins",2022,"HOU",15,54,37,495,5,68.5185185185185,33,3.6,21.3578101540334,0.39551500285247,9.16666666666667,13.3783783783784,332,270,3.89109184131297,1.73090476674917,0.228023618536033,11,29.7297297297297,116.5,7.76666666666667
"162","J.Akins",2023,"CLE",13,23,15,132,0,65.2173913043478,10.1538461538462,1.76923076923077,-1.03784067358356,-0.0451235075471113,5.73913043478261,8.8,109,58,3.82737127644028,1.80975191475191,0.109115128419079,2,13.3333333333333,28.2,2.16923076923077
"163","J.Akins",2024,"CLE",16,58,40,390,2,68.9655172413793,24.375,3.625,10.9935598225873,0.189544134872196,6.72413793103448,9.75,339,187,3.74582574359814,1.05853231781139,0.200426373874322,9,22.5,91,5.6875
"164","J.Bates",2022,"WAS",9,22,14,108,1,63.6363636363636,12,2.44444444444444,-2.8533656677464,-0.129698439443018,4.90909090909091,7.71428571428571,114,54,6.06005261668074,1.3619939827783,0.152913420974823,2,14.2857142857143,30.8,3.42222222222222
"165","J.Bates",2023,"WAS",14,28,19,151,0,67.8571428571429,10.7857142857143,2,-5.56645608495455,-0.198802003034091,5.39285714285714,7.94736842105263,175,65,5.04242683727542,1.03445126302269,0.125103089547497,2,10.5263157894737,34.1,2.43571428571429
"166","J.Bates",2024,"WAS",13,18,11,115,0,61.1111111111111,8.84615384615385,1.38461538461538,0.82842715687002,0.0460237309372234,6.38888888888889,10.4545454545455,89,54,NA,1.94909741674448,0.0837366394848249,2,18.1818181818182,20.5,1.57692307692308
"167","J.Bell",2024,"NE",3,3,2,20,0,66.6666666666667,6.66666666666667,1,-0.00512438017176464,-0.00170812672392155,6.66666666666667,10,23,5,NA,0.372549019607843,0.0649350121181107,0,0,4,1.33333333333333
"168","J.Deguara",2022,"GB",9,15,13,114,0,86.6666666666667,12.6666666666667,1.66666666666667,3.47468572348589,0.231645714899059,7.6,8.76923076923077,49,63,4.0350669812773,2.01146384479718,0.0819724146187815,2,15.3846153846154,24.4,2.71111111111111
"169","J.Deguara",2023,"GB",4,8,8,65,0,100,16.25,2,1.15774124593008,0.14471765574126,8.125,8.125,26,39,NA,1.98486842105263,0.118359350187725,1,12.5,14.5,3.625
"170","J.Deguara",2024,"JAX",3,3,3,14,0,100,4.66666666666667,1,-1.31369275925681,-0.437897586418937,4.66666666666667,4.66666666666667,2,12,NA,2,0.0417865098752759,0,0,4.4,1.46666666666667
"171","J.Ferguson",2022,"DAL",12,23,20,208,2,86.9565217391304,17.3333333333333,1.91666666666667,10.3131358768922,0.448397212038791,9.04347826086956,10.4,79,156,3.09766869060895,2.78985260770975,0.107125152392185,4,20,52.8,4.4
"172","J.Ferguson",2023,"DAL",18,114,81,854,8,71.0526315789474,47.4444444444444,6.33333333333333,43.1048623250515,0.378112827412732,7.49122807017544,10.5432098765432,589,452,3.29145583847506,2.49069111615345,0.331146240342358,15,18.5185185185185,214.4,11.9111111111111
"173","J.Ferguson",2024,"DAL",14,86,59,494,0,68.6046511627907,35.2857142857143,6.14285714285714,-12.7110652170717,-0.147803083919439,5.74418604651163,8.3728813559322,360,309,3.35260269233925,1.46951605071274,0.326631817000852,9,15.2542372881356,104.4,7.45714285714286
"174","J.FitzPatrick",2023,"ATL",1,1,1,12,0,100,12,1,0.712112442590296,0.712112442590296,12,12,2,10,NA,6,0.0509469153515065,0,0,2.2,2.2
"175","J.FitzPatrick",2024,"GB",1,1,1,2,0,100,2,1,-0.520785233471543,-0.520785233471543,2,2,2,0,NA,1,0.0732177894048398,0,0,1.2,1.2
"176","J.Fortson",2022,"KC",10,14,9,108,2,64.2857142857143,10.8,1.4,6.64693078185255,0.474780770132325,7.71428571428571,12,90,40,NA,1.14029304029304,0.0880861570532979,2,22.2222222222222,31.8,3.18
"177","J.Fortson",2024,"KC",3,3,1,5,0,33.3333333333333,1.66666666666667,1,-5.66721887071617,-1.88907295690539,1.66666666666667,5,4,2,NA,0.555555555555556,0.0537676733541678,0,0,1.5,0.5
"178","J.Graham",2023,"NO",5,7,6,39,4,85.7142857142857,7.8,1.4,8.15597459062701,1.16513922723243,5.57142857142857,6.5,42,3,NA,0.9,0.112785170620924,0,0,33.9,6.78
"179","J.Hill",2023,"MIA",6,9,6,48,0,66.6666666666667,8,1.5,-3.46632055769442,-0.385146728632713,5.33333333333333,8,29,30,NA,1.32837301587302,0.0867273459044792,1,16.6666666666667,8.8,1.46666666666667
"180","J.Hill",2024,"MIA",11,19,12,100,0,63.1578947368421,9.09090909090909,1.72727272727273,4.25491516606417,0.223942903477061,5.26315789473684,8.33333333333333,120,58,NA,1.49008658008658,0.111713436176623,2,16.6666666666667,22,2
"181","J.Horsted",2022,"LV",2,4,3,19,0,75,9.5,2,0.0266837113304064,0.00667092783260159,4.75,6.33333333333333,26,6,NA,0.730769230769231,0.131841023098692,0,0,4.9,2.45
"182","J.Horsted",2023,"LV",1,1,1,4,0,100,4,1,-0.210121021780651,-0.210121021780651,4,4,2,2,NA,2,0.0376676986584107,0,0,1.4,1.4
"183","J.Johnson",2022,"NO",16,65,42,508,7,64.6153846153846,31.75,4.0625,15.7723026466218,0.242650809948027,7.81538461538462,12.0952380952381,600,166,2.88732118089285,1.1502552987993,0.336770484458714,11,26.1904761904762,134.8,8.425
"184","J.Johnson",2023,"NO",13,59,37,368,4,62.7118644067797,28.3076923076923,4.53846153846154,-4.48748790575559,-0.0760591170467049,6.23728813559322,9.94594594594595,444,145,2.82492402939097,0.926869515153354,0.305669283388935,7,18.9189189189189,97.8,7.52307692307692
"185","J.Johnson",2024,"NO",15,66,50,548,3,75.7575757575758,36.5333333333333,4.4,18.7645707134216,0.284311677476084,8.3030303030303,10.96,547,212,3.46247263150855,1.268351993867,0.304503946070705,12,24,122.8,8.18666666666667
"186","J.Matthews",2024,"CAR",1,1,0,0,0,0,0,1,-0.581935274414718,-0.581935274414718,0,NA,16,0,NA,0,0.0835423197492163,0,NA,0,0
"187","J.Mitchell",2022,"DET",8,11,11,113,1,100,14.125,1.375,10.0097318876651,0.909975626151374,10.2727272727273,10.2727272727273,51,62,NA,2.04545454545455,0.0887223353332008,2,18.1818181818182,28.3,3.5375
"188","J.Mitchell",2023,"DET",2,2,2,28,0,100,14,1,2.28574902226683,1.14287451113341,14,14,16,12,NA,2.8,0.0701381499641366,1,50,4.8,2.4
"189","J.Mundt",2022,"MIN",14,22,20,152,1,90.9090909090909,10.8571428571429,1.57142857142857,6.19045653657933,0.281384388026333,6.90909090909091,7.6,29,129,NA,0.98499399759904,0.0714074984186857,3,15,41.2,2.94285714285714
"190","J.Mundt",2023,"MIN",9,23,17,172,1,73.9130434782609,19.1111111111111,2.55555555555556,2.7715899897662,0.120503912598531,7.47826086956522,10.1176470588235,114,94,5.09535867433012,1.56265246381525,0.130818360060345,3,17.6470588235294,40.2,4.46666666666667
"191","J.Mundt",2024,"MIN",14,30,21,170,2,70,12.1428571428571,2.14285714285714,6.57077448644603,0.219025816214868,5.66666666666667,8.0952380952381,126,102,3.9356757605988,2.74263438174729,0.142445629032122,3,14.2857142857143,50,3.57142857142857
"192","J.Oliver",2022,"BAL",13,27,16,175,2,59.2592592592593,13.4615384615385,2.07692307692308,7.01441429849135,0.259793122166346,6.48148148148148,10.9375,223,90,4.45112787025165,1.24337326337326,0.176762449196664,3,18.75,45.5,3.5
"193","J.Oliver",2023,"MIN",12,28,22,213,2,78.5714285714286,17.75,2.33333333333333,4.2262307392084,0.150936812114586,7.60714285714286,9.68181818181818,72,162,NA,2.26272003858211,0.108999656568637,4,18.1818181818182,53.3,4.44166666666667
"194","J.Oliver",2024,"MIN",12,29,23,263,3,79.3103448275862,21.9166666666667,2.41666666666667,17.0024942926248,0.586292906642233,9.06896551724138,11.4347826086957,216,136,3.71983493672295,1.2655007030007,0.167899638600468,6,26.0869565217391,67.3,5.60833333333333
"195","J.Ruckert",2022,"NYJ",2,2,1,8,0,50,4,1,0.04786110681016,0.02393055340508,4,8,7,1,NA,1.14285714285714,0.0499871671565661,0,0,1.8,0.9
"196","J.Ruckert",2023,"NYJ",10,22,16,151,0,72.7272727272727,15.1,2.2,4.47125266853254,0.20323875766057,6.86363636363636,9.4375,139,51,NA,0.888363095238095,0.142502341408665,3,18.75,31.1,3.11
"197","J.Ruckert",2024,"NYJ",13,28,18,105,0,64.2857142857143,8.07692307692308,2.15384615384615,-1.56919756097557,-0.0560427700348417,3.75,5.83333333333333,96,84,NA,1.83119934364278,0.122073833795989,0,0,28.5,2.19230769230769
"198","J.Sanders",2024,"CAR",15,43,33,342,1,76.7441860465116,22.8,2.86666666666667,11.6505618780459,0.270943299489439,7.95348837209302,10.3636363636364,268,190,4.71205150106086,2.08533944809721,0.220879955555586,5,15.1515151515152,73.2,4.88
"199","J.Shenker",2024,"LV",1,1,1,7,0,100,7,1,0.374102335888892,0.374102335888892,7,7,4,3,NA,1.75,0.0759935117599351,0,0,1.7,1.7
"200","J.Smith",2022,"NE",12,38,27,245,0,71.0526315789474,20.4166666666667,3.16666666666667,0.540843721188139,0.014232729504951,6.44736842105263,9.07407407407407,116,200,NA,2.51485819248977,0.181222772377497,7,25.9259259259259,52,4.33333333333333
"201","J.Smith",2023,"ATL",15,70,50,582,3,71.4285714285714,38.8,4.66666666666667,9.00675330337597,0.128667904333942,8.31428571428571,11.64,458,357,3.81630535305166,1.93509648718565,0.305354264981697,11,22,124.2,8.28
"202","J.Smith",2024,"MIA",17,111,88,884,8,79.2792792792793,52,6.52941176470588,59.7091696619141,0.537920447404632,7.96396396396396,10.0454545454545,542,510,3.42920009725713,2.97408373183086,0.393509931173831,14,15.9090909090909,222.3,13.0764705882353
"203","J.Stoll",2022,"PHI",10,15,12,128,0,80,12.8,1.5,7.79002765324549,0.519335176883033,8.53333333333333,10.6666666666667,95,49,NA,1.84860153256705,0.1030313518917,3,25,24.8,2.48
"204","J.Stoll",2023,"PHI",5,8,5,38,0,62.5,7.6,1.6,-2.19543668226106,-0.274429585282633,4.75,7.6,25,25,NA,2.16666666666667,0.0985822505579258,0,0,8.8,1.76
"205","J.Stoll",2024,"PHI",2,3,2,10,0,66.6666666666667,5,1.5,-0.642695738060866,-0.214231912686955,3.33333333333333,5,12,2,NA,0.885714285714286,0.110603838830186,0,0,3,1.5
"206","J.Tonges",2022,"CHI",1,1,0,0,0,0,0,1,-0.568823910318315,-0.568823910318315,0,NA,13,0,NA,0,0.157386363636364,0,NA,0,0
"207","J.Whyle",2023,"TEN",8,15,9,94,1,60,11.75,1.875,3.78255183811416,0.252170122540944,6.26666666666667,10.4444444444444,146,40,3.71239433077566,0.947849025974026,0.140538258717279,1,11.1111111111111,24.4,3.05
"208","J.Whyle",2024,"TEN",14,37,28,248,1,75.6756756756757,17.7142857142857,2.64285714285714,7.96463469296365,0.215260397107126,6.7027027027027,8.85714285714286,209,143,4.23490737919076,3.39685902332961,0.169508571467857,6,21.4285714285714,60.8,4.34285714285714
"209","J.Wiley",2024,"KC",1,1,1,7,0,100,7,1,-0.145088373683393,-0.145088373683393,7,7,4,3,NA,1.75,0.0970355731225296,0,0,1.7,1.7
"210","J.Woods",2022,"IND",12,40,25,312,3,62.5,26,3.33333333333333,5.26930553267541,0.131732638316885,7.8,12.48,398,120,3.45170146544724,1.24669005024723,0.260667111803508,6,24,74.2,6.18333333333333
"211","K.Blanton",2022,"LA",2,2,2,35,0,100,17.5,1,1.94552876648959,0.972764383244794,17.5,17.5,12,23,NA,2.91666666666667,0.0634708498023715,1,50,5.5,2.75
"212","K.Granson",2022,"IND",13,40,31,302,0,77.5,23.2307692307692,3.07692307692308,-0.723911449607687,-0.0180977862401922,7.55,9.74193548387097,259,127,3.59434087158225,1.164174969891,0.192668900677245,5,16.1290322580645,61.2,4.70769230769231
"213","K.Granson",2023,"IND",15,50,30,368,1,60,24.5333333333333,3.33333333333333,11.4604410775344,0.229208821550687,7.36,12.2666666666667,402,128,3.71192815229215,1.14532909154021,0.23473117475164,6,20,73,4.86666666666667
"214","K.Granson",2024,"IND",14,31,14,182,0,45.1612903225806,13,2.21428571428571,-8.41804032411579,-0.271549687874703,5.87096774193548,13,352,109,NA,0.867788129744651,0.166987484416329,4,28.5714285714286,32.2,2.3
"215","K.Kieft",2022,"TB",9,11,7,80,1,63.6363636363636,8.88888888888889,1.22222222222222,4.02173129236326,0.365611935669387,7.27272727272727,11.4285714285714,59,31,NA,1.26527777777778,0.0511485424161243,0,0,21,2.33333333333333
"216","K.Kieft",2023,"TB",3,5,1,2,1,20,0.666666666666667,1.66666666666667,-1.33432855439605,-0.26686571087921,0.4,2,61,2,NA,0,0.140463225272915,0,0,7.2,2.4
"217","K.Pitts",2022,"ATL",10,59,28,356,2,47.4576271186441,35.6,5.9,3.37759456088542,0.057247365438736,6.03389830508475,12.7142857142857,812,130,2.96900935895498,0.649152857010215,0.640006448369427,6,21.4285714285714,75.6,7.56
"218","K.Pitts",2023,"ATL",17,90,53,667,3,58.8888888888889,39.2352941176471,5.29411764705882,17.3775567942668,0.193083964380742,7.41111111111111,12.5849056603774,1029,134,2.3774927546794,0.714649047343088,0.459147438736481,15,28.3018867924528,137.3,8.0764705882353
"219","K.Pitts",2024,"ATL",17,74,47,602,4,63.5135135135135,35.4117647058824,4.35294117647059,6.94350622568147,0.0938311652119118,8.13513513513514,12.8085106382979,623,272,3.45394051467629,1.45021408905098,0.313633087602051,10,21.2765957446809,131.2,7.71764705882353
"220","K.Rader",2023,"TEN",2,3,1,6,0,33.3333333333333,3,1.5,-1.12132473732345,-0.373774912441149,2,6,32,4,NA,1.5,0.160748527788001,0,0,1.6,0.8
"221","K.Rudolph",2022,"TB",5,5,3,28,1,60,5.6,1,1.93921699817292,0.387843399634585,5.6,9.33333333333333,44,3,NA,0.72,0.0598985260726222,0,0,11.8,2.36
"222","K.Yeboah",2023,"NYJ",2,4,2,28,0,50,14,2,-2.65620053996099,-0.664050134990248,7,14,19,20,NA,1,0.10755601292774,1,50,4.8,2.4
"223","K.Yeboah",2024,"NYJ",6,8,5,47,1,62.5,7.83333333333333,1.33333333333333,2.71854370698566,0.339817963373207,5.875,9.4,37,34,NA,3.08974358974359,0.0866087659172909,1,20,15.7,2.61666666666667
"224","L.Cager",2022,"NYG",7,21,15,138,1,71.4285714285714,19.7142857142857,3,2.5022554446002,0.119155021171438,6.57142857142857,9.2,119,80,3.9291501810117,0.540136054421769,0.188231160576483,3,20,34.8,4.97142857142857
"225","L.Cager",2022,"NYJ",1,1,0,0,0,0,0,1,-6.81797308416571,-6.81797308416571,0,NA,14,0,NA,0,0.0613157894736842,0,NA,0,0
"226","L.Cager",2023,"NYG",3,5,4,36,1,80,12,1.66666666666667,3.254882011679,0.6509764023358,7.2,9,21,27,NA,3.67142857142857,0.118032990797724,0,0,13.6,4.53333333333333
"227","L.Farrell",2022,"JAX",4,4,4,40,0,100,10,1,-0.689349707274232,-0.172337426818558,10,10,4,36,NA,4.875,0.0549030998673288,0,0,8,2
"228","L.Farrell",2023,"JAX",9,15,13,155,0,86.6666666666667,17.2222222222222,1.66666666666667,8.01235174539033,0.534156783026022,10.3333333333333,11.9230769230769,71,96,3.18918996726941,3.31026570048309,0.0929518193964312,3,23.0769230769231,28.5,3.16666666666667
"229","L.Farrell",2024,"JAX",10,17,12,67,0,70.5882352941177,6.7,1.7,-4.63900519255549,-0.272882658385617,3.94117647058824,5.58333333333333,82,30,NA,0.792159381836801,0.10275827334274,0,0,18.7,1.87
"230","L.Krull",2023,"DEN",7,14,8,95,1,57.1428571428571,13.5714285714286,2,1.95646588493246,0.139747563209461,6.78571428571429,11.875,133,50,3.59169893747894,0.446376811594203,0.150990739202599,2,25,23.5,3.35714285714286
"231","L.Krull",2024,"DEN",11,24,20,154,0,83.3333333333333,14,2.18181818181818,4.47715584532125,0.186548160221719,6.41666666666667,7.7,120,67,NA,1.63850732600733,0.143990317138111,4,20,35.4,3.21818181818182
"232","L.Musgrave",2023,"GB",13,53,40,418,2,75.4716981132076,32.1538461538462,4.07692307692308,18.5600432265792,0.350189494841117,7.88679245283019,10.45,403,198,4.1790883698878,1.237388880456,0.27137755471823,9,22.5,93.8,7.21538461538462
"233","L.Musgrave",2024,"GB",7,10,7,45,0,70,6.42857142857143,1.42857142857143,-4.79761853630284,-0.479761853630284,4.5,6.42857142857143,66,18,NA,1.40816326530612,0.101653226121162,0,0,11.5,1.64285714285714
"234","L.Schoonmaker",2023,"DAL",12,16,9,72,2,56.25,6,1.33333333333333,-3.83778160766154,-0.239861350478846,4.5,8,83,32,NA,1.39417989417989,0.0727092787459528,1,11.1111111111111,28.2,2.35
"235","L.Schoonmaker",2024,"DAL",10,36,27,241,1,75,24.1,3.6,9.4059150616522,0.261275418379228,6.69444444444444,8.92592592592593,199,97,2.77566990903973,1.56037109671589,0.183153322094874,5,18.5185185185185,57.1,5.71
"236","L.Thomas",2022,"WAS",13,61,39,323,1,63.9344262295082,24.8461538461538,4.69230769230769,-8.53038415142855,-0.139842363138173,5.29508196721311,8.28205128205128,430,126,3.61016300588697,0.74624897731305,0.315761617870405,6,15.3846153846154,77.3,5.94615384615385
"237","L.Thomas",2023,"WAS",16,78,55,496,4,70.5128205128205,31,4.875,-5.8918772300346,-0.0755368875645461,6.35897435897436,9.01818181818182,471,229,3.61855154762639,0.972386863684002,0.280060854919612,11,20,126.8,7.925
"238","M.Alie-Cox",2022,"IND",14,28,19,189,3,67.8571428571429,13.5,2,-1.58543802159306,-0.0566227864854663,6.75,9.94736842105263,151,99,4.19906393012562,1.37021254208754,0.126361416938595,2,10.5263157894737,53.9,3.85
"239","M.Alie-Cox",2023,"IND",13,22,13,161,3,59.0909090909091,12.3846153846154,1.69230769230769,6.50959054116403,0.295890479143819,7.31818181818182,12.3846153846154,222,80,NA,0.747156805612688,0.148338867178136,3,23.0769230769231,49.1,3.77692307692308
"240","M.Alie-Cox",2024,"IND",12,22,12,147,1,54.5454545454545,12.25,1.83333333333333,7.88166947815099,0.358257703552318,6.68181818181818,12.25,211,49,NA,0.652594103427437,0.146522518411013,3,25,32.7,2.725
"241","M.Andrews",2022,"BAL",16,123,78,920,5,63.4146341463415,57.5,7.6875,22.3216450366236,0.181476788915639,7.47967479674797,11.7948717948718,1204,267,3.00155342192582,0.765887230987251,0.679940442767236,13,16.6666666666667,202.8,12.675
"242","M.Andrews",2023,"BAL",11,63,47,559,6,74.6031746031746,50.8181818181818,5.72727272727273,33.9416500476364,0.538756349962482,8.87301587301587,11.8936170212766,458,217,2.99713661737072,1.32420559238741,0.426031296246494,10,21.2765957446809,138.9,12.6272727272727
"243","M.Andrews",2024,"BAL",19,79,62,761,11,78.4810126582278,40.0526315789474,4.1578947368421,51.0879733584586,0.646683207069096,9.63291139240506,12.2741935483871,812,220,3.56384097675661,1.06573320298177,0.363772556482966,16,25.8064516129032,203.4,10.7052631578947
"244","M.Forristall",2022,"CLE",1,1,0,0,0,0,0,1,-0.508618170628324,-0.508618170628324,0,NA,5,0,NA,0,0.0658000320975766,0,NA,0,0
"245","M.Gesicki",2022,"MIA",18,58,34,377,6,58.6206896551724,20.9444444444444,3.22222222222222,1.11238130670691,0.0191789880466709,6.5,11.0882352941176,570,100,2.83410468897324,0.588837164337345,0.211020610006064,9,26.4705882352941,107.7,5.98333333333333
"246","M.Gesicki",2023,"NE",15,45,29,244,2,64.4444444444444,16.2666666666667,3,-2.16353099000389,-0.0480784664445308,5.42222222222222,8.41379310344828,383,88,3.1219658211858,0.825919569161505,0.220162111720861,5,17.2413793103448,65.4,4.36
"247","M.Gesicki",2024,"CIN",16,83,65,665,2,78.3132530120482,41.5625,5.1875,33.7675754562853,0.406838258509462,8.01204819277108,10.2307692307692,615,245,2.99561340849573,0.856062457350642,0.299377916758361,11,16.9230769230769,141.5,8.84375
"248","M.Lewis",2022,"GB",6,7,6,66,2,85.7142857142857,11,1.16666666666667,6.96759729948826,0.995371042784037,9.42857142857143,11,58,14,NA,0.903968253968254,0.0792192942251563,1,16.6666666666667,26.6,4.43333333333333
"249","M.Lewis",2023,"CHI",5,5,4,29,1,80,5.8,1,2.48608262301423,0.497216524602845,5.8,7.25,9,29,NA,0.84,0.071755893609678,0,0,12.9,2.58
"250","M.Lewis",2024,"CHI",1,1,1,2,0,100,2,1,0.0646047429181635,0.0646047429181635,2,2,1,1,NA,2,0.0644884241971621,0,0,1.2,1.2
"251","M.Mayer",2023,"LV",12,40,27,304,2,67.5,25.3333333333333,3.33333333333333,16.7243883694555,0.418109709236387,7.6,11.2592592592593,227,164,3.65159722735257,1.26429662774201,0.220525797470508,5,18.5185185185185,71.4,5.95
"252","M.Mayer",2024,"LV",11,32,21,156,0,65.625,14.1818181818182,2.90909090909091,-0.0140098294778266,-0.000437807171182081,4.875,7.42857142857143,197,61,4.69106309922727,0.871084161304114,0.170523727751732,2,9.52380952380952,36.6,3.32727272727273
"253","M.Pruitt",2022,"ATL",10,21,16,150,4,76.1904761904762,15,2.1,8.15061607002281,0.388124574762991,7.14285714285714,9.375,118,75,3.45490849457274,1.63478144617531,0.169327034557076,3,18.75,55,5.5
"254","M.Pruitt",2023,"ATL",9,12,9,110,1,75,12.2222222222222,1.33333333333333,8.23608873059857,0.686340727549881,9.16666666666667,12.2222222222222,62,51,NA,1.26296296296296,0.0732335560316383,2,22.2222222222222,26,2.88888888888889
"255","M.Pruitt",2024,"PIT",6,10,6,40,1,60,6.66666666666667,1.66666666666667,-8.00059991175834,-0.800059991175834,4,6.66666666666667,33,16,NA,1.04112554112554,0.11128724248575,1,16.6666666666667,16,2.66666666666667
"256","M.Schreck",2022,"HOU",2,2,2,6,0,100,3,1,-0.655501033295877,-0.327750516647939,3,3,6,0,NA,0.75,0.066019007034632,0,0,2.6,1.3
"257","M.Wilcox",2022,"CIN",11,22,19,158,1,86.3636363636364,14.3636363636364,2,9.23863998404704,0.419938181093047,7.18181818181818,8.31578947368421,92,92,4.95659161656221,1.68363056401334,0.102954330052929,2,10.5263157894737,40.8,3.70909090909091
"258","M.Wilcox",2023,"CIN",9,12,9,56,0,75,6.22222222222222,1.33333333333333,0.202913596731378,0.0169094663942815,4.66666666666667,6.22222222222222,12,48,NA,1.10416666666667,0.0585522560778972,1,11.1111111111111,14.6,1.62222222222222
"259","M.Williams",2022,"ARI",2,3,3,18,0,100,9,1.5,0.730635493062437,0.243545164354146,6,6,12,6,NA,1.77777777777778,0.077840989249739,0,0,4.8,2.4
"260","N.Adkins",2023,"DEN",4,5,4,22,0,80,5.5,1.25,1.5452797129401,0.30905594258802,4.4,5.5,-5,24,NA,2.75,0.0618356383862109,0,0,6.2,1.55
"261","N.Adkins",2024,"DEN",12,15,14,115,3,93.3333333333333,9.58333333333333,1.25,9.08091498515569,0.605394332343712,7.66666666666667,8.21428571428571,62,76,NA,2.12651515151515,0.0764586056987906,1,7.14285714285714,43.5,3.625
"262","N.Fant",2022,"SEA",18,65,51,497,4,78.4615384615385,27.6111111111111,3.61111111111111,19.7590242182523,0.303984987973112,7.64615384615385,9.74509803921569,416,232,3.61290686943566,2.18076286019834,0.248444492099367,10,19.6078431372549,124.7,6.92777777777778
"263","N.Fant",2023,"SEA",14,43,32,414,0,74.4186046511628,29.5714285714286,3.07142857142857,11.7244695714326,0.272662083056571,9.62790697674419,12.9375,298,177,4.08450450599613,1.5710833762883,0.199896328147981,9,28.125,73.4,5.24285714285714
"264","N.Fant",2024,"SEA",14,64,48,500,1,75,35.7142857142857,4.57142857142857,6.5137324591809,0.101777069674701,7.8125,10.4166666666667,339,277,4.39072897684478,1.13711610770434,0.288754347429006,10,20.8333333333333,104,7.42857142857143
"265","N.Gray",2022,"KC",20,38,31,336,1,81.578947368421,16.8,1.9,14.0963602792763,0.370956849454639,8.8421052631579,10.8387096774194,199,202,NA,2.03968697073536,0.105216525568249,6,19.3548387096774,76.7,3.835
"266","N.Gray",2023,"KC",20,52,36,371,2,69.2307692307692,18.55,2.6,4.79452886354413,0.0922024781450794,7.13461538461539,10.3055555555556,343,168,3.36923371832405,1.42192324731798,0.173269218621239,10,27.7777777777778,85.2,4.26
"267","N.Gray",2024,"KC",18,53,44,452,5,83.0188679245283,25.1111111111111,2.94444444444444,21.5833291358722,0.407232625205136,8.52830188679245,10.2727272727273,320,214,3.55043278306511,1.22731237104878,0.189186928785764,10,22.7272727272727,118.8,6.6
"268","N.Muse",2023,"MIN",1,1,1,22,0,100,22,1,1.35134004242718,1.35134004242718,22,22,12,10,NA,1.83333333333333,0.0558313518529258,1,100,3.2,3.2
"269","N.Togiai",2022,"PHI",1,1,0,0,0,0,0,1,-0.640563539229333,-0.640563539229333,0,NA,4,0,NA,0,0.0734295642876236,0,NA,0,0
"270","N.Vannett",2022,"NO",2,2,2,13,0,100,6.5,1,0.21190732717514,0.10595366358757,6.5,6.5,10,3,NA,1.4047619047619,0.061912301534943,0,0,3.3,1.65
"271","N.Vannett",2022,"NYG",3,7,4,42,0,57.1428571428571,14,2.33333333333333,1.07968813009211,0.15424116144173,6,10.5,21,29,NA,3.65,0.125329212147579,0,0,8.2,2.73333333333333
"272","N.Vannett",2023,"LAC",1,1,1,3,0,100,3,1,0.170080132782459,0.170080132782459,3,3,3,0,NA,1,0.0411111111111111,0,0,1.3,1.3
"273","N.Vannett",2024,"TEN",12,20,17,135,3,85,11.25,1.66666666666667,1.82645694207167,0.0913228471035836,6.75,7.94117647058824,22,110,NA,0.709375,0.0848633417094007,3,17.6470588235294,48.5,4.04166666666667
"274","O.Howard",2022,"HOU",11,23,10,145,2,43.4782608695652,13.1818181818182,2.09090909090909,-2.04302322440495,-0.0888270967132588,6.30434782608696,14.5,253,60,1.27980155054731,0.769964110329723,0.168064502544193,4,40,36.5,3.31818181818182
"275","P.Brown",2022,"CLE",4,10,5,45,0,50,11.25,2.5,-3.12403549751367,-0.312403549751367,4.5,9,68,32,1.83105098170152,0.316885964912281,0.138635394086111,1,20,9.5,2.375
"276","P.Brown",2022,"HOU",3,10,7,72,0,70,24,3.33333333333333,0.635289881283693,0.0635289881283693,7.2,10.2857142857143,60,51,6.00828226413651,1.2974358974359,0.198880709043968,2,28.5714285714286,14.2,4.73333333333333
"277","P.Brown",2023,"NE",9,15,13,208,1,86.6666666666667,23.1111111111111,1.66666666666667,5.46975368086714,0.364650245391143,13.8666666666667,16,104,121,NA,2.26739792142269,0.132338628583281,4,30.7692307692308,37.8,4.2
"278","P.Brown",2024,"SEA",8,12,8,65,0,66.6666666666667,8.125,1.5,-6.47127609253809,-0.539273007711508,5.41666666666667,8.125,51,30,NA,0.954450757575758,0.0896888767771501,0,0,12.5,1.5625
"279","P.Durham",2023,"TB",7,8,6,76,0,75,10.8571428571429,1.14285714285714,4.80047061515506,0.600058826894383,9.5,12.6666666666667,76,27,NA,1.31519274376417,0.0751222167334917,1,16.6666666666667,13.6,1.94285714285714
"280","P.Durham",2024,"TB",5,14,11,115,2,78.5714285714286,23,2.8,10.3966514016502,0.742617957260726,8.21428571428571,10.4545454545455,124,24,4.67257521165627,1.54850229453484,0.178304394769489,3,27.2727272727273,34.5,6.9
"281","P.Freiermuth",2022,"PIT",15,98,63,732,2,64.2857142857143,48.8,6.53333333333333,8.8904478765043,0.0907188558826969,7.46938775510204,11.6190476190476,821,281,2.65268083000234,0.908256540543428,0.444453494682786,13,20.6349206349206,148.2,9.88
"282","P.Freiermuth",2023,"PIT",12,55,37,384,2,67.2727272727273,32,4.58333333333333,11.323547452295,0.205882680950818,6.98181818181818,10.3783783783784,375,179,3.02476577651658,1.02108555518082,0.322000847943836,6,16.2162162162162,89.4,7.45
"283","P.Freiermuth",2024,"PIT",18,82,68,668,7,82.9268292682927,37.1111111111111,4.55555555555556,32.7931731093973,0.399916745236553,8.14634146341463,9.82352941176471,491,284,3.55604934382754,1.58476285753914,0.348837555541479,12,17.6470588235294,172.8,9.6
"284","P.Hendershot",2022,"DAL",9,16,11,103,2,68.75,11.4444444444444,1.77777777777778,-3.1800049560843,-0.198750309755269,6.4375,9.36363636363636,109,47,1.50927587087604,0.495098039215686,0.127477174801787,3,27.2727272727273,39.5,4.38888888888889
"285","P.Hendershot",2023,"DAL",7,7,4,38,0,57.1428571428571,5.42857142857143,1,-1.40834909077967,-0.201192727254238,5.42857142857143,9.5,27,28,NA,1.05,0.0681203708567674,1,25,7.8,1.11428571428571
"286","P.Hendershot",2024,"KC",4,5,5,51,0,100,12.75,1.25,2.6760362922796,0.535207258455921,10.2,10.2,19,32,NA,1.03125,0.0950556270895455,1,20,10.1,2.525
"287","P.Hesse",2022,"ATL",9,11,9,89,0,81.8181818181818,9.88888888888889,1.22222222222222,8.56791393418098,0.778901266743725,8.09090909090909,9.88888888888889,65,36,NA,1.20952357373926,0.094571563317188,1,11.1111111111111,17.9,1.98888888888889
"288","Q.Morris",2022,"BUF",8,14,10,102,1,71.4285714285714,12.75,1.75,0.456579257154998,0.0326128040824998,7.28571428571429,10.2,77,50,5.05801101296902,1.48468137254902,0.0844403669121157,2,20,24.2,3.025
"289","Q.Morris",2023,"BUF",2,3,2,26,1,66.6666666666667,13,1.5,1.75291083482613,0.584303611608711,8.66666666666667,13,33,5,NA,0.805555555555556,0.136342817399565,0,0,10.6,5.3
"290","Q.Morris",2024,"BUF",5,8,5,36,1,62.5,7.2,1.6,1.33438812531836,0.166798515664795,4.5,7.2,74,22,NA,1.03030303030303,0.131162166806488,1,20,14.6,2.92
"291","R.Dwelley",2022,"SF",4,5,3,105,1,60,26.25,1.25,8.34284901770297,1.6685698035406,21,35,69,43,NA,1.17708333333333,0.137727858413962,2,66.6666666666667,19.5,4.875
"292","R.Dwelley",2023,"SF",2,2,1,12,0,50,6,1,0.57226025708951,0.286130128544755,6,12,17,12,NA,0,0.0819037356321839,0,0,2.2,1.1
"293","R.Dwelley",2024,"ATL",1,1,1,5,0,100,5,1,0.13682030281052,0.13682030281052,5,5,1,4,NA,5,0.0546902396259497,0,0,1.5,1.5
"294","R.Griffin",2022,"CHI",7,8,4,26,0,50,3.71428571428571,1.14285714285714,-7.94431960530346,-0.993039950662933,3.25,6.5,53,9,NA,0.303571428571429,0.129449082582346,0,0,6.6,0.942857142857143
"295","R.Rodgers",2022,"LAC",3,4,1,4,0,25,1.33333333333333,1.33333333333333,-2.89015699896845,-0.722539249742113,1,4,-4,3,NA,1.33333333333333,0.0486031072824298,0,0,1.4,0.466666666666667
"296","R.Tonyan",2022,"GB",17,67,53,470,2,79.1044776119403,27.6470588235294,3.94117647058824,3.86189426366495,0.0576402128905216,7.01492537313433,8.86792452830189,390,230,4.32484162038595,1.04376983654341,0.238268282188585,11,20.7547169811321,112,6.58823529411765
"297","R.Tonyan",2023,"CHI",11,17,11,112,0,64.7058823529412,10.1818181818182,1.54545454545455,3.74735239456641,0.220432493798024,6.58823529411765,10.1818181818182,145,57,NA,1.79129204129204,0.119869724254865,1,9.09090909090909,22.2,2.01818181818182
"298","R.Williams",2023,"PIT",1,2,0,0,0,0,0,2,-0.681053433858324,-0.340526716929162,0,NA,8,0,NA,0,0.0906862745098039,0,NA,0,0
"299","S.Anderson",2022,"ARI",5,7,3,9,0,42.8571428571429,1.8,1.4,-3.2955367397517,-0.470790962821671,1.28571428571429,3,36,6,NA,2,0.0701879825331889,0,0,3.9,0.78
"300","S.LaPorta",2023,"DET",20,147,107,1065,11,72.7891156462585,53.25,7.35,47.4685912712348,0.322915586879148,7.24489795918367,9.95327102803738,1021,453,3.20802476686044,1.64212070556609,0.470942134145265,17,15.8878504672897,283.9,14.195
"301","S.LaPorta",2024,"DET",17,90,66,777,8,73.3333333333333,45.7058823529412,5.29411764705882,33.0057560891746,0.366730623213051,8.63333333333333,11.7727272727273,609,365,3.32288256363086,2.31504465119096,0.38371221481575,14,21.2121212121212,191.7,11.2764705882353
"302","S.McKeon",2022,"DAL",2,3,2,11,0,66.6666666666667,5.5,1.5,0.150237990892492,0.0500793302974974,3.66666666666667,5.5,1,7,NA,1.66666666666667,0.055684079669838,0,0,3.1,1.55
"303","S.McKeon",2023,"DAL",2,2,0,0,0,0,0,1,-6.45354717166629,-3.22677358583314,0,NA,13,0,NA,0,0.0632189111074915,0,NA,0,0
"304","S.Smartt",2022,"LAC",3,5,4,17,0,80,5.66666666666667,1.66666666666667,-0.400831583421677,-0.0801663166843355,3.4,4.25,23,7,NA,1.23333333333333,0.0783894451515045,0,0,5.7,1.9
"305","S.Smartt",2023,"LAC",12,21,11,155,1,52.3809523809524,12.9166666666667,1.75,3.32315545763066,0.158245497982412,7.38095238095238,14.0909090909091,180,56,NA,0.875545092737175,0.111743582405363,4,36.3636363636364,32.5,2.70833333333333
"306","S.Smartt",2024,"LAC",7,19,16,208,0,84.2105263157895,29.7142857142857,2.71428571428571,7.43634143675445,0.391386391408129,10.9473684210526,13,192,66,4.35980043433867,1.24765524835211,0.19974671998015,5,31.25,34.8,4.97142857142857
"307","S.Sullivan",2022,"CAR",4,6,2,46,0,33.3333333333333,11.5,1.5,-2.45858359779231,-0.409763932965385,7.66666666666667,23,87,21,NA,1,0.16373388167008,1,50,6.6,1.65
"308","S.Sullivan",2023,"CAR",10,24,12,125,0,50,12.5,2.4,-1.62987327388786,-0.0679113864119942,5.20833333333333,10.4166666666667,255,8,3.36045147153668,0.618147255969837,0.195300065771589,3,25,24.5,2.45
"309","S.Sullivan",2024,"CAR",1,1,0,0,0,0,0,1,-0.532159550348297,-0.532159550348297,0,NA,16,0,NA,0,0.0645155404172496,0,NA,0,0
"310","S.Zylstra",2022,"DET",8,15,11,60,4,73.3333333333333,7.5,1.875,3.43599681125488,0.229066454083659,4,5.45454545454545,78,13,2.79336580312714,0.846473311546841,0.11471568246336,1,9.09090909090909,41,5.125
"311","S.Zylstra",2024,"DET",1,1,1,22,0,100,22,1,1.24364188639447,1.24364188639447,22,22,9,13,NA,2.44444444444444,0.0728057014253563,1,100,3.2,3.2
"312","T.Conklin",2022,"NYJ",17,87,58,552,3,66.6666666666667,32.4705882352941,5.11764705882353,2.41530211715486,0.0277620933006306,6.3448275862069,9.51724137931035,617,284,4.10895125644081,1.34519907497132,0.319175954849976,9,15.5172413793103,131.5,7.73529411764706
"313","T.Conklin",2023,"NYJ",17,87,61,621,0,70.1149425287356,36.5294117647059,5.11764705882353,6.41119410259936,0.0736918862367743,7.13793103448276,10.1803278688525,595,246,3.533733115892,1.12340735874502,0.334199359389911,12,19.672131147541,123.1,7.24117647058823
"314","T.Conklin",2024,"NYJ",16,72,51,449,4,70.8333333333333,28.0625,4.5,10.0818122699409,0.140025170415846,6.23611111111111,8.80392156862745,358,262,4.14893334101733,1.75443820140303,0.253849350776896,7,13.7254901960784,121.9,7.61875
"315","T.Davis",2022,"GB",5,7,4,26,0,57.1428571428571,5.2,1.4,-6.44503223802894,-0.920718891146992,3.71428571428571,6.5,27,27,NA,2.29583333333333,0.0808455442905076,1,25,6.6,1.32
"316","T.Fisk",2023,"ATL",1,1,1,9,0,100,9,1,1.19562649866566,1.19562649866566,9,9,3,6,NA,3,0.0934301270417423,0,0,1.9,1.9
"317","T.Fisk",2024,"LAC",8,9,8,54,0,88.8888888888889,6.75,1.125,1.89836097080843,0.210928996756492,6,6.75,33,23,NA,1.07299843014129,0.0618618363624516,0,0,13.4,1.675
"318","T.Higbee",2022,"LA",16,108,72,620,3,66.6666666666667,38.75,6.75,4.88517885854043,0.045233137579078,5.74074074074074,8.61111111111111,327,404,3.44105206109979,1.59162710226068,0.390622689354109,10,13.8888888888889,152,9.5
"319","T.Higbee",2023,"LA",16,71,47,495,2,66.1971830985916,30.9375,4.4375,18.3345786111042,0.258233501564848,6.97183098591549,10.531914893617,416,246,3.85413799474265,1.58877775109681,0.272303293259403,10,21.2765957446809,108.5,6.78125
"320","T.Higbee",2024,"LA",5,27,20,178,3,74.0740740740741,35.6,5.4,10.6111924421441,0.393007127486818,6.59259259259259,8.9,83,111,3.90377528693376,2.1247619047619,0.299375248564981,3,15,55.8,11.16
"321","T.Hill",2023,"NO",16,40,33,291,2,82.5,18.1875,2.5,10.07928946876,0.251982236719001,7.275,8.81818181818182,209,133,NA,1.95143089316824,0.145708736355402,5,15.1515151515152,143.52,8.97
"322","T.Hill",2024,"NO",8,31,23,187,0,74.1935483870968,23.375,3.875,1.2136351755471,0.0391495217918418,6.03225806451613,8.1304347826087,108,137,3.76533663409185,1.43619038524501,0.282223385946561,5,21.7391304347826,102.34,12.7925
"323","T.Hockenson",2022,"DET",7,43,26,395,3,60.4651162790698,56.4285714285714,6.14285714285714,-1.82730326670571,-0.0424954248071096,9.18604651162791,15.1923076923077,339,209,2.4728778165792,1.14397143295331,0.387452015599869,5,19.2307692307692,85.5,12.2142857142857
"324","T.Hockenson",2022,"MIN",11,97,70,648,3,72.1649484536082,58.9090909090909,8.81818181818182,16.0735335056693,0.165706530986281,6.68041237113402,9.25714285714286,715,269,3.0852955731014,1.19746127285868,0.477544252002098,10,14.2857142857143,152.8,13.8909090909091
"325","T.Hockenson",2023,"MIN",15,127,95,960,5,74.8031496062992,64,8.46666666666667,31.8228879730231,0.250573921047426,7.55905511811024,10.1052631578947,976,336,2.94920027153701,1.15204985354099,0.534764550526851,15,15.7894736842105,219,14.6
"326","T.Hockenson",2024,"MIN",11,67,46,519,1,68.6567164179104,47.1818181818182,6.09090909090909,16.0483949086605,0.239528282218814,7.74626865671642,11.2826086956522,553,176,3.17427241765559,1.01249347999488,0.386154768441179,9,19.5652173913043,103.9,9.44545454545455
"327","T.Hudson",2022,"NYG",6,15,10,132,0,66.6666666666667,22,2.5,2.84544072509743,0.189696048339829,8.8,13.2,110,59,4.50568531605334,1.01133584993218,0.232885086315108,3,30,23.2,3.86666666666667
"328","T.Hudson",2023,"CIN",12,50,39,352,1,78,29.3333333333333,4.16666666666667,12.2674511221393,0.245349022442787,7.04,9.02564102564103,269,148,3.13564976123993,1.24587110967689,0.252849194759609,8,20.5128205128205,80.2,6.68333333333333
"329","T.Hudson",2024,"CIN",9,23,19,154,1,82.6086956521739,17.1111111111111,2.55555555555556,6.32633125735447,0.275057880754542,6.69565217391304,8.10526315789474,98,97,5.84085486258937,2.33903133903134,0.125424144149114,2,10.5263157894737,38.5,4.27777777777778
"330","T.Johnson",2024,"NYG",10,43,29,331,1,67.4418604651163,33.1,4.3,4.54264365517884,0.105642875701833,7.69767441860465,11.4137931034483,288,149,4.34520498216073,1.47593131671323,0.297751218807406,7,24.1379310344828,68.1,6.81
"331","T.Kelce",2022,"KC",20,183,137,1595,16,74.8633879781421,79.75,9.15,87.4195641237292,0.477702536195241,8.71584699453552,11.6423357664234,1270,756,2.96085509070277,1.32009817646798,0.567254989560326,20,14.5985401459854,393,19.65
"332","T.Kelce",2023,"KC",19,158,125,1339,8,79.1139240506329,70.4736842105263,8.31578947368421,77.6337945151327,0.491353129842612,8.4746835443038,10.712,1050,628,3.79968844111096,1.08966104170092,0.524231419468682,17,13.6,305.4,16.0736842105263
"333","T.Kelce",2024,"KC",19,151,110,998,4,72.8476821192053,52.5263157894737,7.94736842105263,32.5602550660249,0.215630828251821,6.60927152317881,9.07272727272727,999,426,3.48115685972446,0.996396421757556,0.521387052706468,15,13.6363636363636,231.9,12.2052631578947
"334","T.Kraft",2023,"GB",12,49,36,379,3,73.469387755102,31.5833333333333,4.08333333333333,13.5446810918861,0.276422063099716,7.73469387755102,10.5277777777778,182,248,3.89076830356463,2.22520600744285,0.235912667589655,7,19.4444444444444,91.9,7.65833333333333
"335","T.Kraft",2024,"GB",18,75,55,733,7,73.3333333333333,40.7222222222222,4.16666666666667,36.3081839683473,0.484109119577964,9.77333333333333,13.3272727272727,379,477,4.73247992522816,4.49867857773062,0.287029172582419,15,27.2727272727273,171.9,9.55
"336","T.Kroft",2022,"SF",4,5,4,57,0,80,14.25,1.25,2.7225315925898,0.544506318517961,11.4,14.25,70,14,NA,0.979946524064171,0.129490742474135,1,25,9.7,2.425
"337","T.Mabry",2022,"SEA",1,1,1,7,1,100,7,1,1.96141375257866,1.96141375257866,7,7,6,1,NA,1.16666666666667,0.0691848114710568,0,0,7.7,7.7
"338","T.McBride",2022,"ARI",9,39,29,265,1,74.3589743589744,29.4444444444444,4.33333333333333,7.69660834708663,0.19734893197658,6.7948717948718,9.13793103448276,241,117,4.04823206567525,1.62703226422299,0.246200630997141,5,17.2413793103448,61.5,6.83333333333333
"339","T.McBride",2023,"ARI",17,106,81,825,3,76.4150943396226,48.5294117647059,6.23529411764706,9.8028204253265,0.0924794379747783,7.78301886792453,10.1851851851852,652,420,3.46574403374921,1.58370105902179,0.426918617642633,14,17.283950617284,181.5,10.6764705882353
"340","T.McBride",2024,"ARI",16,147,111,1146,2,75.5102040816327,71.625,9.1875,49.0713934193716,0.333819002852868,7.79591836734694,10.3243243243243,902,513,3.40783711469224,1.37049270247823,0.616164671759895,16,14.4144144144144,243.8,15.2375
"341","T.McKitty",2022,"LAC",9,20,12,88,0,60,9.77777777777778,2.22222222222222,-4.78454170521582,-0.239227085260791,4.4,7.33333333333333,68,57,5.2575110717761,1.06146847943723,0.117535362289531,2,16.6666666666667,20.8,2.31111111111111
"342","T.Quitoriano",2022,"HOU",7,14,7,113,2,50,16.1428571428571,2,2.19629392161733,0.15687813725838,8.07142857142857,16.1428571428571,175,53,NA,0.857993197278912,0.15312521264335,2,28.5714285714286,30.3,4.32857142857143
"343","T.Quitoriano",2023,"HOU",3,3,2,33,0,66.6666666666667,11,1,2.07266961468849,0.690889871562831,11,16.5,15,18,NA,6.28571428571429,0.0571423217049086,1,50,5.3,1.76666666666667
"344","T.Reiman",2024,"ARI",5,7,6,37,0,85.7142857142857,7.4,1.4,0.412867681123316,0.0589810973033309,5.28571428571429,6.16666666666667,12,29,NA,1.12666666666667,0.0737708022062137,0,0,9.7,1.94
"345","T.Sweeney",2022,"BUF",1,1,1,7,0,100,7,1,0.801076786592603,0.801076786592603,7,7,-1,8,NA,0,0.0369736842105263,0,0,1.7,1.7
"346","T.Tremble",2022,"CAR",14,32,19,174,3,59.375,12.4285714285714,2.28571428571429,-1.67489255430365,-0.052340392321989,5.4375,9.1578947368421,245,62,4.2103318969298,0.857071446055398,0.19424347344947,4,21.0526315789474,54.4,3.88571428571429
"347","T.Tremble",2023,"CAR",13,32,23,194,3,71.875,14.9230769230769,2.46153846153846,2.10533442688757,0.0657917008402364,6.0625,8.43478260869565,204,95,3.61389102900267,1.82654428904429,0.1653943216772,3,13.0434782608696,60.4,4.64615384615385
"348","T.Tremble",2024,"CAR",10,32,23,234,2,71.875,23.4,3.2,4.98920218417994,0.155912568255623,7.3125,10.1739130434783,182,125,2.91289079884424,1.3216508954009,0.20190468041759,5,21.7391304347826,56.4,5.64
"349","T.Wesco",2022,"CHI",4,4,2,26,0,50,6.5,1,-0.326346525980625,-0.0815866314951563,6.5,13,23,12,NA,1.51111111111111,0.127073678519268,1,50,6.6,1.65
"350","T.Wesco",2023,"TEN",3,3,1,21,0,33.3333333333333,7,1,0.160237943520769,0.0534126478402565,7,21,13,12,NA,1.16666666666667,0.062834699799782,1,100,3.1,1.03333333333333
"351","W.Dissly",2022,"SEA",15,38,34,349,3,89.4736842105263,23.2666666666667,2.53333333333333,26.3880541743711,0.694422478272923,9.18421052631579,10.2647058823529,206,184,NA,2.88943916754331,0.157377940107226,9,26.4705882352941,86.9,5.79333333333333
"352","W.Dissly",2023,"SEA",12,22,17,172,1,77.2727272727273,14.3333333333333,1.83333333333333,8.72214725561207,0.396461238891458,7.81818181818182,10.1176470588235,62,120,NA,2.27739197530864,0.10544564541037,4,23.5294117647059,40.2,3.35
"353","W.Dissly",2024,"LAC",16,69,52,497,2,75.3623188405797,31.0625,4.3125,6.71638079051667,0.0973388520364735,7.20289855072464,9.55769230769231,326,317,2.88879190500171,2.49638132699088,0.284170976585551,10,19.2307692307692,113.7,7.10625
"354","W.Mallory",2023,"IND",11,26,18,207,0,69.2307692307692,18.8181818181818,2.36363636363636,11.6807807128644,0.449260796648629,7.96153846153846,11.5,203,89,3.53438368217818,0.887489416901182,0.158139006127148,4,22.2222222222222,38.7,3.51818181818182
"355","W.Mallory",2024,"IND",7,8,4,29,0,50,4.14285714285714,1.14285714285714,-5.9174828240939,-0.739685353011737,3.625,7.25,83,4,NA,0.666666666666667,0.0788324558659374,0,0,6.9,0.985714285714286
"356","Z.Davidson",2024,"BUF",2,2,1,5,0,50,2.5,1,-0.715841856901534,-0.357920928450767,2.5,5,10,2,NA,0.833333333333333,0.0874081651136648,0,0,1.5,0.75
"357","Z.Ertz",2022,"ARI",10,69,47,406,4,68.1159420289855,40.6,6.9,6.27492835441003,0.0909409906436237,5.88405797101449,8.63829787234043,548,130,3.16871936889194,0.901613291209798,0.418463763997804,8,17.0212765957447,115.6,11.56
"358","Z.Ertz",2023,"ARI",7,43,27,187,1,62.7906976744186,26.7142857142857,6.14285714285714,-14.02521783112,-0.326167856537675,4.34883720930233,6.92592592592593,332,46,2.8347836250772,0.462135779782839,0.411960823910163,4,14.8148148148148,51.7,7.38571428571429
"359","Z.Ertz",2024,"WAS",20,116,84,809,8,72.4137931034483,40.45,5.8,45.5439300096454,0.392620086290046,6.97413793103448,9.63095238095238,857,226,3.45087197052178,1.09554708261431,0.405766397541515,17,20.2380952380952,216.9,10.845
"360","Z.Gentry",2022,"PIT",14,23,19,132,0,82.6086956521739,9.42857142857143,1.64285714285714,-1.43605841651222,-0.062437322457053,5.73913043478261,6.94736842105263,64,102,3.86048646518848,0.506125356125356,0.0785258432772239,3,15.7894736842105,32.2,2.3
