passer_player_id,passer_player_name,team,posteam,season,player_position,numGames,myRankNum,myRank,qbTier,tier,teamQBTier,ctotalEPA,ctotalEP,cCPOE,cactualization,cYPG,cTDperGame,intPerGame,cthirdConvert,EPA_rank,EP_rank,CPOE_rank,YPG_rank,TD_rank,actualization_rank,int_rank,third_rank,EPA_rank_num,EP_rank_num,CPOE_rank_num,YPG_rank_num,TD_rank_num,actualization_rank_num,int_rank_num,third_rank_num
00-0034796,L.Jackson,BAL,BAL,2024,QB,17,1,0.939,1,1,1,179.92,1325.42,4.552,0.93,289.4,2.65,0.24,0.537,0.9787,0.7872,0.8936,1,0.9787,0.8511,0.0851,0.8261,2,11,6,1,2,8,5,9
00-0033873,P.Mahomes,KC,KC,2022,QB,17,1,0.9361,1,1,1,199.28,1696.26,3.572,1.028,320.5,2.66,0.71,0.615,1,1,0.9483,1,0.9828,0.9483,0.4655,0.9649,1,1,4,1,2,4,28,3
00-0023459,A.Rodgers,GB,GB,2020,QB,16,1,0.9273,1,1,1,178.69,1280.83,7.186,0.959,267.2,3.26,0.31,0.566,0.9787,0.7872,0.9787,0.8085,1,0.8298,0.1064,0.9111,2,11,2,10,1,9,6,5
00-0019596,T.Brady,NE,NE,2016,QB,12,1,0.9167,1,1,3,131.17,959.27,3.651,0.995,294.9,2.33,0.17,0.551,0.9545,0.4318,0.8222,0.9318,0.9091,0.9778,0.0889,0.8537,3,26,9,4,5,2,5,7
00-0023459,A.Rodgers,GB,GB,2021,QB,16,1,0.915,1,1,2,127.45,1340.58,5.772,0.907,252.2,2.44,0.25,0.701,0.94,0.86,0.96,0.76,0.92,0.86,0,1,4,8,3,13,5,8,3,1
00-0033873,P.Mahomes,KC,KC,2018,QB,16,1,0.9055,1,1,1,226.7,1506.07,4.472,0.896,325,3.38,0.75,0.528,1,1,0.8723,1,1,0.8298,0.4468,0.8,1,1,7,1,1,9,23,10
00-0037834,B.Purdy,SF,SF,2023,QB,16,1,0.9028,1,1,1,150.28,1052.55,5.384,1.068,269,2.15,0.69,0.619,1,0.6667,0.963,0.9074,0.9074,0.9815,0.5185,0.9259,1,19,3,6,6,2,29,5
00-0033873,P.Mahomes,KC,KC,2019,QB,14,1,0.8965,1,1,3,138.75,1138.14,2.461,0.88,295.8,2.01,0.36,0.662,0.9796,0.6531,0.84,0.9388,0.7959,0.84,0.12,0.9556,2,18,9,4,11,9,7,3
00-0023436,A.Smith,KC,KC,2017,QB,15,1,0.8858,1,1,1,99.88,1174.2,4.993,0.923,279.3,1.8,0.33,0.446,0.9556,0.8444,0.9556,1,0.7333,0.9778,0.0222,0.5909,3,8,3,1,13,2,2,19
00-0036442,J.Burrow,CIN,CIN,2024,QB,17,2,0.9319,1,1,1,115.79,1737.31,6.787,0.934,285.5,2.83,0.53,0.608,0.9362,1,0.9574,0.9787,1,0.8936,0.3191,0.9783,4,1,3,2,1,6,16,2
00-0026143,M.Ryan,ATL,ATL,2016,QB,16,2,0.9134,1,1,1,164.18,1327.04,6.917,0.947,302.9,2.5,0.44,0.478,1,0.8636,1,0.9773,0.9545,0.8667,0.2667,0.6585,1,7,1,2,3,7,13,15
00-0033873,P.Mahomes,KC,KC,2020,QB,15,2,0.907,1,1,1,185.5,1493.9,2.834,0.896,333.3,2.78,0.4,0.547,1,0.9574,0.766,0.9787,0.9362,0.7021,0.1277,0.8889,1,3,12,2,4,15,7,6
00-0036389,J.Hurts,PHI,PHI,2022,QB,15,2,0.9056,1,1,2,86.34,1484.45,2.717,0.859,282.3,2.47,0.4,0.497,0.9655,0.8966,0.8621,0.9483,0.931,0.7931,0.069,0.7719,3,7,9,4,5,13,5,14
00-0034796,L.Jackson,BAL,BAL,2019,QB,15,2,0.8962,1,1,1,194.68,1327.51,3.813,0.804,282.4,2.87,0.4,0.514,1,0.8571,0.88,0.898,1,0.64,0.16,0.7556,1,8,7,6,1,19,10,12
00-0020531,D.Brees,NO,NO,2018,QB,15,2,0.8904,1,1,1,145.65,1294.17,6.495,1.065,260,2.47,0.33,0.52,0.9787,0.7872,0.9787,0.6383,0.9149,1,0.0638,0.7556,2,11,2,18,5,1,4,12
00-0033873,P.Mahomes,KC,KC,2021,QB,17,2,0.8849,1,1,1,142.61,1732.75,2.674,0.93,301.7,2.37,0.76,0.62,1,0.96,0.84,0.98,0.86,0.9,0.52,0.9388,1,3,9,2,8,6,27,4
00-0033077,D.Prescott,DAL,DAL,2023,QB,17,2,0.8833,1,1,1,124.1,1659.49,3.935,0.871,266,2.3,0.53,0.536,0.963,1,0.8519,0.8519,0.9259,0.8148,0.2222,0.8519,3,1,9,9,5,11,13,9
00-0019596,T.Brady,NE,NE,2017,QB,16,2,0.8678,1,1,1,128.41,1299.96,3.736,0.776,276.1,2.21,0.5,0.433,1,0.9778,0.8667,0.9556,0.9111,0.6889,0.1333,0.5,1,2,7,3,5,15,8,23
00-0026143,M.Ryan,ATL,ATL,2018,QB,16,3,0.8858,1,1,1,107.44,1431.59,4.35,0.825,297.8,2.58,0.44,0.586,0.9149,0.8936,0.8511,0.9362,0.9362,0.6383,0.1064,0.9111,5,6,8,4,4,18,6,5
00-0033106,J.Goff,DET,DET,2024,QB,17,3,0.8709,1,1,1,153.33,1460.76,5.706,1.219,262.1,2.18,0.71,0.533,0.9574,0.9149,0.9362,0.8936,0.8936,1,0.5532,0.8043,3,5,4,6,6,1,27,10
00-0034857,J.Allen,BUF,BUF,2020,QB,16,3,0.8706,1,1,1,159.42,1692.64,6.593,0.862,300.4,2.81,0.62,0.501,0.9574,1,0.9149,0.9362,0.9574,0.617,0.383,0.8444,3,1,5,4,3,19,19,8
00-0019596,T.Brady,TB,TB,2021,QB,17,3,0.8604,1,1,1,140.45,1687.31,1.691,0.863,310.5,2.8,0.71,0.529,0.98,0.94,0.66,1,1,0.72,0.44,0.7143,2,4,18,1,1,15,23,15
00-0036442,J.Burrow,CIN,CIN,2022,QB,16,3,0.8589,1,1,1,85.07,1608.67,2.73,0.947,279.9,2.62,0.75,0.485,0.9483,0.9483,0.8793,0.931,0.9655,0.8966,0.5517,0.6667,4,4,8,5,3,7,34,20
00-0029604,K.Cousins,WAS,WAS,2016,QB,16,3,0.849,1,1,1,101.34,1432.73,4.975,0.862,302.3,2.04,0.75,0.574,0.9091,0.9318,0.9556,0.9545,0.8182,0.7556,0.4889,0.9268,5,4,3,3,9,12,24,4
00-0034857,J.Allen,BUF,BUF,2023,QB,17,3,0.8398,1,1,1,128.92,1523.7,5.024,0.79,275.5,2.59,1.06,0.566,0.9815,0.9815,0.9444,0.9259,0.9815,0.6481,0.8704,0.8704,2,2,4,5,2,20,48,8
00-0020531,D.Brees,NO,NO,2019,QB,11,3,0.8336,1,1,3,95.08,910.14,6.058,1.152,261.9,2.65,0.36,0.214,0.9388,0.4694,0.94,0.7755,0.9796,1,0.14,0.0667,4,27,4,12,2,1,8,43
00-0032950,C.Wentz,PHI,PHI,2017,QB,13,3,0.8254,1,1,3,107.91,1012.99,0.415,0.671,264.7,2.62,0.54,0.558,0.9778,0.6,0.5778,0.8222,0.9778,0.3333,0.2,0.9091,2,19,20,9,2,31,10,5
00-0034857,J.Allen,BUF,BUF,2024,QB,16,4,0.8699,1,1,1,187.11,1342.73,0.844,0.885,262.6,2.5,0.38,0.543,1,0.8298,0.5319,0.9149,0.9362,0.7234,0.1489,0.8478,1,9,23,5,4,14,8,8
00-0023459,A.Rodgers,GB,GB,2016,QB,16,4,0.8482,1,1,1,141.02,1580.03,3.506,0.746,284.7,2.81,0.44,0.495,0.9773,1,0.8,0.8864,1,0.4444,0.2667,0.7317,2,1,10,6,1,26,14,12
00-0022924,B.Roethlisberger,PIT,PIT,2018,QB,16,4,0.8389,1,1,1,133.52,1495.27,1.682,0.907,317.7,2.4,1,0.582,0.9574,0.9787,0.617,0.9787,0.8936,0.8936,0.6596,0.8889,3,2,19,2,6,6,32,6
00-0029604,K.Cousins,MIN,MIN,2023,QB,8,4,0.837,1,1,4,20.74,757.63,4.288,0.935,281.2,2.38,0.62,0.5,0.7407,0.5556,0.8704,0.963,0.963,0.8704,0.3704,0.7778,15,25,8,3,3,8,21,13
00-0034857,J.Allen,BUF,BUF,2022,QB,16,4,0.8292,1,1,1,129.61,1620.93,1.003,0.744,305.4,2.69,0.88,0.568,0.9828,0.9655,0.6897,0.9828,1,0.5,0.7414,0.9123,2,3,19,2,1,30,44,6
00-0029701,R.Tannehill,TEN,TEN,2020,QB,16,4,0.8179,1,1,1,147.26,1196.16,2.656,0.86,247.3,2.62,0.44,0.585,0.9362,0.6809,0.7234,0.617,0.8936,0.5957,0.1489,0.9556,4,16,14,19,6,20,8,3
00-0036442,J.Burrow,CIN,CIN,2021,QB,16,4,0.8106,1,1,1,91.97,1195.4,6.64,0.911,273.1,2.38,0.88,0.551,0.88,0.66,1,0.82,0.88,0.88,0.74,0.7755,7,18,1,10,7,7,38,12
00-0033077,D.Prescott,DAL,DAL,2019,QB,16,4,0.7944,1,1,1,131.7,1356.97,0.966,0.813,315.5,2.08,0.69,0.474,0.9592,0.8776,0.66,0.9796,0.8163,0.7,0.56,0.6444,3,7,18,2,10,16,29,17
00-0022942,P.Rivers,LAC,LAC,2017,QB,16,4,0.7738,1,1,1,99.4,1104.83,1.018,0.897,274.4,1.75,0.62,0.356,0.9333,0.7111,0.7111,0.9333,0.7111,0.9111,0.2444,0.2045,4,14,14,4,14,5,12,36
00-0034855,B.Mayfield,TB,TB,2024,QB,17,5,0.8313,2,2,2,113.76,1445.09,3.604,0.996,273.9,2.6,0.94,0.515,0.9149,0.8936,0.8085,0.9574,0.9574,0.9362,0.7872,0.7174,5,6,10,3,3,4,38,14
00-0036971,T.Lawrence,JAX,JAX,2022,QB,17,5,0.8204,2,2,2,78.33,1358.5,1.427,0.866,248.6,1.76,0.47,0.518,0.8966,0.8621,0.7414,0.7931,0.7759,0.8103,0.1379,0.807,7,9,16,13,14,12,9,12
00-0020531,D.Brees,NO,NO,2016,QB,16,5,0.8157,2,2,2,94.31,1528.99,4.196,1.001,315.8,2.68,0.94,0.395,0.8636,0.9773,0.8444,1,0.9773,1,0.6667,0.3659,7,2,8,1,2,1,31,27
00-0033537,D.Watson,HOU,HOU,2020,QB,16,5,0.8061,2,2,2,129.8,1495.05,6.523,0.853,311,2.31,0.44,0.432,0.9149,0.9787,0.8936,0.9574,0.7872,0.5745,0.1489,0.4444,5,2,6,3,11,21,9,26
00-0033106,J.Goff,LA,LA,2018,QB,16,5,0.7993,2,2,2,104.59,1465.66,1.523,0.864,286.2,2.19,0.75,0.564,0.8936,0.9574,0.5957,0.8936,0.8298,0.766,0.4468,0.8444,6,3,20,6,9,12,24,8
00-0036355,J.Herbert,LAC,LAC,2021,QB,17,5,0.7975,2,2,2,117.56,1739.74,-0.615,0.899,300.7,2.59,0.88,0.53,0.92,0.98,0.5,0.96,0.96,0.84,0.76,0.7347,5,2,26,3,3,9,39,14
00-0029701,R.Tannehill,TEN,TEN,2019,QB,11,5,0.7882,2,2,4,72.69,665.54,7.74,0.831,245.6,2.33,0.55,0.448,0.898,0.449,1,0.6327,0.8776,0.76,0.36,0.5333,6,28,1,19,7,13,19,22
00-0034796,L.Jackson,BAL,BAL,2023,QB,16,5,0.7843,2,2,2,56.01,1413.1,3.475,0.832,267.7,1.88,0.44,0.407,0.8704,0.9444,0.7963,0.8889,0.7778,0.7778,0.1481,0.3519,8,4,12,7,12,13,9,36
00-0022924,B.Roethlisberger,PIT,PIT,2017,QB,15,5,0.7712,2,2,2,81.74,1224.44,2.913,0.791,278.1,2,0.93,0.445,0.9111,0.9111,0.8,0.9778,0.8,0.7111,0.6889,0.5455,5,5,10,2,10,14,32,21
00-0036212,T.Tagovailoa,MIA,MIA,2024,QB,11,6,0.8168,2,2,4,86.31,951.56,3.781,1.129,252.4,1.82,0.64,0.544,0.8298,0.5745,0.8298,0.8723,0.7447,0.9787,0.4043,0.8913,9,21,9,7,13,2,20,6
00-0036212,T.Tagovailoa,MIA,MIA,2022,QB,13,6,0.7814,2,2,5,81.28,901.81,1.433,0.837,267.4,2,0.62,0.306,0.931,0.6207,0.7586,0.8966,0.8966,0.7241,0.3448,0.2105,5,23,15,7,7,17,21,46
00-0034857,J.Allen,BUF,BUF,2021,QB,17,6,0.7787,2,2,2,132.32,1861.54,2.098,0.767,297.2,2.43,0.88,0.567,0.96,1,0.72,0.94,0.9,0.38,0.76,0.8367,3,1,15,4,6,32,40,9
00-0029668,A.Luck,IND,IND,2018,QB,16,6,0.7726,2,2,2,78.82,1463.97,0.846,0.906,289.5,2.7,0.94,0.473,0.8298,0.9362,0.5106,0.9149,0.9787,0.8723,0.617,0.5556,9,4,24,5,2,7,30,21
00-0033077,D.Prescott,DAL,DAL,2016,QB,16,6,0.7676,2,2,2,123.11,1128.15,4.249,0.889,239.1,1.84,0.25,0.446,0.9318,0.5682,0.8667,0.5455,0.7045,0.8,0.1333,0.5854,4,20,7,21,14,10,7,18
00-0029604,K.Cousins,MIN,MIN,2019,QB,15,6,0.7625,2,2,2,69.88,939.55,4.38,0.937,231.8,1.82,0.4,0.5,0.8776,0.4898,0.9,0.449,0.7143,0.9,0.16,0.6889,7,26,6,28,15,6,9,15
00-0020531,D.Brees,NO,NO,2017,QB,16,6,0.7613,2,2,2,78.04,1230.59,4.681,1.182,262.7,1.65,0.5,0.296,0.8889,0.9333,0.9111,0.7778,0.6889,1,0.1333,0.0682,6,4,5,11,15,1,7,42
00-0036389,J.Hurts,PHI,PHI,2023,QB,17,6,0.7556,2,2,2,62.38,1471.2,3.789,0.734,249.5,2.35,0.88,0.533,0.9074,0.963,0.8148,0.7593,0.9444,0.3704,0.7593,0.8333,6,3,11,14,4,35,42,10
00-0029604,K.Cousins,MIN,MIN,2020,QB,16,6,0.7462,2,2,2,85.18,1206.47,4.585,0.899,265.4,2.4,0.81,0.466,0.8511,0.7021,0.8723,0.7872,0.8085,0.7447,0.6809,0.6,8,15,7,11,10,13,33,19
00-0039910,J.Daniels,WAS,WAS,2024,QB,17,7,0.7867,2,2,2,111.51,1511.62,3.547,0.851,248.6,1.82,0.53,0.522,0.8936,0.9574,0.7872,0.8085,0.7872,0.6383,0.3191,0.7391,6,3,11,10,11,18,17,13
00-0033106,J.Goff,DET,DET,2022,QB,17,7,0.7747,2,2,2,80.42,1410.68,-1.485,0.997,257.4,1.88,0.41,0.373,0.9138,0.8793,0.3621,0.8448,0.8276,0.931,0.1034,0.3509,6,8,38,10,10,5,7,38
00-0033077,D.Prescott,DAL,DAL,2021,QB,16,7,0.7682,2,2,2,84.98,1486.39,2.314,0.879,280.7,2.51,0.62,0.292,0.86,0.9,0.76,0.9,0.94,0.8,0.36,0.102,8,6,13,6,4,11,19,45
00-0029668,A.Luck,IND,IND,2016,QB,15,7,0.7618,2,2,2,60.85,1327.11,1.222,0.823,289.4,2.41,0.87,0.465,0.8182,0.8864,0.5778,0.9091,0.9318,0.6667,0.5333,0.6341,9,6,20,5,4,16,25,16
00-0033537,D.Watson,HOU,HOU,2019,QB,15,7,0.7576,2,2,2,89.17,1225.58,1.992,0.746,267.3,2.27,0.8,0.507,0.9184,0.7755,0.74,0.8367,0.8367,0.52,0.62,0.7111,5,12,14,9,9,25,32,14
00-0039163,C.Stroud,HOU,HOU,2023,QB,15,7,0.7528,2,2,2,58.51,1123.78,0.21,0.777,263.2,1.75,0.33,0.477,0.8889,0.7222,0.5741,0.8333,0.6296,0.5926,0.0926,0.7222,7,16,24,10,21,23,6,16
00-0033106,J.Goff,LA,LA,2017,QB,15,7,0.7519,2,2,2,66.27,1131.13,-0.908,0.915,246.1,2.09,0.47,0.41,0.8444,0.7556,0.4444,0.7111,0.8444,0.9556,0.0889,0.3409,8,12,26,14,8,3,5,30
00-0019596,T.Brady,TB,TB,2020,QB,16,7,0.7424,2,2,2,101.47,1409.72,3.564,0.782,281.1,2.88,0.75,0.389,0.8936,0.8723,0.8085,0.8723,0.9787,0.4894,0.5957,0.2222,6,7,10,7,2,25,30,36
00-0019596,T.Brady,NE,NE,2018,QB,16,7,0.7278,2,2,2,84.1,1320.08,1.027,0.903,265.9,1.98,0.69,0.528,0.8723,0.8298,0.5319,0.7234,0.617,0.8511,0.383,0.7778,7,9,23,14,19,8,19,11
00-0036389,J.Hurts,PHI,PHI,2024,QB,15,8,0.7673,2,2,2,81.16,1234.95,7.521,0.844,217.5,2.13,0.33,0.493,0.8085,0.6596,1,0.5106,0.8723,0.617,0.1064,0.6304,10,17,1,24,7,19,6,18
00-0031345,J.Garoppolo,SF,SF,2022,QB,11,8,0.7627,2,2,3,58.63,688.31,-1.045,1.04,215.8,1.65,0.36,0.541,0.8793,0.5172,0.4138,0.6207,0.6552,0.9655,0.0345,0.8421,8,29,35,23,21,3,3,10
00-0026498,M.Stafford,DET,DET,2019,QB,8,8,0.7571,2,2,5,59.16,665.15,2.088,0.713,304.7,2.38,0.62,0.451,0.8163,0.4286,0.76,0.9592,0.898,0.42,0.44,0.5556,10,29,13,3,5,30,24,21
00-0035228,K.Murray,ARI,ARI,2021,QB,14,8,0.7519,2,2,3,64.63,1326.79,4.214,0.857,280.3,2.14,0.71,0.445,0.82,0.82,0.94,0.88,0.8,0.66,0.48,0.4286,10,10,4,7,11,18,25,29
00-0036212,T.Tagovailoa,MIA,MIA,2023,QB,17,8,0.7509,2,2,2,69.82,1247.02,4.5,0.985,267.2,1.88,0.82,0.316,0.9259,0.7963,0.9074,0.8704,0.8148,0.9074,0.7037,0.1481,5,12,6,8,11,6,39,47
00-0026498,M.Stafford,DET,DET,2017,QB,16,8,0.749,2,2,2,21.62,1299.03,0.631,0.841,267.1,2.06,0.62,0.445,0.6667,0.9556,0.6222,0.9111,0.8222,0.8667,0.2444,0.5682,16,3,18,5,9,7,13,20
00-0026498,M.Stafford,DET,DET,2016,QB,16,8,0.7433,2,2,2,97.53,1396.39,0.119,0.873,273,1.72,0.62,0.522,0.8864,0.9091,0.4889,0.8636,0.6364,0.7778,0.4222,0.8049,6,5,24,7,17,11,20,9
00-0036355,J.Herbert,LAC,LAC,2020,QB,15,8,0.7266,2,2,2,81.48,1388.74,0.012,0.891,292.8,2.45,0.67,0.445,0.8085,0.8511,0.4255,0.9149,0.8511,0.6596,0.4255,0.5111,10,8,28,5,8,17,22,23
00-0023682,R.Fitzpatrick,TB,TB,2018,QB,8,8,0.722,2,2,3,45.4,625.89,5.248,0.848,308.2,2.66,1.5,0.431,0.7234,0.3404,0.9362,0.9574,0.9574,0.6596,0.9574,0.4222,14,32,4,3,3,17,46,27
00-0029604,K.Cousins,MIN,MIN,2022,QB,17,9,0.756,3,3,3,21.68,1548.78,1.301,0.813,256.6,1.99,0.82,0.635,0.7759,0.9138,0.7069,0.8276,0.8793,0.6207,0.6897,0.9825,14,6,18,11,8,23,41,2
00-0033873,P.Mahomes,KC,KC,2024,QB,16,9,0.7546,3,3,3,91.77,1533.76,2.563,0.941,251,1.76,0.69,0.497,0.8511,0.9787,0.7021,0.8511,0.6809,0.9149,0.4894,0.6522,8,2,15,8,16,5,24,17
00-0029263,R.Wilson,SEA,SEA,2019,QB,16,9,0.7508,3,3,3,44.85,1274.21,6.976,0.716,258.4,2.38,0.31,0.425,0.7347,0.8163,0.96,0.7551,0.898,0.44,0.08,0.4222,14,10,3,13,6,29,5,27
00-0036264,J.Love,GB,GB,2023,QB,17,9,0.7481,3,3,3,75.31,1402.17,1.135,0.759,245.2,2.12,0.65,0.441,0.9444,0.8889,0.6852,0.7222,0.8889,0.463,0.463,0.5741,4,7,18,16,7,30,26,24
00-0031345,J.Garoppolo,SF,SF,2021,QB,15,9,0.7467,3,3,4,81.28,882.82,2.623,1.021,244.4,1.55,0.8,0.571,0.84,0.5,0.82,0.74,0.62,0.94,0.6,0.8571,9,26,10,14,20,4,31,8
00-0028986,C.Keenum,MIN,MIN,2017,QB,15,9,0.7449,3,3,3,53.5,1007.58,3.584,0.895,240.9,1.55,0.47,0.49,0.8,0.5556,0.8444,0.6444,0.5556,0.8889,0.0889,0.7273,10,21,8,17,21,6,6,13
00-0022942,P.Rivers,LAC,LAC,2018,QB,16,9,0.7204,3,3,3,111.51,1100.1,3.609,0.968,257.8,2.12,0.75,0.192,0.9362,0.6596,0.7872,0.617,0.8085,0.9362,0.4468,0.0444,4,17,11,19,10,4,22,44
00-0022924,B.Roethlisberger,PIT,PIT,2016,QB,14,9,0.6985,3,3,4,79.76,1091.95,1.946,0.794,264.7,2.18,0.93,0.386,0.8409,0.5227,0.6667,0.7955,0.8409,0.6,0.6,0.3415,8,22,16,10,8,19,28,28
00-0031280,D.Carr,LV,LV,2020,QB,16,9,0.6925,3,3,3,49.63,1367.61,2.573,0.898,258,2.11,0.56,0.492,0.6383,0.8298,0.7021,0.7234,0.7021,0.7234,0.3191,0.7333,18,9,15,14,15,14,16,13
00-0036355,J.Herbert,LAC,LAC,2022,QB,17,10,0.7531,3,3,3,18.66,1692.29,1.316,0.954,275.4,1.53,0.59,0.512,0.7414,0.9828,0.7241,0.9138,0.5862,0.9138,0.2931,0.7895,16,2,17,6,25,6,18,13
00-0031280,D.Carr,LV,LV,2019,QB,16,10,0.7486,3,3,3,68.18,1104.63,5.69,1.09,247.7,1.64,0.5,0.512,0.8571,0.6122,0.92,0.6735,0.4898,0.96,0.26,0.7333,8,20,5,17,26,3,14,13
00-0026498,M.Stafford,LA,LA,2021,QB,17,10,0.745,3,3,3,115.69,1488.47,-0.117,0.865,276.4,2.65,1,0.453,0.9,0.92,0.54,0.86,0.98,0.74,0.84,0.5102,6,5,24,8,2,14,43,25
00-0026143,M.Ryan,ATL,ATL,2017,QB,16,10,0.7366,3,3,3,73.56,1156.26,2.968,0.798,256.4,1.38,0.75,0.596,0.8667,0.8,0.8222,0.7556,0.4444,0.7556,0.3556,0.9545,7,10,9,12,26,12,17,3
00-0034869,S.Darnold,MIN,MIN,2024,QB,17,10,0.7304,3,3,3,32.75,1468.3,3.855,0.794,248.5,2.18,0.71,0.531,0.6809,0.9362,0.8511,0.7872,0.9149,0.5106,0.5532,0.7826,16,4,8,11,5,24,29,11
00-0033873,P.Mahomes,KC,KC,2023,QB,16,10,0.7269,3,3,3,38.18,1412.47,2.747,0.986,275.7,1.81,0.88,0.417,0.8148,0.9259,0.7593,0.9444,0.7222,0.9259,0.7222,0.4074,11,5,14,4,16,5,40,33
00-0029567,N.Foles,PHI,PHI,2018,QB,5,10,0.6947,3,3,4,24.55,409.77,5.72,0.984,276.6,1.4,0.8,0.691,0.617,0.2766,0.9574,0.8511,0.3617,0.9574,0.5106,1,19,35,3,8,31,3,25,1
00-0022942,P.Rivers,LAC,LAC,2016,QB,16,10,0.6848,3,3,3,32.75,1225.94,0.215,0.811,266.3,2.31,1.31,0.697,0.6591,0.7045,0.5333,0.8182,0.8864,0.6444,0.9778,1,16,14,22,9,6,17,45,1
00-0029263,R.Wilson,SEA,SEA,2020,QB,16,10,0.6837,3,3,3,72.98,1410.24,6.846,0.748,276.6,2.69,0.81,0.376,0.7872,0.8936,0.9574,0.8298,0.9149,0.3404,0.6809,0.1778,11,6,3,9,5,32,34,38
00-0030565,G.Smith,SEA,SEA,2022,QB,17,11,0.7476,3,3,3,3.94,1340.82,5.622,0.84,252.9,1.88,0.65,0.46,0.6724,0.8448,0.9828,0.8103,0.8276,0.7414,0.3966,0.5965,20,10,2,12,11,16,24,24
00-0031345,J.Garoppolo,SF,SF,2019,QB,16,11,0.7428,3,3,3,65.74,1151.9,2.388,1.112,238.2,1.88,0.81,0.62,0.8367,0.6939,0.82,0.5306,0.7347,0.98,0.64,0.9111,9,16,10,24,14,2,33,5
00-0029263,R.Wilson,SEA,SEA,2017,QB,16,11,0.7286,3,3,3,50.1,1208.53,4.619,0.623,266.8,2.38,0.69,0.419,0.7778,0.8667,0.8889,0.8889,0.9333,0.1778,0.3111,0.3864,11,7,6,6,4,38,15,28
00-0037834,B.Purdy,SF,SF,2024,QB,15,11,0.7282,3,3,3,97.01,1243.66,2.063,0.887,268.7,1.67,0.8,0.53,0.8723,0.6809,0.6383,0.9362,0.6383,0.7447,0.7234,0.7609,7,16,18,4,18,13,35,12
00-0033106,J.Goff,DET,DET,2023,QB,17,11,0.725,3,3,3,47.81,1406.62,1.274,1.018,259.5,2.11,0.71,0.302,0.8333,0.9074,0.7222,0.8148,0.8704,0.9444,0.5556,0.0926,10,6,16,11,8,4,31,50
00-0029604,K.Cousins,MIN,MIN,2021,QB,16,11,0.6963,3,3,3,58.63,1221.02,1.35,0.832,259.7,2.13,0.44,0.31,0.8,0.7,0.64,0.8,0.78,0.6,0.18,0.1429,11,16,19,11,12,21,10,43
00-0029263,R.Wilson,SEA,SEA,2018,QB,16,11,0.6913,3,3,3,80.48,1043.53,7.465,0.72,219,2.31,0.44,0.37,0.8511,0.617,1,0.3617,0.8723,0.4043,0.1064,0.2,8,19,1,31,7,29,7,37
00-0031280,D.Carr,LV,LV,2016,QB,15,11,0.6824,3,3,3,58.7,1224.08,-0.031,0.857,262.5,1.87,0.4,0.35,0.7955,0.6818,0.4667,0.7727,0.7273,0.7333,0.2222,0.2439,10,15,25,11,13,13,11,32
00-0020531,D.Brees,NO,NO,2020,QB,12,11,0.6773,3,3,5,58.08,963.87,1.598,1.164,237.5,2.25,0.5,0.428,0.6809,0.5106,0.617,0.5319,0.7234,1,0.2128,0.4222,16,24,19,23,14,1,11,27
00-0035710,D.Jones,NYG,NYG,2022,QB,16,12,0.7285,3,3,3,43.89,1199.73,2.33,0.89,229.6,1.38,0.31,0.432,0.8448,0.8103,0.8448,0.6724,0.4655,0.8621,0.0172,0.5439,10,12,10,20,32,9,2,27
00-0023459,A.Rodgers,GB,GB,2017,QB,7,12,0.7253,3,3,6,23.08,581.63,0.847,0.833,236.3,2.57,0.86,0.549,0.6889,0.3556,0.6889,0.5778,0.9556,0.8,0.6222,0.8864,15,30,15,20,3,10,29,6
00-0035100,J.Browning,CIN,CIN,2023,QB,9,12,0.7213,3,3,5,32.89,600.94,3.866,1.032,210.7,1.78,0.78,0.621,0.7963,0.4444,0.8333,0.4815,0.6852,0.963,0.6111,0.9444,12,31,10,29,18,3,34,4
00-0031280,D.Carr,NO,NO,2024,QB,10,12,0.7201,3,3,5,41.21,653.53,3.276,0.927,218.8,1.73,0.5,0.569,0.7234,0.3617,0.766,0.5319,0.6596,0.8298,0.2766,0.9565,14,31,12,23,17,9,14,3
00-0033537,D.Watson,HOU,HOU,2018,QB,16,12,0.6834,3,3,3,56.53,1451.13,4.608,0.778,270.8,1.94,0.56,0.412,0.766,0.9149,0.8936,0.7872,0.5957,0.5106,0.2128,0.3556,12,5,6,11,20,24,11,30
00-0022942,P.Rivers,LAC,LAC,2019,QB,16,12,0.6807,3,3,3,46.49,1252.42,3.715,0.822,277.9,1.67,1.25,0.537,0.7755,0.7959,0.86,0.8571,0.551,0.72,0.9,0.8,12,11,8,8,23,15,46,10
00-0031237,T.Bridgewater,DEN,DEN,2021,QB,14,12,0.6756,3,3,4,53.67,954.2,3.911,0.769,211.9,1.52,0.5,0.562,0.78,0.58,0.92,0.5,0.56,0.4,0.2,0.8163,12,22,5,26,23,31,12,10
00-0035228,K.Murray,ARI,ARI,2020,QB,16,12,0.6737,3,3,3,59.49,1456.44,2.225,0.828,288.4,2.44,0.75,0.4,0.7234,0.9149,0.6809,0.8936,0.8298,0.5319,0.5957,0.3111,14,5,16,6,9,23,29,32
00-0032268,M.Mariota,TEN,TEN,2016,QB,15,12,0.668,3,3,3,47.1,1040.5,1.375,0.71,241.3,2.2,0.6,0.488,0.7045,0.4773,0.6,0.5909,0.8636,0.4,0.3778,0.6829,14,24,19,19,7,28,18,14
00-0033077,D.Prescott,DAL,DAL,2022,QB,12,13,0.7136,4,4,6,42.37,919.18,0.02,0.807,244.4,2.26,1.25,0.548,0.8276,0.6379,0.569,0.7586,0.9138,0.6034,0.9483,0.8772,11,22,26,15,6,24,56,8
00-0027973,A.Dalton,CAR,CAR,2023,QB,1,13,0.7093,4,4,8,5.98,113.41,-5.506,0.666,340,2,0,0.75,0.6296,0,0.1111,1,0.8333,0.2407,0,1,21,55,49,1,10,42,2,1
00-0021206,J.McCown,NYJ,NYJ,2017,QB,13,13,0.703,4,4,5,11.15,801.55,5.534,0.795,215.1,1.96,0.69,0.528,0.6222,0.4444,0.9778,0.4667,0.7778,0.7333,0.3333,0.8409,18,26,2,25,11,13,16,8
00-0035228,K.Murray,ARI,ARI,2024,QB,17,13,0.684,4,4,4,62.6,1396.19,2.118,0.932,247.4,1.59,0.65,0.461,0.766,0.8723,0.6596,0.766,0.5957,0.8723,0.4468,0.5,12,7,17,12,20,7,22,24
00-0034796,L.Jackson,BAL,BAL,2020,QB,15,13,0.6722,4,4,4,97.32,1225.32,1.027,0.741,240.3,2.27,0.6,0.487,0.8723,0.7447,0.5319,0.5532,0.7447,0.3191,0.3404,0.7111,7,13,23,22,13,33,17,14
00-0027939,C.Newton,CAR,CAR,2018,QB,14,13,0.669,4,4,4,37.53,1185.24,3.043,0.881,262.4,2.07,0.93,0.447,0.7021,0.7234,0.7447,0.6809,0.7447,0.8085,0.5957,0.4667,15,14,13,16,13,10,29,25
00-0036389,J.Hurts,PHI,PHI,2021,QB,15,13,0.6682,4,4,4,52.87,1292.27,0.115,0.724,252.3,1.8,0.6,0.504,0.76,0.74,0.56,0.78,0.74,0.28,0.32,0.6122,13,14,23,12,14,37,17,20
00-0033106,J.Goff,LA,LA,2019,QB,16,13,0.6664,4,4,4,48.14,1366.65,-1.789,0.889,282.3,1.78,1,0.446,0.7959,0.9184,0.38,0.8776,0.6735,0.86,0.74,0.5111,11,5,32,7,17,8,38,23
00-0027973,A.Dalton,CIN,CIN,2016,QB,16,13,0.6399,4,4,4,47.51,1185.07,2.812,0.832,259.5,1.41,0.5,0.396,0.7273,0.6136,0.7556,0.7045,0.5,0.6889,0.3111,0.3902,13,18,12,14,23,15,15,26
00-0033537,D.Watson,HOU,HOU,2017,QB,7,14,0.6981,4,4,7,42.16,464.52,2.259,0.638,265.1,3.29,1.14,0.462,0.7556,0.2667,0.7778,0.8667,1,0.2444,0.8667,0.6364,12,34,11,7,1,35,40,17
00-0037834,B.Purdy,SF,SF,2022,QB,7,14,0.6933,4,4,3,26.08,448.27,-0.716,1.085,185.7,1.97,0.57,0.471,0.7931,0.4655,0.4483,0.2931,0.8621,0.9828,0.2586,0.614,13,32,33,42,9,2,16,23
00-0026498,M.Stafford,LA,LA,2023,QB,15,14,0.6815,4,4,4,49.57,1246.81,-2.557,0.877,255.4,1.67,0.73,0.489,0.8519,0.7778,0.3148,0.7778,0.5926,0.8333,0.5741,0.7593,9,13,38,13,23,10,32,14
00-0033077,D.Prescott,DAL,DAL,2020,QB,5,14,0.6682,4,4,7,36.25,559.19,0.304,0.965,377.4,2.6,0.8,0.398,0.5957,0.2979,0.4681,1,0.8723,0.8511,0.6383,0.2667,20,34,26,1,7,8,31,34
00-0031503,J.Winston,TB,TB,2018,QB,11,14,0.668,4,4,3,52.37,946.58,2.2,0.643,283.3,2.09,1.27,0.635,0.7447,0.5532,0.6809,0.8723,0.7872,0.1702,0.8936,0.9778,13,22,16,7,11,40,43,2
00-0029701,R.Tannehill,TEN,TEN,2021,QB,17,14,0.6618,4,4,4,46.43,1317.51,2.362,0.791,216.4,1.71,0.82,0.595,0.74,0.78,0.78,0.54,0.7,0.48,0.62,0.9184,14,12,12,24,16,27,33,5
00-0031503,J.Winston,TB,TB,2019,QB,16,14,0.656,4,4,4,42.27,1363.22,0.667,0.69,317.8,2.56,1.88,0.411,0.7143,0.898,0.64,1,0.9592,0.34,0.98,0.3556,15,6,19,1,3,34,50,30
00-0039732,B.Nix,DEN,DEN,2024,QB,17,14,0.649,4,4,4,39.68,1349.76,0.561,0.832,235.7,1.94,0.71,0.475,0.7021,0.8511,0.4681,0.6809,0.8511,0.5532,0.5532,0.5435,15,8,26,16,8,22,28,22
00-0021429,C.Palmer,ARI,ARI,2016,QB,15,14,0.6097,4,4,4,13.04,1268.89,0.394,0.654,267.8,1.87,0.93,0.692,0.5,0.7273,0.5556,0.8409,0.7273,0.2222,0.6222,0.9756,23,13,21,8,12,36,29,2
00-0034796,L.Jackson,BAL,BAL,2022,QB,12,15,0.6917,4,4,5,44.48,968.43,-0.617,0.714,241.2,1.67,0.58,0.485,0.8621,0.6897,0.4828,0.7414,0.6897,0.3793,0.2759,0.6842,9,19,31,16,17,37,17,19
00-0036355,J.Herbert,LAC,LAC,2023,QB,13,15,0.6787,4,4,5,16.43,1091.18,-0.311,0.78,242.3,1.79,0.54,0.445,0.7222,0.6852,0.5556,0.7037,0.7037,0.6111,0.2593,0.6111,16,18,25,17,17,22,15,22
00-0029604,K.Cousins,WAS,WAS,2017,QB,16,15,0.6722,4,4,4,-2.52,1122.71,0.839,0.838,245.6,2.19,0.81,0.43,0.5556,0.7333,0.6667,0.6889,0.8889,0.8444,0.4667,0.4773,21,13,16,15,6,8,22,24
00-0032950,C.Wentz,PHI,PHI,2018,QB,11,15,0.6648,4,4,4,35.47,947.22,5.096,0.853,269.7,2,0.64,0.372,0.6809,0.5745,0.9149,0.766,0.6383,0.7021,0.3191,0.2222,16,21,5,12,14,15,16,36
00-0032950,C.Wentz,PHI,PHI,2019,QB,16,15,0.6557,4,4,4,9.47,1427.35,-0.636,0.73,254.5,1.75,0.44,0.613,0.6122,0.9592,0.52,0.7143,0.6531,0.48,0.24,0.8889,20,3,25,15,18,27,13,6
00-0034855,B.Mayfield,CLE,CLE,2020,QB,16,15,0.647,4,4,4,71.74,1166.55,2.797,0.778,223,1.75,0.5,0.5,0.766,0.6383,0.7447,0.4468,0.5532,0.4468,0.2128,0.8,12,18,13,27,22,27,12,10
00-0036264,J.Love,GB,GB,2024,QB,15,15,0.646,4,4,4,59.28,1017.51,0.62,0.843,227.2,1.89,0.73,0.489,0.7447,0.617,0.4894,0.617,0.8298,0.5957,0.6809,0.6087,13,19,25,19,9,20,33,19
00-0029263,R.Wilson,SEA,SEA,2021,QB,14,15,0.6343,4,4,4,3.76,861.73,3.196,0.662,217.6,2.01,0.43,0.506,0.56,0.46,0.88,0.58,0.76,0.18,0.14,0.6327,23,28,7,22,13,42,9,19
00-0029263,R.Wilson,SEA,SEA,2016,QB,16,15,0.6025,4,4,4,27.24,1190.77,4.498,0.772,261.7,1.38,0.69,0.412,0.6364,0.6591,0.8889,0.75,0.4318,0.4889,0.4444,0.5122,17,16,6,12,26,24,21,21
00-0034869,S.Darnold,CAR,CAR,2022,QB,6,16,0.6861,4,4,7,17.07,371.07,4.893,0.873,195.2,1.67,0.5,0.397,0.7241,0.3793,0.9655,0.3966,0.6897,0.8448,0.1552,0.4211,17,37,3,35,19,10,10,34
00-0030565,G.Smith,SEA,SEA,2023,QB,15,16,0.6778,4,4,5,29.62,1136.96,2.444,0.91,237.5,1.4,0.6,0.457,0.7778,0.7407,0.7407,0.6667,0.463,0.8519,0.3333,0.6481,13,15,15,19,30,9,19,20
00-0031345,J.Garoppolo,SF,SF,2017,QB,6,16,0.6697,4,4,6,59.18,473.02,6.006,0.915,252.7,1.37,0.83,0.417,0.8222,0.2889,1,0.7333,0.4,0.9333,0.5556,0.3636,9,33,1,13,28,4,26,29
00-0023459,A.Rodgers,GB,GB,2018,QB,16,16,0.6643,4,4,4,72.76,1348.49,-0.594,0.718,275.2,1.71,0.12,0.488,0.7872,0.8511,0.4468,0.8298,0.4894,0.383,0,0.6222,11,8,27,9,25,30,1,18
00-0026143,M.Ryan,ATL,ATL,2019,QB,15,16,0.6512,4,4,5,27.95,1445.94,1.801,0.757,286.6,2,0.93,0.383,0.6939,0.9796,0.72,0.9184,0.7755,0.56,0.72,0.2889,16,2,15,5,12,23,37,33
00-0036355,J.Herbert,LAC,LAC,2024,QB,17,16,0.6348,4,4,4,69,1184.75,1.946,0.771,232.8,1.48,0.18,0.434,0.7872,0.6383,0.617,0.6596,0.5106,0.4681,0.0638,0.3478,11,18,19,17,24,26,4,31
00-0026143,M.Ryan,ATL,ATL,2020,QB,16,16,0.6267,4,4,4,58.58,1473.29,1.233,0.755,277.5,1.78,0.69,0.453,0.7021,0.9362,0.5745,0.8511,0.617,0.383,0.4894,0.5333,15,4,21,8,19,30,25,22
00-0036972,M.Jones,NE,NE,2021,QB,17,16,0.62,4,4,4,31.51,1326.8,2.382,0.81,218.9,1.53,0.76,0.452,0.7,0.84,0.8,0.6,0.6,0.58,0.52,0.4898,16,9,11,21,21,22,28,26
00-0027854,S.Bradford,MIN,MIN,2016,QB,15,16,0.5907,4,4,4,18.95,1289.05,4.522,0.959,245.4,1.33,0.33,0.347,0.5455,0.8182,0.9111,0.6364,0.3636,0.9111,0.1556,0.1951,21,9,5,17,29,5,8,34
00-0033119,J.Brissett,CLE,CLE,2022,QB,12,17,0.6654,5,5,6,32.6,846.73,2.888,0.708,222.7,1.15,0.5,0.573,0.8103,0.5862,0.9138,0.6379,0.3103,0.3621,0.1552,0.9298,12,25,6,22,41,38,13,5
00-0031503,J.Winston,TB,TB,2017,QB,13,17,0.6637,5,5,6,29.27,1008.75,4.926,0.651,265,1.62,0.85,0.466,0.7111,0.5778,0.9333,0.8444,0.6444,0.3111,0.6,0.6591,14,20,4,8,17,32,28,16
00-0033869,M.Trubisky,CHI,CHI,2018,QB,14,17,0.6439,5,5,5,76.2,1081.74,1.997,0.752,250.6,1.93,0.86,0.537,0.8085,0.6383,0.6596,0.5957,0.5745,0.4681,0.5745,0.8222,10,18,17,20,21,26,28,9
00-0029263,R.Wilson,DEN,DEN,2023,QB,15,17,0.6352,5,5,5,-19.78,1155.19,4.853,0.797,212.1,2.01,0.53,0.43,0.4259,0.7593,0.9259,0.5,0.8519,0.6667,0.2407,0.4815,32,14,5,28,9,19,14,29
00-0019596,T.Brady,NE,NE,2019,QB,16,17,0.6339,5,5,5,14.83,1457.72,-2.098,0.802,245.5,1.99,0.5,0.46,0.6531,1,0.34,0.6122,0.7551,0.62,0.26,0.5778,18,1,34,20,13,20,15,19
00-0026498,M.Stafford,DET,DET,2020,QB,16,17,0.6235,5,5,5,60.24,1186.1,-1.024,0.768,248.2,1.81,0.62,0.497,0.7447,0.6596,0.3191,0.6383,0.6383,0.4255,0.383,0.7778,13,17,33,18,18,28,20,11
00-0031503,J.Winston,NO,NO,2021,QB,7,17,0.6172,5,5,7,32.79,351.83,-3.138,0.769,185,2.17,0.43,0.504,0.72,0.28,0.3,0.36,0.82,0.44,0.14,0.5918,15,37,36,33,10,29,8,21
00-0029263,R.Wilson,PIT,PIT,2024,QB,11,17,0.61,5,5,5,-12.25,797.98,4.472,0.77,219.8,1.82,0.45,0.509,0.383,0.4894,0.8723,0.5532,0.766,0.4468,0.234,0.6957,30,25,7,22,12,27,13,15
00-0023436,A.Smith,KC,KC,2016,QB,15,17,0.5889,5,5,5,45.13,1132.48,1.95,0.962,233.3,1.4,0.53,0.377,0.6818,0.5909,0.6889,0.4773,0.4545,0.9333,0.3556,0.2927,15,19,15,24,25,4,17,30
00-0019596,T.Brady,TB,TB,2022,QB,17,18,0.6639,5,5,5,20.84,1566.14,0.51,0.87,266.9,1.54,0.53,0.227,0.7586,0.931,0.5862,0.8621,0.6034,0.8276,0.2414,0.0702,15,5,25,9,24,11,15,54
00-0033077,D.Prescott,DAL,DAL,2017,QB,16,18,0.6285,5,5,5,-3.9,1134.86,-0.241,0.743,220,2.09,0.81,0.527,0.5333,0.7778,0.5111,0.4889,0.8667,0.6222,0.4667,0.8182,22,11,23,24,7,18,25,9
00-0034855,B.Mayfield,TB,TB,2023,QB,17,18,0.625,5,5,5,24.22,1294.15,0.24,0.731,234.1,1.71,0.59,0.438,0.7593,0.8148,0.5926,0.6296,0.6111,0.3519,0.3148,0.5556,14,11,23,21,22,36,18,25
00-0031280,D.Carr,LV,LV,2021,QB,17,18,0.6119,5,5,5,18.68,1453.12,2.197,0.84,276.1,1.47,0.82,0.45,0.66,0.88,0.74,0.84,0.5,0.62,0.62,0.4694,18,7,14,9,26,20,32,27
00-0023682,R.Fitzpatrick,MIA,MIA,2020,QB,9,18,0.6096,5,5,7,53.59,666.39,3.409,0.921,244.7,1.69,0.89,0.492,0.6596,0.3191,0.7872,0.5745,0.5106,0.7872,0.766,0.7556,17,33,11,21,24,11,37,12
00-0023459,A.Rodgers,GB,GB,2019,QB,16,18,0.6009,5,5,5,45.3,1279.8,0.66,0.697,244.2,1.69,0.25,0.292,0.7551,0.8367,0.62,0.5918,0.5714,0.38,0.02,0.1111,13,9,20,21,22,32,2,41
00-0033077,D.Prescott,DAL,DAL,2018,QB,16,18,0.5934,5,5,5,25.49,1304.12,1.109,0.804,241.7,1.84,0.5,0.441,0.6383,0.8085,0.5532,0.5532,0.5319,0.5957,0.1489,0.4444,18,10,22,22,23,20,8,26
00-0026158,J.Flacco,IND,IND,2024,QB,7,18,0.5796,5,5,7,-4.95,602.97,1.069,0.687,239.2,1.86,1,0.547,0.4468,0.3191,0.5745,0.7234,0.8085,0.2979,0.8085,0.913,27,33,21,14,10,34,42,5
00-0031503,J.Winston,TB,TB,2016,QB,16,18,0.5781,5,5,5,50.4,1286.93,1.657,0.624,252.1,1.94,1.12,0.402,0.75,0.7955,0.6444,0.6591,0.7727,0.1778,0.8889,0.439,12,10,17,16,11,38,41,24
00-0031280,D.Carr,NO,NO,2023,QB,17,19,0.6074,5,5,5,7.75,1310.79,3.033,0.807,218.2,1.59,0.47,0.368,0.6481,0.8519,0.7778,0.537,0.537,0.7407,0.1852,0.2407,20,9,13,26,26,15,11,42
00-0029701,R.Tannehill,TEN,TEN,2022,QB,12,19,0.6062,5,5,6,12.54,719.26,0.539,0.82,199.8,1.42,0.5,0.447,0.6897,0.5345,0.6034,0.4483,0.4828,0.6724,0.1552,0.5789,19,28,24,33,31,20,11,25
00-0030565,G.Smith,SEA,SEA,2021,QB,4,19,0.6039,5,5,4,2.43,209.25,6.505,0.775,156.8,1.5,0.25,0.643,0.52,0.12,0.98,0.2,0.52,0.46,0,0.9592,25,45,2,41,25,28,4,3
00-0031407,B.Bortles,JAX,JAX,2017,QB,16,19,0.5998,5,5,5,41.75,1157.94,-2.885,0.834,244.6,1.51,0.81,0.425,0.7333,0.8222,0.3111,0.6667,0.5333,0.8222,0.4667,0.4318,13,9,32,16,22,9,23,26
00-0022942,P.Rivers,IND,IND,2020,QB,16,19,0.581,5,5,5,83.71,1226.8,0.745,1.004,252.5,1.56,0.69,0.189,0.8298,0.766,0.4894,0.6596,0.4043,0.8936,0.4894,0.0444,9,12,25,17,29,6,24,44
00-0030565,G.Smith,SEA,SEA,2024,QB,17,19,0.5662,5,5,5,4.28,1244.4,5.64,0.913,250.2,1.41,0.88,0.343,0.5745,0.7021,0.9149,0.8298,0.4681,0.7872,0.766,0.1087,21,15,5,9,26,11,37,42
00-0031280,D.Carr,LV,LV,2018,QB,16,19,0.5626,5,5,5,-8.15,1148,3.797,0.908,238.8,1.47,0.62,0.507,0.3617,0.6809,0.8085,0.5319,0.383,0.9149,0.2766,0.7111,31,16,10,23,30,5,14,14
00-0028118,T.Taylor,BUF,BUF,2016,QB,15,19,0.5597,5,5,5,51.51,1114.43,2.218,0.63,227.7,1.53,0.4,0.378,0.7727,0.5455,0.7111,0.4091,0.5227,0.2,0.2222,0.3171,11,21,14,27,22,37,12,29
00-0035704,D.Lock,DEN,DEN,2019,QB,5,19,0.5181,5,5,7,5.34,343.42,-0.826,0.904,213.2,1.4,0.6,0.46,0.551,0.2857,0.5,0.4082,0.3265,0.88,0.42,0.5778,23,36,26,30,34,7,22,20
00-0026158,J.Flacco,CLE,CLE,2023,QB,5,20,0.5954,5,5,7,-11.17,391.08,-2.876,0.783,312.7,3,1.6,0.398,0.4815,0.3333,0.2963,0.9815,1,0.6296,0.9815,0.3333,29,37,39,2,1,21,55,37
00-0031280,D.Carr,LV,LV,2022,QB,15,20,0.5935,5,5,5,14.51,1057.37,-2.871,0.683,233.4,1.8,0.93,0.486,0.7069,0.7759,0.2931,0.6897,0.8103,0.2931,0.7759,0.7018,18,14,42,19,12,42,46,18
00-0032950,C.Wentz,IND,IND,2021,QB,17,20,0.5868,5,5,5,14.91,1322.27,-2.121,0.793,209.9,1.71,0.41,0.422,0.62,0.8,0.38,0.46,0.72,0.52,0.12,0.4082,20,11,32,28,15,25,7,30
00-0034577,K.Allen,WAS,WAS,2020,QB,4,20,0.5787,5,5,7,3.27,225.27,8.017,0.981,150.2,1.58,0.25,0.75,0.383,0.0851,1,0.0851,0.4468,0.8723,0.0638,1,30,44,1,44,27,7,4,1
00-0027939,C.Newton,CAR,CAR,2017,QB,16,20,0.5761,5,5,5,7.77,1318.19,-2.321,0.686,238.5,1.88,1,0.501,0.6,1,0.3333,0.6222,0.7556,0.4444,0.7111,0.75,19,1,31,18,12,26,35,12
00-0034855,B.Mayfield,CLE,CLE,2018,QB,14,20,0.5581,5,5,6,8.88,1012.4,1.321,0.739,265.8,2.07,1,0.43,0.5106,0.5957,0.5745,0.7021,0.7447,0.4468,0.6596,0.4,24,20,21,15,12,27,34,28
00-0026625,B.Hoyer,CHI,CHI,2016,QB,6,20,0.5285,5,5,7,21.89,422.4,3.399,0.893,237.3,1,0,0.163,0.6136,0.2955,0.7778,0.5227,0.1591,0.8222,0,0.0488,18,32,11,22,36,9,2,40
00-0038128,M.Willis,GB,GB,2024,QB,6,20,0.5202,5,5,4,19.22,169.73,6.899,1.023,113.1,0.7,0,0.454,0.6383,0,0.9787,0.0426,0.0638,0.9574,0,0.4783,18,48,2,46,45,3,1,25
00-0033119,J.Brissett,IND,IND,2019,QB,15,20,0.5172,5,5,5,9.68,976.33,-3.264,0.739,200.9,1.6,0.4,0.473,0.6327,0.551,0.24,0.3265,0.449,0.5,0.16,0.6222,19,23,39,34,28,26,11,18
00-0034771,M.Rudolph,PIT,PIT,2023,QB,4,21,0.5944,6,6,8,7.97,157.42,12.411,1.207,171.7,0.75,0,0.444,0.6667,0.0741,1,0.2593,0.1481,1,0,0.5926,19,51,1,41,46,1,1,23
00-0027973,A.Dalton,NO,NO,2022,QB,14,21,0.5858,6,6,6,-1.45,863.03,0.618,0.842,196.2,1.43,0.64,0.488,0.569,0.6034,0.6379,0.431,0.5172,0.7586,0.3793,0.7368,26,24,22,34,29,15,23,16
00-0035289,G.Minshew,PHI,PHI,2021,QB,3,21,0.5831,6,6,4,14.8,167.26,3.16,1.072,146.5,1.33,0.33,0.458,0.6,0.06,0.86,0.16,0.4,0.96,0.08,0.551,21,48,8,43,31,3,5,23
00-0036442,J.Burrow,CIN,CIN,2020,QB,10,21,0.5622,6,6,7,33.7,980.06,2.101,0.662,261.5,1.73,0.5,0.409,0.5745,0.5532,0.6596,0.766,0.5319,0.1702,0.2128,0.3556,21,22,17,12,23,40,14,30
00-0033319,N.Mullens,SF,SF,2018,QB,8,21,0.5569,6,6,7,22.19,569.32,1.937,1.063,266.7,1.88,1.25,0.318,0.5957,0.3191,0.6383,0.7447,0.5532,0.9787,0.8723,0.1111,20,33,18,13,22,2,42,41
00-0021429,C.Palmer,ARI,ARI,2017,QB,7,21,0.5462,6,6,7,-17.32,570.62,-0.035,0.673,263.5,1.57,1,0.51,0.4444,0.3333,0.5556,0.8,0.5778,0.3556,0.7111,0.7955,26,31,21,10,20,30,37,10
00-0029701,R.Tannehill,MIA,MIA,2016,QB,13,21,0.5186,6,6,6,-4.59,789.51,5.311,0.843,228.8,1.63,0.92,0.368,0.4091,0.3864,0.9778,0.4318,0.5682,0.7111,0.5778,0.2683,27,28,2,26,20,14,27,31
00-0023459,A.Rodgers,NYJ,NYJ,2024,QB,17,21,0.5176,6,6,6,3.02,1308.25,-2.584,0.835,223.6,1.76,0.65,0.415,0.5319,0.766,0.1915,0.5745,0.7021,0.5745,0.4468,0.2609,23,12,39,21,15,21,23,35
00-0031237,T.Bridgewater,NO,NO,2019,QB,7,21,0.5098,6,6,3,6.61,486.23,0.408,1.007,188.4,1.29,0.29,0.333,0.5714,0.3469,0.6,0.3061,0.2653,0.92,0.04,0.2,22,33,21,35,37,5,3,37
00-0035228,K.Murray,ARI,ARI,2023,QB,8,22,0.5935,6,6,7,-8.88,650.72,-2.277,0.801,240.8,1.88,0.62,0.411,0.5185,0.5,0.3519,0.6852,0.7778,0.7037,0.3704,0.3704,27,28,36,18,13,17,22,35
00-0035264,J.Stidham,LV,LV,2022,QB,3,22,0.5826,6,6,5,-0.31,251.12,1.55,0.736,245,1.33,1,0.549,0.6034,0.2414,0.7759,0.7759,0.4138,0.4483,0.7931,0.8947,24,45,14,14,34,33,48,7
00-0036212,T.Tagovailoa,MIA,MIA,2021,QB,13,22,0.5777,6,6,7,15.89,884.36,1.925,0.866,203.2,1.56,0.77,0.409,0.64,0.52,0.7,0.42,0.66,0.76,0.56,0.3265,19,25,16,30,18,13,29,34
00-0026158,J.Flacco,BAL,BAL,2018,QB,9,22,0.5487,6,6,7,12.95,795.89,-2.612,0.704,270.8,1.33,0.67,0.628,0.5532,0.4255,0.3404,0.8085,0.2979,0.3404,0.3404,0.9556,22,28,32,10,33,32,18,3
00-0033869,M.Trubisky,CHI,CHI,2020,QB,9,22,0.5455,6,6,7,33.49,814.56,1.099,0.781,234.2,1.99,0.89,0.479,0.5532,0.4468,0.5532,0.5106,0.6809,0.4681,0.766,0.6889,22,27,22,24,16,26,38,15
00-0028118,T.Taylor,BUF,BUF,2017,QB,15,22,0.5156,6,6,6,17.39,957.84,1.259,0.637,198,1.27,0.27,0.438,0.6444,0.5111,0.7333,0.3556,0.2667,0.2222,0,0.5227,17,23,13,30,34,36,1,22
00-0026498,M.Stafford,LA,LA,2024,QB,16,22,0.5142,6,6,6,29.83,1261.14,-0.666,0.867,225.5,1.25,0.5,0.397,0.6596,0.7447,0.3404,0.5957,0.3191,0.7021,0.2766,0.1957,17,13,32,20,33,15,15,38
00-0023682,R.Fitzpatrick,MIA,MIA,2019,QB,15,22,0.5085,6,6,6,7.2,1170.37,-0.546,0.677,239.1,1.75,0.87,0.409,0.5918,0.7347,0.56,0.551,0.6327,0.28,0.66,0.3333,21,14,23,23,19,37,34,31
00-0027974,C.Kaepernick,SF,SF,2016,QB,11,22,0.5067,6,6,7,2.64,746.86,-4.747,0.689,227.6,1.64,0.36,0.557,0.4545,0.3636,0.1111,0.3864,0.5909,0.3556,0.2,0.9024,25,29,41,28,19,30,10,5
00-0033319,N.Mullens,MIN,MIN,2023,QB,5,23,0.5778,6,6,4,12.27,355.71,5.652,0.805,246.4,1.4,1.6,0.379,0.7037,0.2222,0.9815,0.7407,0.4444,0.7222,0.9815,0.2963,17,43,2,15,31,16,54,39
00-0034796,L.Jackson,BAL,BAL,2021,QB,12,23,0.5706,6,6,7,26.78,1094.13,0.679,0.684,288.6,1.67,1.08,0.405,0.68,0.6,0.62,0.92,0.68,0.24,0.9,0.3061,17,21,20,5,17,39,47,35
00-0035228,K.Murray,ARI,ARI,2022,QB,11,23,0.5593,6,6,7,-5.39,945.66,-0.806,0.755,236.5,1.64,0.64,0.393,0.5,0.6724,0.431,0.7069,0.6379,0.5345,0.3621,0.4035,30,20,34,18,22,28,22,35
00-0035289,G.Minshew,JAX,JAX,2020,QB,9,23,0.5418,6,6,7,19.34,774.34,4.274,0.753,254.9,1.78,0.56,0.208,0.4894,0.4255,0.8511,0.6809,0.5957,0.3617,0.2979,0.0667,25,28,8,16,20,31,15,43
00-0022803,E.Manning,NYG,NYG,2018,QB,16,23,0.5192,6,6,6,29.37,1179.04,0.464,0.856,248.9,1.49,0.69,0.183,0.6596,0.7021,0.4894,0.5745,0.4043,0.7447,0.383,0.0222,17,15,25,21,29,13,20,45
00-0031280,D.Carr,LV,LV,2017,QB,15,23,0.514,6,6,6,-10.84,914.81,-0.316,0.767,233.2,1.6,0.87,0.391,0.5111,0.4889,0.4889,0.5556,0.6,0.6667,0.6444,0.3182,23,24,24,21,18,16,30,31
00-0032436,J.Driskel,DET,DET,2019,QB,3,23,0.4997,6,6,5,0.4,253.53,-2.777,0.674,263.3,1.67,1.33,0.671,0.4898,0.2041,0.28,0.7959,0.5102,0.26,0.96,0.9778,26,40,37,11,25,38,49,2
00-0033077,D.Prescott,DAL,DAL,2024,QB,8,23,0.4947,6,6,7,-14.52,636.73,-0.851,0.761,240,1.5,1,0.656,0.3404,0.3404,0.3191,0.7447,0.5319,0.4043,0.8085,1,32,32,33,13,22,29,41,1
00-0031345,J.Garoppolo,NE,NE,2016,QB,6,23,0.4679,6,6,3,20.99,132,2.712,0.933,82.7,0.67,0,0.411,0.5909,0,0.7333,0,0.0682,0.8444,0,0.4878,19,45,13,45,42,8,1,22
00-0039164,A.Richardson,IND,IND,2023,QB,4,24,0.563,6,6,8,2.06,248.97,-7.687,0.738,172,1.75,0.25,0.654,0.6111,0.1481,0.0741,0.2778,0.6481,0.4074,0.0556,0.963,22,47,51,40,20,33,4,3
00-0031800,T.Heinicke,WAS,WAS,2022,QB,9,24,0.5429,6,6,7,-17.1,580.4,1.702,0.743,201.6,1.67,0.67,0.378,0.4138,0.5,0.8276,0.5,0.6897,0.4828,0.4138,0.3684,35,30,11,30,18,31,25,37
00-0031237,T.Bridgewater,CAR,CAR,2020,QB,15,24,0.5417,6,6,6,41.12,1161.37,4.039,0.941,255.3,1.36,0.73,0.399,0.617,0.5957,0.8298,0.7021,0.234,0.8085,0.5745,0.2889,19,20,9,15,37,10,28,33
00-0027688,C.McCoy,ARI,ARI,2021,QB,4,24,0.5291,6,6,3,1.73,242.93,3.518,1.289,180.3,0.75,0.25,0.47,0.5,0.18,0.9,0.3,0.06,1,0,0.5714,26,42,6,36,48,1,1,22
00-0029604,K.Cousins,MIN,MIN,2018,QB,16,24,0.5156,6,6,6,-42.45,1363.59,2.611,0.856,260.8,2.25,0.62,0.358,0.0638,0.8723,0.7021,0.6596,0.8511,0.7234,0.2766,0.1556,45,7,15,17,8,14,15,39
00-0032268,M.Mariota,TEN,TEN,2017,QB,15,24,0.4851,6,6,6,-13.62,1029.66,0.692,0.714,224.7,1.33,1,0.503,0.4667,0.6667,0.6444,0.5333,0.3333,0.5111,0.7111,0.7727,25,16,17,22,31,23,34,11
00-0022803,E.Manning,NYG,NYG,2019,QB,4,24,0.4814,6,6,8,-7.74,258.86,-2.608,0.805,251.8,1.5,1.25,0.605,0.4286,0.2245,0.3,0.6939,0.3878,0.66,0.9,0.8667,29,39,36,16,31,18,47,7
00-0036945,J.Fields,PIT,PIT,2024,QB,7,24,0.4788,6,6,5,4.24,468.38,2.388,0.71,169.2,1.21,0.14,0.47,0.5532,0.1702,0.6809,0.1915,0.2979,0.3404,0.0213,0.5217,22,40,16,39,34,32,2,23
00-0032156,T.Siemian,DEN,DEN,2016,QB,14,24,0.4614,6,6,6,-15.51,963.89,-0.517,0.738,235.4,1.36,0.71,0.576,0.2955,0.4545,0.4,0.5,0.4091,0.4222,0.4667,0.9512,32,25,28,23,27,27,22,3
00-0036442,J.Burrow,CIN,CIN,2023,QB,10,25,0.5528,7,7,5,-2.34,859.74,1.234,0.849,221.7,1.5,0.6,0.326,0.537,0.5926,0.7037,0.5556,0.5,0.7963,0.3333,0.1852,26,23,17,25,27,12,20,45
00-0033106,J.Goff,LA,LA,2020,QB,15,25,0.5264,7,7,7,8.85,1224.79,0.924,1.014,259.9,1.75,0.87,0.381,0.4468,0.7234,0.5106,0.7447,0.5745,0.9149,0.7447,0.2,27,14,24,13,21,5,36,37
00-0038108,B.Zappe,NE,NE,2022,QB,4,25,0.5182,7,7,8,1.59,182.45,5.753,1.115,185.2,1.25,0.75,0.192,0.6379,0.1552,1,0.2759,0.3448,1,0.5517,0.0351,22,50,1,43,37,1,33,56
00-0032268,M.Mariota,TEN,TEN,2018,QB,14,25,0.5026,7,7,7,9.9,860.86,3.447,0.804,188.7,1,0.57,0.564,0.5319,0.5106,0.766,0.2553,0.1702,0.5745,0.234,0.8667,23,24,12,36,39,21,12,7
00-0034401,M.White,NYJ,NYJ,2021,QB,4,25,0.4903,7,7,8,-7.98,243.15,-2.092,1.153,232.8,1.25,2,0.519,0.44,0.2,0.4,0.7,0.34,0.98,0.98,0.6735,29,41,31,16,34,2,50,17
00-0035228,K.Murray,ARI,ARI,2019,QB,16,25,0.4779,7,7,7,-10.82,1374.67,-1.517,0.771,247.7,1.69,0.75,0.381,0.3878,0.9388,0.42,0.6531,0.5714,0.58,0.58,0.2667,31,4,30,18,21,22,30,34
00-0031503,J.Winston,CLE,CLE,2024,QB,9,25,0.4754,7,7,8,-13.82,708.55,-1.775,0.685,230.4,1.77,1.33,0.558,0.3617,0.4255,0.234,0.6383,0.7234,0.2766,1,0.9348,31,28,37,18,14,35,48,4
00-0026158,J.Flacco,BAL,BAL,2016,QB,16,25,0.45,7,7,7,-30.02,1274.78,-0.188,0.778,259.6,1.4,0.94,0.501,0.1364,0.7727,0.4444,0.7273,0.4773,0.5556,0.6667,0.7805,39,11,26,13,24,21,32,10
00-0023682,R.Fitzpatrick,TB,TB,2017,QB,6,25,0.4195,7,7,6,5.24,384.5,-1.612,0.685,191.2,1.17,0.5,0.388,0.5778,0.1778,0.3778,0.2889,0.1778,0.4222,0.1333,0.2955,20,38,29,33,38,27,9,32
00-0036945,J.Fields,CHI,CHI,2023,QB,13,26,0.5352,7,7,7,-20.09,1117.85,0.793,0.684,225.7,1.77,0.69,0.481,0.4074,0.7037,0.6296,0.5926,0.6667,0.2778,0.537,0.7407,33,17,21,23,19,40,30,15
00-0022924,B.Roethlisberger,PIT,PIT,2020,QB,15,26,0.5174,7,7,7,25.57,1310.13,-1.061,0.849,246.8,2.27,0.67,0.309,0.5106,0.8085,0.2979,0.5957,0.7447,0.5532,0.4255,0.0889,24,10,34,20,12,22,23,42
00-0023459,A.Rodgers,GB,GB,2022,QB,17,26,0.5096,7,7,7,-25.86,1250.68,0.547,0.746,209.1,1.66,0.71,0.44,0.2759,0.8276,0.6207,0.5517,0.6724,0.5172,0.4655,0.5614,43,11,23,27,20,29,29,26
00-0027973,A.Dalton,CIN,CIN,2018,QB,11,26,0.483,7,7,7,17.86,800.81,-3.042,0.771,233.1,2,1,0.376,0.5745,0.4468,0.3191,0.4681,0.6383,0.4894,0.6596,0.2667,21,27,33,26,16,25,33,34
00-0028986,C.Keenum,WAS,WAS,2019,QB,9,26,0.4752,7,7,8,-16.61,516.28,-1.095,0.86,176,1.53,0.56,0.644,0.3265,0.3673,0.46,0.2041,0.4082,0.8,0.38,0.9333,34,32,28,40,30,11,20,4
00-0029604,K.Cousins,ATL,ATL,2024,QB,14,26,0.4682,7,7,7,-0.99,1004.63,0.959,0.921,236.2,1.43,1.14,0.297,0.4894,0.5957,0.5532,0.7021,0.4894,0.8085,0.9787,0.0435,25,20,22,15,25,10,47,45
00-0035710,D.Jones,NYG,NYG,2021,QB,11,26,0.4594,7,7,7,-6.81,863.96,-0.844,0.808,233.8,1.09,0.64,0.347,0.46,0.48,0.46,0.72,0.26,0.56,0.4,0.2245,28,27,28,15,38,23,21,39
00-0031407,B.Bortles,JAX,JAX,2016,QB,16,26,0.4361,7,7,7,-27.19,1313.32,-4.475,0.684,254.4,1.81,1,0.491,0.2045,0.8409,0.1333,0.6818,0.6818,0.3333,0.7111,0.7073,36,8,40,15,15,31,35,13
00-0025708,M.Moore,MIA,MIA,2017,QB,4,26,0.3977,7,7,8,-21.35,206.94,-0.099,0.674,196,1.5,1.25,0.426,0.4,0.0667,0.5333,0.3333,0.5111,0.3778,0.9111,0.4545,28,43,22,31,23,29,43,25
00-0032268,M.Mariota,ATL,ATL,2022,QB,13,27,0.5081,7,7,7,3.62,809.34,-0.646,0.596,189.7,1.46,0.69,0.488,0.6552,0.569,0.4655,0.3448,0.5345,0.1034,0.431,0.7193,21,26,32,39,28,53,27,17
00-0035282,E.Stick,LAC,LAC,2023,QB,5,27,0.5028,7,7,5,-25.97,413,-4.808,0.772,236.8,1.45,0.2,0.473,0.2963,0.3889,0.1481,0.6481,0.4815,0.537,0.037,0.7037,39,34,47,20,29,26,3,17
00-0026498,M.Stafford,DET,DET,2018,QB,16,27,0.4724,7,7,7,-5.41,1207.76,-2.11,0.852,225.6,1.51,0.69,0.464,0.4255,0.7447,0.3617,0.4255,0.4255,0.6809,0.383,0.5111,28,13,31,28,28,16,21,23
00-0027973,A.Dalton,CIN,CIN,2019,QB,13,27,0.4675,7,7,7,-22.4,1137.44,-3.272,0.707,256,1.79,1.08,0.568,0.2245,0.6327,0.22,0.7347,0.6939,0.4,0.84,0.8444,39,19,40,14,16,31,43,8
00-0031345,J.Garoppolo,SF,SF,2020,QB,6,27,0.4614,7,7,8,26.77,293.18,0.245,1.075,176.1,1.17,0.83,0.568,0.5319,0.1702,0.4468,0.1489,0.2128,0.9787,0.7234,0.9333,23,40,27,41,38,2,35,4
00-0037012,T.Lance,SF,SF,2021,QB,4,27,0.4572,7,7,4,8.93,214.49,-4.144,0.846,175.3,1.42,0.5,0.306,0.58,0.14,0.22,0.28,0.46,0.64,0.2,0.1224,22,44,40,37,28,19,11,44
00-0034771,M.Rudolph,TEN,TEN,2024,QB,8,27,0.4302,7,7,8,-0.55,524.84,0.238,0.852,197.8,1.27,1.12,0.508,0.5106,0.2553,0.4255,0.3617,0.3404,0.6596,0.9574,0.6739,24,36,28,31,32,17,46,16
00-0032950,C.Wentz,PHI,PHI,2016,QB,16,27,0.4105,7,7,7,7.19,1435.92,-0.862,0.746,232.7,1.12,0.88,0.405,0.4773,0.9545,0.3556,0.4545,0.25,0.4667,0.5556,0.4634,24,3,30,25,34,25,26,23
00-0027973,A.Dalton,CIN,CIN,2017,QB,16,27,0.3839,7,7,7,-58.3,964.84,-1.683,0.699,198.6,1.62,0.75,0.383,0.0889,0.5333,0.3556,0.3778,0.6667,0.4667,0.3556,0.25,42,22,30,29,16,25,18,34
00-0033949,J.Dobbs,TEN,TEN,2022,QB,2,28,0.4991,7,7,6,-7.19,139.94,-1.597,0.658,214.5,1.5,1,0.69,0.4828,0.0517,0.3448,0.6034,0.5517,0.2241,0.7931,1,31,56,39,24,27,46,51,1
00-0036971,T.Lawrence,JAX,JAX,2023,QB,16,28,0.4963,7,7,7,-20.48,1298.38,0.903,0.771,258.3,1.62,0.88,0.328,0.3889,0.8333,0.6481,0.7963,0.5741,0.5185,0.7222,0.2037,34,10,20,12,24,27,41,44
00-0033106,J.Goff,DET,DET,2021,QB,14,28,0.4572,7,7,7,-48.58,1117.34,0.553,0.87,223.2,1.5,0.57,0.272,0.14,0.62,0.6,0.68,0.52,0.78,0.3,0.0816,44,20,21,17,24,12,16,46
00-0034857,J.Allen,BUF,BUF,2019,QB,16,28,0.4493,7,7,7,-7.2,1194.56,-1.62,0.617,213.2,1.73,0.56,0.431,0.449,0.7551,0.4,0.3878,0.6122,0.12,0.4,0.4444,28,13,31,31,20,45,21,26
00-0033357,T.Hill,NO,NO,2020,QB,10,28,0.4482,7,7,5,16.72,538.75,6.812,0.894,112.7,0.9,0.2,0.462,0.4681,0.2553,0.9362,0.0213,0.0638,0.6809,0.0426,0.5778,26,36,4,47,45,16,3,20
00-0023436,A.Smith,WAS,WAS,2018,QB,10,28,0.4248,7,7,7,-4.13,731.1,-1.702,0.724,222.7,1.2,0.5,0.403,0.4681,0.3617,0.383,0.383,0.2553,0.4255,0.1489,0.3333,26,31,30,30,36,28,9,31
00-0039851,D.Maye,NE,NE,2024,QB,13,28,0.4233,7,7,7,-11.6,815.42,2.836,0.748,192.9,1.4,0.77,0.449,0.4043,0.5106,0.7234,0.3404,0.4468,0.3617,0.7021,0.4348,29,24,14,32,27,31,34,27
00-0033104,C.Kessler,CLE,CLE,2016,QB,9,28,0.3986,7,7,8,18.4,363.3,4.701,0.775,140.2,0.67,0.22,0.164,0.5227,0.2727,0.9333,0.0909,0.0682,0.5111,0.1111,0.0732,22,33,4,41,41,23,6,39
00-0033936,C.Beathard,SF,SF,2017,QB,6,28,0.3838,7,7,6,-47.08,481.26,-7.129,0.731,237.5,1.33,1,0.484,0.2444,0.3111,0.0889,0.6,0.3333,0.5778,0.7111,0.7045,35,32,42,19,30,20,33,14
00-0026498,M.Stafford,LA,LA,2022,QB,9,29,0.4979,8,8,8,-31.65,738.1,-0.039,0.846,210.1,1.59,0.89,0.495,0.2241,0.5517,0.5517,0.569,0.6207,0.7759,0.7586,0.7544,46,27,27,26,23,14,45,15
00-0033537,D.Watson,CLE,CLE,2023,QB,6,29,0.4954,8,8,7,-16.02,372.2,-0.326,0.588,201.3,1.87,0.67,0.422,0.463,0.2593,0.537,0.4444,0.7593,0.1296,0.4815,0.4259,30,41,26,31,14,48,27,32
00-0022924,B.Roethlisberger,PIT,PIT,2021,QB,16,29,0.4563,8,8,8,-52.17,1312.52,-2.393,0.804,219.5,1.53,0.62,0.516,0.12,0.76,0.34,0.62,0.58,0.54,0.36,0.6531,45,13,34,20,22,24,20,18
00-0034855,B.Mayfield,CLE,CLE,2019,QB,16,29,0.4419,8,8,8,-10.38,1162.73,-2.955,0.725,232.3,1.67,1.31,0.557,0.4082,0.7143,0.26,0.4898,0.5306,0.46,0.94,0.8222,30,15,38,26,24,28,48,9
00-0027939,C.Newton,NE,NE,2020,QB,15,29,0.4159,8,8,8,-3.71,1165.02,-1.024,0.908,203.7,1.4,0.67,0.436,0.3404,0.617,0.3404,0.3617,0.2979,0.766,0.4255,0.4889,32,19,32,31,33,12,21,24
00-0036971,T.Lawrence,JAX,JAX,2024,QB,10,29,0.4131,8,8,8,5.05,599.37,-0.968,0.667,203,1.4,0.7,0.366,0.5957,0.2979,0.2979,0.4255,0.4255,0.2128,0.5106,0.1522,20,34,34,28,28,38,26,40
00-0026544,C.Daniel,CHI,CHI,2018,QB,2,29,0.4117,8,8,5,-20.51,164.71,4.183,0.648,238.2,2,1,0.075,0.2766,0.0851,0.8298,0.5106,0.6383,0.2128,0.6596,0,35,44,9,24,15,38,36,46
00-0027939,C.Newton,CAR,CAR,2016,QB,15,29,0.3983,8,8,8,-22.63,1270.6,-5.512,0.571,239.7,1.8,0.93,0.46,0.25,0.75,0.0889,0.5682,0.6591,0.1111,0.6222,0.6098,34,12,42,20,16,41,30,17
00-0026625,B.Hoyer,SF,SF,2017,QB,6,29,0.3399,8,8,6,-28.39,416.82,-6.404,0.646,190.6,0.92,0.67,0.642,0.3333,0.2222,0.1111,0.2444,0.0667,0.2667,0.2889,0.9773,31,36,41,35,43,34,14,2
00-0034401,M.White,NYJ,NYJ,2022,QB,4,30,0.4871,8,8,8,-5.05,328.93,-6.185,0.815,283.5,1.25,1,0.423,0.5172,0.3448,0.1034,0.9655,0.3448,0.6379,0.7931,0.4912,29,39,53,3,36,22,47,30
00-0028986,C.Keenum,CLE,CLE,2021,QB,4,30,0.4548,8,8,8,-12.79,190.68,-0.655,0.964,115.6,1,0.25,0.583,0.36,0.1,0.48,0.06,0.14,0.92,0,0.8776,33,46,27,48,44,5,2,7
00-0035289,G.Minshew,IND,IND,2023,QB,16,30,0.4481,8,8,8,-9.37,995.57,-3.277,0.811,202.3,1.21,0.56,0.323,0.5,0.6296,0.2222,0.463,0.3333,0.7593,0.2778,0.1667,28,21,43,30,37,14,16,46
00-0035289,G.Minshew,JAX,JAX,2019,QB,14,30,0.4357,8,8,8,-17.15,948.34,-3.84,0.824,241.8,1.57,0.43,0.316,0.3061,0.5102,0.18,0.5714,0.4286,0.74,0.22,0.1778,35,25,42,22,29,14,12,38
00-0031345,J.Garoppolo,SF,SF,2018,QB,3,30,0.4085,8,8,7,0.53,231.86,-6.877,0.68,218.7,2,1,0.375,0.4894,0.1489,0.1915,0.3404,0.6383,0.2979,0.6596,0.2444,25,41,39,32,18,34,35,35
00-0039150,B.Young,CAR,CAR,2024,QB,14,30,0.4041,8,8,8,-14.78,884.39,0.665,0.612,177.5,1.53,0.64,0.448,0.3191,0.5319,0.5106,0.2979,0.5745,0.1489,0.4255,0.413,33,23,24,34,21,41,21,28
00-0033319,N.Mullens,SF,SF,2020,QB,10,30,0.3999,8,8,8,0.58,682.88,-2.604,1.053,231.6,1.5,1.2,0.436,0.3617,0.3617,0.1702,0.4894,0.3617,0.9574,0.9574,0.4667,31,31,40,25,30,3,46,25
00-0022803,E.Manning,NYG,NYG,2016,QB,16,30,0.3689,8,8,8,-38.19,1187.33,-1.622,0.798,241.9,1.69,1,0.336,0.0682,0.6364,0.2889,0.6136,0.6136,0.6222,0.7111,0.1707,42,17,33,18,18,18,34,35
00-0033119,J.Brissett,IND,IND,2017,QB,16,30,0.3203,8,8,8,-56.31,1022.42,-4.454,0.714,191.9,1.33,0.44,0.323,0.1333,0.6222,0.2,0.3111,0.3111,0.5333,0.0667,0.1136,40,18,37,32,32,22,4,40
00-0038102,K.Pickett,PIT,PIT,2022,QB,13,31,0.4764,8,8,8,0.82,1010.14,0.818,0.701,189.5,0.77,0.69,0.527,0.6207,0.7414,0.6724,0.3276,0.1724,0.3103,0.431,0.8246,23,16,20,40,49,41,26,11
00-0026143,M.Ryan,ATL,ATL,2021,QB,17,31,0.4514,8,8,8,-34.95,1253.93,1.759,0.859,222.9,1.36,0.71,0.338,0.2,0.72,0.68,0.66,0.44,0.7,0.44,0.2041,41,15,17,18,29,16,24,40
00-0031800,T.Heinicke,ATL,ATL,2023,QB,5,31,0.4417,8,8,8,8.43,259.62,-9.087,0.701,193.4,1.2,0.8,0.504,0.6852,0.1667,0.037,0.4074,0.2963,0.3148,0.6481,0.7963,18,46,53,33,39,38,38,12
00-0035710,D.Jones,NYG,NYG,2019,QB,13,31,0.4346,8,8,8,-29.58,970.47,-1.941,0.681,231.9,2.31,0.92,0.446,0.1837,0.5306,0.36,0.4694,0.8571,0.32,0.7,0.4889,41,24,33,27,8,35,36,24
00-0033936,C.Beathard,SF,SF,2018,QB,5,31,0.404,8,8,7,-30.96,376.32,-7.111,0.879,233,2,1.4,0.507,0.1702,0.2128,0.1277,0.4468,0.6383,0.7872,0.9362,0.6889,40,38,42,27,17,11,45,15
00-0031800,T.Heinicke,WAS,WAS,2020,QB,1,31,0.3843,8,8,7,5.58,53.43,1.578,0.484,152,1,0,0.5,0.4043,0,0.5957,0.1064,0.1277,0.0213,0,0.8,29,48,20,43,41,47,2,9
00-0036972,M.Jones,JAX,JAX,2024,QB,10,31,0.3753,8,8,8,-4.61,519.42,-0.492,0.767,170.5,0.94,0.8,0.544,0.4681,0.234,0.3617,0.234,0.1489,0.4255,0.7234,0.8696,26,37,31,37,41,28,36,7
00-0024226,J.Cutler,MIA,MIA,2017,QB,14,31,0.3151,8,8,8,-47.43,850,-0.391,0.68,182.1,1.43,1,0.385,0.2222,0.4667,0.4667,0.1556,0.4667,0.4,0.7111,0.2727,36,25,25,39,25,28,36,33
00-0028986,C.Keenum,LA,LA,2016,QB,10,31,0.2986,8,8,8,-43.27,610.27,-3.701,0.779,213.4,1.34,1.1,0.497,0.0227,0.3409,0.1778,0.3409,0.3864,0.5778,0.8667,0.7561,44,30,38,30,28,20,40,11
00-0033869,M.Trubisky,PIT,PIT,2022,QB,7,32,0.4679,8,8,8,-1.35,332.8,1.608,0.634,175.8,1.05,0.71,0.542,0.5862,0.3621,0.8103,0.1897,0.2759,0.2069,0.5,0.8596,25,38,12,48,43,47,30,9
00-0032156,T.Siemian,NO,NO,2021,QB,6,32,0.444,8,8,7,-14.26,460.78,-4.722,0.763,186.7,2.25,0.5,0.172,0.34,0.3,0.18,0.38,0.84,0.34,0.2,0.0204,34,36,42,32,9,34,13,49
00-0033949,J.Dobbs,ARI,ARI,2023,QB,8,32,0.437,8,8,7,-42.12,602.98,-1.721,0.613,213.1,1.5,0.62,0.584,0.1852,0.463,0.4444,0.5185,0.5,0.1667,0.3704,0.8889,45,30,31,27,28,46,23,7
00-0029567,N.Foles,JAX,JAX,2019,QB,4,32,0.4039,8,8,8,-14.9,188.67,1.468,0.626,181,1,0.5,0.689,0.3469,0.1224,0.7,0.2449,0.102,0.16,0.26,1,33,44,16,38,40,43,16,1
00-0028986,C.Keenum,DEN,DEN,2018,QB,16,32,0.3964,8,8,8,-25.65,1242.15,-1.252,0.788,236.9,1.4,0.94,0.489,0.234,0.766,0.4043,0.4894,0.3404,0.5319,0.617,0.6444,37,12,29,25,32,23,31,17
00-0035710,D.Jones,NYG,NYG,2024,QB,10,32,0.3555,8,8,8,-30.14,889.2,1.457,0.688,216.3,1.1,0.7,0.478,0.1702,0.5532,0.5957,0.4894,0.2128,0.3191,0.5106,0.5652,40,22,20,25,37,33,25,21
00-0027973,A.Dalton,DAL,DAL,2020,QB,11,32,0.3304,8,8,7,-12.97,850.41,-0.407,0.809,191.9,1.36,0.73,0.422,0.234,0.4681,0.4043,0.2979,0.2553,0.5106,0.5532,0.4,37,26,29,34,36,24,27,28
00-0022803,E.Manning,NYG,NYG,2017,QB,15,32,0.3136,8,8,8,-72.76,1073.03,-3.636,0.738,222.3,1.48,0.87,0.325,0.0222,0.6889,0.2444,0.5111,0.4889,0.6,0.6444,0.1364,45,15,35,23,24,19,31,39
00-0030533,M.Barkley,CHI,CHI,2016,QB,7,32,0.2962,8,8,7,-7.87,496.28,-0.872,0.671,224.7,1.29,2,0.236,0.3864,0.3182,0.3333,0.3636,0.3409,0.2889,1,0.1463,28,31,31,29,30,33,46,36
00-0031503,J.Winston,NO,NO,2022,QB,3,33,0.4621,8,8,6,-17.27,235.31,2.746,0.541,267.3,1.67,1.67,0.152,0.3966,0.2069,0.8966,0.8793,0.6897,0.0172,0.9828,0,36,47,7,8,16,58,58,58
00-0035264,J.Stidham,DEN,DEN,2023,QB,2,33,0.4278,8,8,5,-0.09,142.06,-3.712,0.72,229,1,0.5,0.309,0.5741,0.037,0.2037,0.6111,0.2407,0.3333,0.2037,0.1111,24,53,44,22,41,37,12,49
00-0026158,J.Flacco,DEN,DEN,2019,QB,8,33,0.3892,8,8,7,-25.7,538.96,-0.211,0.832,207.1,0.88,0.62,0.522,0.2041,0.4082,0.58,0.3469,0.0816,0.78,0.44,0.7778,40,30,22,33,46,12,23,11
00-0033357,T.Hill,NO,NO,2021,QB,9,33,0.3837,8,8,7,2.86,466.41,-7.096,0.858,135.6,1.01,0.56,0.413,0.54,0.32,0.1,0.12,0.22,0.68,0.28,0.3673,24,35,46,45,40,17,15,32
00-0034796,L.Jackson,BAL,BAL,2018,QB,12,33,0.3527,8,8,7,-5.23,792.53,-6.018,0.7,140.8,0.92,0.25,0.426,0.4468,0.4043,0.2128,0.1489,0.1489,0.3191,0.0213,0.3778,27,29,38,41,41,33,2,29
00-0035704,D.Lock,NYG,NYG,2024,QB,7,33,0.3306,8,8,8,-29.59,358.66,-6.096,0.83,162.9,1.62,0.71,0.445,0.1915,0.1277,0.0851,0.1489,0.617,0.5319,0.6383,0.3913,39,42,44,41,19,23,31,29
00-0036212,T.Tagovailoa,MIA,MIA,2020,QB,10,33,0.3266,8,8,7,-16.77,701.3,-1.208,0.711,181.6,1.57,0.5,0.392,0.1915,0.383,0.2766,0.234,0.4255,0.2766,0.2128,0.2444,39,30,35,37,28,35,13,35
00-0030520,M.Glennon,CHI,CHI,2017,QB,4,33,0.3133,8,8,8,-33.41,281.64,1.749,0.83,190.8,1.25,1.25,0.193,0.2667,0.1111,0.7556,0.2667,0.2222,0.7778,0.9111,0,34,41,12,34,35,11,42,45
00-0030524,L.Jones,PIT,PIT,2016,QB,4,33,0.291,8,8,4,0.92,170.06,0.173,0.656,130,1,0.5,0.121,0.4318,0.0682,0.5111,0.0455,0.1591,0.2444,0.3111,0,26,42,23,43,38,35,16,42
00-0036945,J.Fields,CHI,CHI,2022,QB,15,34,0.4614,8,8,8,-18.9,1046.11,-2.481,0.55,201.9,1.8,0.73,0.483,0.3103,0.7586,0.3103,0.5172,0.7931,0.0517,0.5172,0.6316,41,15,41,29,13,56,32,22
00-0038416,T.Bagent,CHI,CHI,2023,QB,5,34,0.4278,8,8,7,-21.25,359.38,-2.433,0.972,186.6,1.2,1.2,0.711,0.3519,0.2407,0.3333,0.3148,0.3148,0.8889,0.9074,0.9815,36,42,37,38,38,7,50,2
00-0034855,B.Mayfield,CLE,CLE,2021,QB,14,34,0.3784,8,8,8,-9.46,922.2,-2.719,0.676,207.2,1.3,0.93,0.52,0.38,0.54,0.32,0.44,0.38,0.2,0.8,0.6939,32,24,35,29,32,41,41,16
00-0034869,S.Darnold,NYJ,NYJ,2019,QB,13,34,0.3716,8,8,8,-22.02,977.15,1.043,0.694,221.5,1.62,1,0.373,0.2449,0.5714,0.68,0.4286,0.4694,0.36,0.74,0.2222,38,22,17,29,27,33,40,36
00-0032436,J.Driskel,CIN,CIN,2018,QB,8,34,0.3299,8,8,7,-8.07,406.65,-4.523,0.578,126.6,1,0.25,0.469,0.383,0.2553,0.2979,0.0426,0.1702,0.1277,0.0213,0.5333,30,36,34,46,40,42,3,22
00-0038579,A.O'Connell,LV,LV,2024,QB,9,34,0.329,8,8,8,-5.71,567.59,-3.58,0.759,176,1.09,0.44,0.364,0.4255,0.2766,0.1277,0.2766,0.1915,0.383,0.2128,0.1304,28,35,42,35,39,30,11,41
00-0026158,J.Flacco,NYJ,NYJ,2020,QB,5,34,0.3091,8,8,8,-9.4,248.1,-2.314,0.53,166.3,1.4,0.6,0.473,0.2979,0.1277,0.1915,0.1277,0.2979,0.0638,0.3404,0.6444,34,42,39,42,34,45,18,17
00-0029682,B.Osweiler,DEN,DEN,2017,QB,6,34,0.3016,8,8,8,-19.37,324.85,-6.192,0.725,184.1,1.03,0.83,0.378,0.4222,0.1556,0.1556,0.1778,0.1556,0.5556,0.5556,0.2273,27,39,39,38,39,21,27,35
00-0033119,J.Brissett,NE,NE,2016,QB,3,34,0.29,8,8,3,-9.62,161.7,-2.781,0.777,145.7,0.33,0,0.225,0.3409,0.0455,0.2222,0.1136,0,0.5333,0,0.122,30,43,36,40,45,22,3,37
00-0028118,T.Taylor,NYG,NYG,2023,QB,10,35,0.4241,8,8,8,0.76,407.14,4.385,0.736,149.3,0.5,0.3,0.372,0.5926,0.3519,0.8889,0.1481,0.037,0.3889,0.0741,0.2593,23,36,7,47,53,34,5,41
00-0026143,M.Ryan,IND,IND,2022,QB,12,35,0.4138,8,8,8,-57.12,1067.77,-0.099,0.916,237.2,1.42,1.08,0.427,0.0172,0.7931,0.5345,0.7241,0.5,0.8793,0.9138,0.5088,58,13,28,17,30,8,54,29
00-0028118,T.Taylor,HOU,HOU,2021,QB,6,35,0.3658,8,8,8,-16.28,312.01,-3.626,0.699,165.2,1.33,0.83,0.593,0.3,0.26,0.24,0.22,0.42,0.26,0.66,0.898,36,38,39,40,30,38,34,6
00-0026544,C.Daniel,CHI,CHI,2019,QB,3,35,0.3636,8,8,8,3.7,119.52,2.142,0.811,132,1,0.67,0.182,0.5306,0.0204,0.8,0.0408,0.102,0.68,0.48,0.0444,24,49,11,48,45,17,25,44
00-0039917,M.Penix,ATL,ATL,2024,QB,5,35,0.3274,8,8,7,15.14,265.52,-4.438,0.683,155.9,0.93,0.6,0.44,0.617,0.0638,0.1064,0.0851,0.1277,0.234,0.3617,0.3696,19,45,43,44,42,37,18,30
00-0031407,B.Bortles,JAX,JAX,2018,QB,13,35,0.3273,8,8,8,-32.9,915.7,-6.932,0.814,223.8,1.15,0.85,0.496,0.1277,0.5319,0.1489,0.4043,0.234,0.617,0.5532,0.6667,42,23,41,29,37,19,27,16
00-0032950,C.Wentz,PHI,PHI,2020,QB,12,35,0.3005,8,8,8,-73.81,976.1,-3.494,0.528,215,1.83,1.25,0.508,0,0.5319,0.1489,0.4043,0.6596,0.0426,0.9787,0.8667,48,23,41,29,17,46,47,7
00-0032784,K.Hogan,CLE,CLE,2017,QB,4,35,0.2926,8,8,8,-11.27,163.01,0.442,0.649,144.2,1.25,1.25,0.329,0.4889,0.0222,0.6,0.0667,0.2222,0.2889,0.9111,0.1818,24,45,19,43,36,33,44,37
00-0027948,B.Gabbert,SF,SF,2016,QB,6,35,0.2777,8,8,7,-24.69,330.22,-6.68,0.607,175,1.17,1,0.554,0.2273,0.25,0.0222,0.1818,0.2955,0.1556,0.7111,0.878,35,34,45,37,32,39,37,6
00-0031237,T.Bridgewater,MIA,MIA,2022,QB,5,36,0.4109,8,8,5,-2.5,148.06,1.561,0.823,136.6,1,0.8,0.364,0.5517,0.0862,0.7931,0.1034,0.2241,0.7069,0.6724,0.2982,27,54,13,53,46,18,40,41
00-0037077,S.Howell,WAS,WAS,2023,QB,17,36,0.3991,8,8,8,-94.79,1323.81,-0.427,0.687,222.4,1.84,1.24,0.468,0.037,0.8704,0.5,0.5741,0.7407,0.2963,0.9259,0.6852,53,8,28,24,15,39,51,18
00-0032268,M.Mariota,TEN,TEN,2019,QB,7,36,0.3569,8,8,4,-3.5,325.47,-3.553,0.799,170.2,1,0.29,0.315,0.4694,0.2449,0.2,0.1837,0.102,0.6,0.04,0.1556,27,38,41,41,41,21,4,39
00-0031800,T.Heinicke,WAS,WAS,2021,QB,16,36,0.3554,8,8,8,-37.79,1145.6,0.299,0.764,217.3,1.44,0.94,0.336,0.18,0.64,0.58,0.56,0.48,0.36,0.82,0.1837,42,19,22,23,27,33,42,41
00-0026300,J.Johnson,WAS,WAS,2018,QB,4,36,0.3265,8,8,7,-7.68,224.22,-4.873,0.554,161.8,1.25,1,0.512,0.4043,0.1277,0.234,0.1915,0.2766,0.1064,0.6596,0.7333,29,42,37,39,35,43,38,13
00-0027973,A.Dalton,CAR,CAR,2024,QB,6,36,0.3027,8,8,8,-28.88,336.03,-1.142,0.854,165.5,1.33,1,0.417,0.2128,0.1064,0.2766,0.1702,0.4043,0.6809,0.8085,0.2826,38,43,35,40,29,16,40,34
00-0025430,D.Stanton,ARI,ARI,2017,QB,5,36,0.2867,8,8,7,-23.66,315.3,-8.31,0.476,172.2,1.2,1,0.675,0.3778,0.1333,0.0444,0.1111,0.2,0.0222,0.7111,1,29,40,44,41,37,45,38,1
00-0032434,B.Allen,CIN,CIN,2020,QB,5,36,0.2864,8,8,7,-12.17,271.06,-3.65,0.886,180.2,1,0.8,0.456,0.2553,0.1489,0.1277,0.1915,0.1277,0.6383,0.6383,0.5556,36,41,42,39,40,18,32,21
00-0029665,R.Griffin,CLE,CLE,2016,QB,5,36,0.2721,8,8,8,-17.53,308.92,-2.671,0.51,187.6,0.8,0.6,0.413,0.2727,0.1818,0.2444,0.2273,0.1364,0.0222,0.3778,0.5366,33,37,35,35,39,45,19,20
00-0035289,G.Minshew,PHI,PHI,2022,QB,4,37,0.3855,8,8,2,-3.95,136.86,-1.778,0.821,159.5,1.25,0.75,0.25,0.5345,0.0345,0.3276,0.1724,0.3448,0.6897,0.5517,0.1053,28,57,40,49,38,19,35,52
00-0033949,J.Dobbs,MIN,MIN,2023,QB,5,37,0.3833,8,8,4,-23.9,389.12,-1.872,0.657,193.8,1.6,1,0.426,0.3148,0.2963,0.4259,0.4259,0.5556,0.2222,0.7963,0.4444,38,39,32,32,25,43,44,31
00-0036898,D.Mills,HOU,HOU,2021,QB,13,37,0.3297,8,8,8,-57.47,750.35,-0.22,0.793,193.1,1.23,0.77,0.41,0.1,0.42,0.52,0.4,0.32,0.5,0.56,0.3469,46,30,25,31,35,26,30,33
00-0029682,B.Osweiler,MIA,MIA,2018,QB,7,37,0.3057,8,8,8,-13.38,391.85,0.25,0.714,164.1,0.86,0.57,0.314,0.3191,0.234,0.4681,0.2128,0.1277,0.3617,0.234,0.0889,33,37,26,38,42,31,13,42
00-0034577,K.Allen,CAR,CAR,2019,QB,13,37,0.3008,8,8,8,-32.16,1149.57,-0.97,0.668,234.6,1.49,1.23,0.386,0.1429,0.6735,0.48,0.5102,0.3673,0.24,0.88,0.3111,43,17,27,25,32,39,45,32
00-0039918,C.Williams,CHI,CHI,2024,QB,17,37,0.3001,8,8,8,-44.32,1329.48,-0.102,0.603,210,1.18,0.35,0.323,0.1277,0.8085,0.4043,0.4681,0.2553,0.1277,0.1277,0.0652,42,10,29,26,35,42,7,44
00-0032436,J.Driskel,DEN,DEN,2020,QB,2,37,0.2839,8,8,8,-10.03,128.88,-5.916,0.443,177.3,1.5,1,0.636,0.2766,0.0213,0.0426,0.1702,0.3617,0,0.8511,0.9778,35,47,46,40,31,48,44,2
00-0032156,T.Siemian,DEN,DEN,2017,QB,11,37,0.282,8,8,8,-55.27,771.85,-1.508,0.617,200.4,1.37,1.27,0.42,0.1556,0.4222,0.4,0.4,0.4222,0.1556,0.9778,0.4091,39,27,28,28,27,39,45,27
00-0023682,R.Fitzpatrick,NYJ,NYJ,2016,QB,14,37,0.2491,8,8,8,-27.39,856.83,-4.104,0.69,197.6,1.07,1.21,0.442,0.1818,0.4091,0.1556,0.2955,0.2273,0.3778,0.9556,0.561,37,27,39,32,35,29,44,19
00-0039152,W.Levis,TEN,TEN,2023,QB,9,38,0.3806,8,8,8,-22.26,482.95,-0.383,0.543,188.7,1.25,0.44,0.379,0.3333,0.4074,0.5185,0.3519,0.3889,0.037,0.1667,0.2778,37,33,27,36,34,53,10,40
00-0035993,T.Huntley,BAL,BAL,2022,QB,5,38,0.3738,8,8,5,-15.28,308.7,3.181,0.708,152.6,0.6,0.6,0.356,0.431,0.2931,0.931,0.1379,0.1034,0.3448,0.3103,0.2807,34,42,5,51,53,39,19,42
00-0035704,D.Lock,DEN,DEN,2021,QB,6,38,0.3241,8,8,4,-9.08,215.58,-3.309,0.614,135.8,0.83,0.33,0.455,0.4,0.16,0.28,0.14,0.1,0.1,0.08,0.5306,31,43,37,44,46,46,6,24
00-0034857,J.Allen,BUF,BUF,2018,QB,12,38,0.3003,8,8,8,-11.52,824.84,-6.881,0.479,205.3,1.58,1,0.397,0.3404,0.4681,0.1702,0.2766,0.4468,0.0213,0.6596,0.3111,32,26,40,35,27,47,40,32
00-0035993,T.Huntley,MIA,MIA,2024,QB,5,38,0.297,8,8,4,-23.98,319.25,3.105,0.631,174.4,1,0.6,0.333,0.234,0.0851,0.7447,0.2553,0.1702,0.1915,0.3617,0.087,37,44,13,36,40,39,19,43
00-0033869,M.Trubisky,CHI,CHI,2019,QB,15,38,0.2955,8,8,8,-37.96,1073.89,-2.325,0.658,208.6,1.29,0.67,0.442,0.1224,0.5918,0.32,0.3673,0.2857,0.22,0.48,0.4667,44,21,35,32,36,40,26,25
00-0035704,D.Lock,DEN,DEN,2020,QB,13,38,0.2826,8,8,8,-46.84,957.91,-5.543,0.684,229.6,1.63,1.15,0.473,0.0638,0.4894,0.0638,0.4681,0.4681,0.234,0.9362,0.6667,45,25,45,26,26,37,45,16
00-0026158,J.Flacco,BAL,BAL,2017,QB,16,38,0.2789,8,8,8,-64.85,1222.69,-1.215,0.76,188.5,1.34,0.81,0.232,0.0444,0.8889,0.4222,0.2,0.3778,0.6444,0.4667,0.0227,44,6,27,37,29,17,24,44
00-0033108,P.Lynch,DEN,DEN,2016,QB,3,38,0.2464,8,8,6,-8.24,161.55,-1.193,0.452,160,0.67,0.33,0.125,0.3636,0.0227,0.3111,0.1591,0.0682,0,0.1556,0.0244,29,44,32,38,40,46,9,41
00-0034855,B.Mayfield,LA,LA,2022,QB,5,39,0.3723,8,8,8,-13.73,313.27,-3.43,0.706,159.2,0.8,0.4,0.406,0.4483,0.3103,0.2586,0.1552,0.2069,0.3276,0.069,0.4386,33,41,44,50,47,40,6,33
00-0038122,D.Ridder,ATL,ATL,2023,QB,15,39,0.3713,8,8,8,-53.35,919.49,-1.336,0.761,190,1.22,0.8,0.517,0.1296,0.6111,0.4815,0.3704,0.3519,0.4815,0.6481,0.8148,48,22,29,35,36,29,37,11
00-0035993,T.Huntley,BAL,BAL,2021,QB,6,39,0.3123,8,8,7,-14.95,469.59,-1.053,0.622,211.3,1,0.67,0.333,0.32,0.34,0.44,0.48,0.14,0.14,0.42,0.1633,35,34,29,27,42,44,22,42
00-0033662,C.Rush,DAL,DAL,2024,QB,11,39,0.2957,8,8,7,-50.5,718.2,-8.064,0.784,160.8,1.27,0.45,0.45,0.1064,0.4468,0.0638,0.1277,0.3617,0.4894,0.234,0.4565,43,27,45,42,31,25,12,26
00-0033104,C.Kessler,JAX,JAX,2018,QB,5,39,0.2914,8,8,8,-28.66,279.57,2.672,0.545,136.6,0.4,0.4,0.463,0.2128,0.1915,0.7234,0.0851,0.0213,0.0851,0.0851,0.4889,38,39,14,44,47,44,5,24
00-0026625,B.Hoyer,IND,IND,2019,QB,2,39,0.2632,8,8,5,-30.99,177.03,-8.723,0.532,163,2.5,2,0.175,0.1633,0.0408,0.1,0.1224,0.9388,0.04,1,0.0222,42,48,46,44,4,49,51,45
00-0027948,B.Gabbert,ARI,ARI,2017,QB,5,39,0.2515,8,8,7,-56.32,401.04,-7.397,0.524,204.2,1.6,1.2,0.326,0.1111,0.2,0.0667,0.4222,0.6,0.0667,0.8889,0.1591,41,37,43,27,19,43,41,38
00-0036389,J.Hurts,PHI,PHI,2020,QB,9,39,0.244,8,8,8,-4.68,452.66,-8.333,0.677,140.8,0.92,0.44,0.405,0.3191,0.2128,0.0213,0.0638,0.0851,0.2128,0.1915,0.3333,33,38,47,45,44,38,10,31
00-0029682,B.Osweiler,HOU,HOU,2016,QB,15,39,0.2352,8,8,8,-41.82,1044.18,-3.698,0.597,193.7,1.15,1.07,0.539,0.0455,0.5,0.2,0.25,0.2727,0.1333,0.8444,0.8293,43,23,37,34,33,40,39,8
00-0033537,D.Watson,CLE,CLE,2022,QB,6,40,0.3698,8,8,6,-23.95,403.24,-3.327,0.734,195.2,1.33,0.83,0.417,0.2931,0.4138,0.2759,0.3966,0.4483,0.431,0.7069,0.4737,42,35,43,36,33,34,42,31
00-0036972,M.Jones,NE,NE,2023,QB,11,40,0.3213,8,8,8,-73.99,675.86,-2.893,0.775,190.8,1.27,1.09,0.462,0.0741,0.5185,0.2778,0.3889,0.4074,0.5741,0.8889,0.6667,51,27,40,34,33,24,49,19
00-0033119,J.Brissett,MIA,MIA,2021,QB,8,40,0.3115,8,8,7,-22.94,496.81,-2.215,0.622,154.1,0.77,0.5,0.544,0.26,0.36,0.36,0.18,0.08,0.12,0.2,0.7551,38,33,33,42,47,45,14,13
00-0039163,C.Stroud,HOU,HOU,2024,QB,17,40,0.2905,8,8,8,-20.32,1246.52,-1.682,0.683,209.8,1.18,0.71,0.295,0.2979,0.7234,0.2553,0.4468,0.2553,0.2553,0.5532,0.0217,34,14,36,27,36,36,30,46
00-0034869,S.Darnold,NYJ,NYJ,2018,QB,13,40,0.2876,8,8,8,-36.17,846.8,-4.634,0.646,217,1.63,1.15,0.477,0.1064,0.4894,0.2766,0.3191,0.4681,0.1915,0.8511,0.5778,43,25,35,33,26,39,41,20
00-0034771,M.Rudolph,PIT,PIT,2019,QB,10,40,0.2581,8,8,8,-44.43,538.29,-1.234,0.679,169.3,1.43,0.9,0.417,0.0816,0.3878,0.44,0.1633,0.3469,0.3,0.68,0.3778,46,31,29,42,33,36,35,29
00-0028090,T.Yates,HOU,HOU,2017,QB,4,40,0.2448,8,8,7,-27.2,154.25,-10.372,0.395,129,1,0.75,0.472,0.3556,0,0.0222,0.0222,0.0889,0,0.3556,0.6818,30,46,45,45,41,46,21,15
00-0030520,M.Glennon,JAX,JAX,2020,QB,5,40,0.242,8,8,7,-26.98,315.01,-3.685,0.672,209.9,1.4,1,0.414,0.1702,0.1915,0.1064,0.383,0.2979,0.1915,0.8511,0.3778,40,39,43,30,32,39,43,29
00-0021206,J.McCown,CLE,CLE,2016,QB,5,40,0.2241,8,8,8,-29.05,326.6,-6.245,0.531,202.2,1.6,1.2,0.196,0.1591,0.2273,0.0667,0.3182,0.5455,0.0444,0.9333,0.0976,38,35,43,31,21,44,43,38
00-0029263,R.Wilson,DEN,DEN,2022,QB,15,41,0.3662,8,8,8,-41.72,931.32,-1.17,0.663,228.9,1.33,0.73,0.391,0.1379,0.6552,0.3966,0.6552,0.4138,0.2414,0.5172,0.386,51,21,36,21,35,45,31,36
00-0038579,A.O'Connell,LV,LV,2023,QB,11,41,0.3157,8,8,8,-26.48,804.87,-3.904,0.744,187.5,1.23,0.64,0.284,0.2778,0.5741,0.1852,0.3333,0.3704,0.4259,0.4444,0.0556,40,24,45,37,35,32,25,52
00-0029701,R.Tannehill,MIA,MIA,2018,QB,11,41,0.2774,8,8,8,-68.46,519.46,-0.935,0.676,167.7,1.82,0.82,0.362,0.0213,0.2979,0.4255,0.234,0.5106,0.2766,0.5319,0.1778,47,34,28,37,24,35,26,38
00-0035289,G.Minshew,LV,LV,2024,QB,10,41,0.2739,8,8,8,-53.58,748.79,0.52,0.913,190.9,1.1,1,0.397,0.0851,0.4681,0.4468,0.3191,0.2128,0.766,0.8085,0.2174,44,26,27,33,38,12,39,37
00-0027939,C.Newton,CAR,CAR,2021,QB,6,41,0.2738,8,8,8,-37.96,307.79,-12.635,0.632,133.4,1.55,0.83,0.421,0.16,0.22,0.02,0.1,0.64,0.16,0.66,0.3878,43,40,50,46,19,43,35,31
00-0032434,B.Allen,DEN,DEN,2019,QB,3,41,0.2519,8,8,7,-20.4,178.41,-14.311,0.638,165,1,0.67,0.475,0.2857,0.0612,0.02,0.1429,0.102,0.18,0.48,0.6667,36,47,50,43,42,42,27,16
00-0033869,M.Trubisky,CHI,CHI,2017,QB,12,41,0.2402,8,8,8,-50.31,613.91,-5.387,0.708,189.1,0.86,0.58,0.319,0.1778,0.3778,0.1778,0.2222,0.0444,0.4889,0.2222,0.0909,38,29,38,36,44,24,11,41
00-0035710,D.Jones,NYG,NYG,2020,QB,14,41,0.2217,8,8,8,-36.34,1053.14,-2.243,0.706,222.5,0.93,0.71,0.32,0.1277,0.5745,0.2128,0.4255,0.1064,0.2553,0.5319,0.1111,42,21,38,28,43,36,26,41
00-0033106,J.Goff,LA,LA,2016,QB,7,41,0.1246,8,8,8,-95.73,316.09,-10.945,0.546,127.9,1.25,1,0.347,0,0.2045,0,0.0227,0.3182,0.0667,0.7111,0.2195,45,36,46,44,31,43,38,33
00-0033275,P.Walker,CAR,CAR,2022,QB,6,42,0.3611,8,8,7,-18.5,181.73,-7.613,0.768,123.9,0.67,0.5,0.603,0.3276,0.1379,0.069,0.069,0.1379,0.5517,0.1552,0.9474,40,51,55,55,51,27,12,4
00-0031345,J.Garoppolo,LV,LV,2023,QB,7,42,0.3083,8,8,8,-20.82,412.88,-1.946,0.745,164.5,1,1.29,0.43,0.3704,0.3704,0.4074,0.2037,0.2407,0.4444,0.9444,0.463,35,35,33,44,42,31,52,30
00-0028118,T.Taylor,CLE,CLE,2018,QB,4,42,0.2621,8,8,6,-19.3,194.07,-12.138,0.402,139.7,0.83,0.5,0.481,0.2979,0.1064,0.0213,0.1277,0.1064,0,0.1489,0.6,34,43,47,42,43,48,10,19
00-0034869,S.Darnold,CAR,CAR,2021,QB,12,42,0.2589,8,8,8,-78.43,948.34,-4.887,0.727,213.9,1.29,1.08,0.446,0.04,0.56,0.14,0.52,0.36,0.3,0.9,0.449,49,23,44,25,33,36,46,28
00-0039152,W.Levis,TEN,TEN,2024,QB,12,42,0.2432,8,8,8,-83.02,664.69,-0.432,0.621,170.2,1.5,1,0.433,0,0.4043,0.383,0.2128,0.5319,0.1702,0.8085,0.3043,48,29,30,38,23,40,43,33
00-0031568,B.Petty,NYJ,NYJ,2017,QB,4,42,0.2341,8,8,5,-30.65,168.53,-14.353,0.503,136,0.25,0.75,0.541,0.2889,0.0444,0,0.0444,0,0.0444,0.3556,0.8636,33,44,46,44,46,44,20,7
00-0029567,N.Foles,CHI,CHI,2020,QB,9,42,0.2208,8,8,7,-52.11,675.12,1.663,0.639,189.8,1.37,0.89,0.375,0.0426,0.3404,0.6383,0.2766,0.2766,0.1277,0.766,0.1333,46,32,18,35,35,42,39,40
00-0035577,D.Hodges,PIT,PIT,2019,QB,8,42,0.2121,8,8,8,-40.89,325.6,2.131,0.748,128.6,0.62,1,0.31,0.102,0.2653,0.78,0.0204,0.0612,0.54,0.74,0.1333,45,37,12,49,47,24,39,40
00-0031568,B.Petty,NYJ,NYJ,2016,QB,6,42,0.1057,8,8,8,-34.78,242.82,-6.541,0.569,132.2,0.5,1.17,0.401,0.0909,0.1591,0.0444,0.0682,0.0455,0.0889,0.9111,0.4146,41,38,44,42,43,42,42,25
00-0032950,C.Wentz,WAS,WAS,2022,QB,8,43,0.3332,8,8,7,-33.85,546.2,-3.75,0.666,212.3,1.52,1.12,0.353,0.2069,0.4828,0.2069,0.5862,0.569,0.2586,0.931,0.2632,47,31,47,25,26,44,55,43
00-0038102,K.Pickett,PIT,PIT,2023,QB,12,43,0.3046,8,8,8,-52.03,646.03,-2.12,0.772,162.6,0.58,0.33,0.411,0.1667,0.4815,0.3889,0.1852,0.0556,0.5556,0.0926,0.3889,46,29,34,45,52,25,7,34
00-0033275,P.Walker,CAR,CAR,2021,QB,5,43,0.244,8,8,8,-20.04,149.41,-9.205,0.469,66.7,0.2,0.6,0.647,0.28,0.04,0.06,0,0,0.02,0.32,0.9796,37,49,48,51,51,50,18,2
00-0027948,B.Gabbert,TEN,TEN,2018,QB,6,43,0.2385,8,8,7,-21.27,154.39,-8.04,0.79,98.2,0.67,0.67,0.388,0.2553,0.0638,0.0851,0.0213,0.0638,0.5532,0.3404,0.2889,36,45,44,47,45,22,17,33
00-0039164,A.Richardson,IND,IND,2024,QB,11,43,0.2346,8,8,7,-20.37,656.41,-10.86,0.499,201.2,1.27,1.09,0.398,0.2766,0.383,0.0213,0.4043,0.3617,0,0.9362,0.2391,35,30,47,29,30,48,45,36
00-0029567,N.Foles,PHI,PHI,2017,QB,6,43,0.2334,8,8,3,-29.43,250.38,-3.21,0.569,82.6,1,0.33,0.263,0.3111,0.0889,0.2667,0,0.0889,0.0889,0.0222,0.0455,32,42,34,46,42,42,3,43
00-0023436,A.Smith,WAS,WAS,2020,QB,8,43,0.2096,8,8,7,-43.48,534.83,-0.845,1.032,181,0.75,1,0.107,0.1064,0.234,0.383,0.2128,0.0213,0.9362,0.8511,0,43,37,30,38,47,4,41,46
00-0035040,D.Blough,DET,DET,2019,QB,5,43,0.1395,8,8,5,-46.8,385.96,-13.594,0.549,186.3,1,1.2,0.425,0.0612,0.3061,0.04,0.2653,0.102,0.06,0.86,0.4,47,35,49,37,39,48,44,28
00-0025708,M.Moore,MIA,MIA,2016,QB,4,43,NA,8,8,6,19.31,170.87,1.555,0.978,179.2,2,0.75,0,0.5682,0.0909,0.6222,0.2045,0.7955,0.9556,0.4889,0,20,41,18,36,10,3,23,44
00-0026158,J.Flacco,NYJ,NYJ,2022,QB,5,44,0.3294,8,8,8,-30.29,384.78,-4.09,0.609,200,1,0.6,0.429,0.2414,0.3966,0.1724,0.4655,0.2241,0.1552,0.3103,0.5263,45,36,49,32,44,50,20,28
00-0033869,M.Trubisky,PIT,PIT,2023,QB,5,44,0.2972,8,8,8,-19.29,184.26,-2.235,0.56,131.9,1.3,1,0.338,0.4444,0.0926,0.3704,0.0926,0.4259,0.0741,0.7963,0.2222,31,50,35,50,32,51,47,43
00-0027973,A.Dalton,CHI,CHI,2021,QB,8,44,0.2341,8,8,8,-30.82,559.94,-4.195,0.769,184.7,1.12,1.12,0.189,0.22,0.38,0.2,0.34,0.28,0.42,0.94,0.0408,40,32,41,34,37,30,48,48
00-0031589,B.Hundley,GB,GB,2017,QB,11,44,0.221,8,8,6,-60.72,656.74,-3.033,0.626,176.2,1.02,1.09,0.595,0.0667,0.4,0.2889,0.1333,0.1333,0.2,0.8444,0.9318,43,28,33,40,40,37,39,4
00-0033119,J.Brissett,NE,NE,2024,QB,7,44,0.2113,8,8,7,-34,381.07,-2.915,0.578,113.3,0.43,0.14,0.434,0.1489,0.1489,0.1702,0.0638,0.0426,0.0851,0.0213,0.3261,41,41,40,45,46,44,3,32
00-0021206,J.McCown,NYJ,NYJ,2018,QB,4,44,0.2104,8,8,8,-29.54,239.3,-9.539,0.589,136.7,0.25,1,0.609,0.1915,0.1702,0.0426,0.1064,0,0.1489,0.6596,0.9333,39,40,46,43,48,41,37,4
00-0034869,S.Darnold,NYJ,NYJ,2020,QB,12,44,0.1995,8,8,8,-73.18,732.35,-1.928,0.64,184.4,1.1,0.92,0.467,0.0213,0.4043,0.234,0.2553,0.1915,0.1489,0.8298,0.6222,47,29,37,36,39,41,40,18
00-0035652,R.Finley,CIN,CIN,2019,QB,3,44,0.1394,8,8,7,-59,187.58,-15.956,0.469,152.7,1.33,0.67,0.283,0,0.102,0,0.102,0.3061,0.02,0.48,0.0889,50,45,51,45,35,50,28,42
00-0032893,C.Cook,LV,LV,2016,QB,1,44,NA,8,8,3,0,0,-0.644,0.955,0,0,1,0,0,0,0.3778,0,0,0.8889,0.7111,0,46,46,29,46,46,6,33,45
00-0036898,D.Mills,HOU,HOU,2022,QB,15,45,0.3263,8,8,8,-72.08,980.12,-3.777,0.719,201.6,1.67,1,0.322,0,0.7241,0.1897,0.4828,0.7586,0.3966,0.7931,0.2281,59,17,48,31,15,36,50,45
00-0035704,D.Lock,SEA,SEA,2023,QB,4,45,0.2889,8,8,5,-1.81,130.29,-5.083,0.762,133.9,0.75,0.75,0.146,0.5556,0.0185,0.1296,0.1111,0.1481,0.5,0.5926,0,25,54,48,49,47,28,33,55
00-0036971,T.Lawrence,JAX,JAX,2021,QB,17,45,0.2216,8,8,8,-60.56,1213.79,-4.8,0.676,220.1,1,1,0.394,0.06,0.68,0.16,0.64,0.14,0.22,0.84,0.2857,48,17,43,19,41,40,44,36
00-0033899,D.Kizer,CLE,CLE,2017,QB,15,45,0.2103,8,8,8,-117.06,1023.74,-6.328,0.578,207.8,1.29,1.47,0.459,0,0.6444,0.1333,0.4444,0.2889,0.1111,1,0.6136,46,17,40,26,33,41,46,18
00-0027688,C.McCoy,NYG,NYG,2020,QB,4,45,0.1831,8,8,8,-13.43,147,-1.442,0.548,92.2,0.25,0.25,0.154,0.2128,0.0426,0.2553,0,0,0.0851,0.0638,0.0222,38,46,36,48,48,44,5,45
00-0033537,D.Watson,CLE,CLE,2024,QB,7,45,0.1617,8,8,8,-63.39,491,-2.226,0.528,158.1,0.86,0.43,0.228,0.0638,0.2128,0.2128,0.1064,0.1064,0.0638,0.1915,0,45,38,38,43,43,45,10,47
00-0034343,J.Rosen,ARI,ARI,2018,QB,14,45,0.1282,8,8,8,-151.07,756.06,-8.245,0.538,151.5,1.07,1,0.327,0,0.383,0.0638,0.1702,0.2128,0.0638,0.6596,0.1333,48,30,45,40,38,45,39,40
00-0035232,D.Haskins,WAS,WAS,2019,QB,9,45,0.1211,8,8,8,-51.01,417.18,-4.654,0.574,143.7,1,0.78,0.38,0.0204,0.3265,0.14,0.0612,0.102,0.08,0.6,0.2444,49,34,44,47,44,47,31,35
00-0024226,J.Cutler,CHI,CHI,2016,QB,5,45,NA,8,8,7,-30.53,214.42,-2.384,0.673,197,1,1,0,0.1136,0.1364,0.2667,0.2727,0.1591,0.3111,0.7111,0,40,39,34,33,37,32,36,46
00-0038122,D.Ridder,ATL,ATL,2022,QB,4,46,0.3149,8,8,7,-18.44,289.23,-1.321,0.666,184.8,0.5,0,0.268,0.3448,0.2759,0.3793,0.2586,0.0517,0.2759,0,0.1404,39,43,37,44,55,43,1,50
00-0029701,R.Tannehill,TEN,TEN,2023,QB,9,46,0.2611,8,8,8,-26.93,514.21,1.043,0.67,166.3,0.61,0.78,0.313,0.2593,0.4259,0.6667,0.2222,0.0926,0.2593,0.6111,0.1296,41,32,19,43,50,41,35,48
00-0036264,J.Love,GB,GB,2021,QB,4,46,0.2151,8,8,2,-8.13,139.64,-5.515,0.738,102.8,0.5,0.75,0.272,0.42,0.02,0.12,0.04,0.02,0.32,0.5,0.0612,30,50,45,49,50,35,26,47
00-0039376,S.Rattler,NO,NO,2024,QB,7,46,0.1482,8,8,5,-71.23,474.22,-9.062,0.585,197.9,0.86,0.71,0.392,0.0213,0.1915,0.0426,0.383,0.0851,0.1064,0.6383,0.1739,47,39,46,30,44,43,32,39
00-0035232,D.Haskins,WAS,WAS,2020,QB,7,46,0.1464,8,8,7,-44.33,543.18,-5.49,0.733,193.1,0.88,1,0.376,0.0851,0.2766,0.0851,0.3191,0.0426,0.2979,0.8511,0.1556,44,35,44,33,46,34,42,39
00-0033958,N.Peterman,BUF,BUF,2018,QB,4,46,0.0833,8,8,8,-51.94,130.79,-13.889,0.484,82.2,1.33,1.75,0.273,0.0426,0.0426,0,0,0.2979,0.0426,0.9787,0.0667,46,46,48,48,34,46,47,43
00-0034343,J.Rosen,MIA,MIA,2019,QB,5,46,0.0504,8,8,6,-50.51,203.53,-12.697,0.46,107.8,0.2,1,0.076,0.0408,0.1633,0.06,0,0.0408,0,0.74,0,48,42,48,50,48,51,42,46
00-0031064,T.Savage,HOU,HOU,2016,QB,3,46,NA,8,8,8,-11.17,186.08,-0.466,0.671,145.7,0.33,0,0,0.3182,0.1136,0.4222,0.1136,0,0.2667,0,0,31,40,27,39,44,34,4,43
00-0031064,T.Savage,HOU,HOU,2017,QB,8,46,NA,8,8,7,-49.31,438.29,-4.18,0.582,157.3,0.75,0.75,0,0.2,0.2444,0.2222,0.0889,0.0222,0.1333,0.3556,0,37,35,36,42,45,40,19,46
00-0036972,M.Jones,NE,NE,2022,QB,14,47,0.3116,8,8,8,-46.96,970.21,-0.441,0.737,205.6,1.15,0.79,0.346,0.069,0.7069,0.5,0.5345,0.2931,0.4655,0.6552,0.2456,55,18,30,28,42,32,39,44
00-0039150,B.Young,CAR,CAR,2023,QB,16,47,0.2528,8,8,8,-143.89,1009.66,-1.41,0.535,167.1,0.94,0.62,0.45,0,0.6481,0.463,0.2407,0.2222,0,0.3704,0.6296,55,20,30,42,43,55,24,21
00-0036945,J.Fields,CHI,CHI,2021,QB,12,47,0.1835,8,8,8,-58.2,646.28,-1.952,0.536,168.8,0.83,0.83,0.359,0.08,0.4,0.42,0.26,0.1,0.04,0.66,0.2449,47,31,30,38,45,49,36,38
00-0038583,D.Thompson-Robinson,CLE,CLE,2024,QB,6,47,0.0959,8,8,8,-65.15,223.49,-11.668,0.518,89.9,0,1,0.488,0.0426,0.0426,0,0.0213,0,0.0426,0.8085,0.587,46,46,48,47,48,46,44,20
00-0022787,M.Schaub,ATL,ATL,2019,QB,3,47,NA,8,8,5,15.3,182.65,7.468,1.074,186.7,1,0.33,0,0.6735,0.0816,0.98,0.2857,0.102,0.94,0.1,0,17,46,2,36,38,4,6,48
00-0033936,C.Beathard,SF,SF,2020,QB,6,47,NA,8,8,8,7.29,242.73,-0.908,0.768,133.3,1,0,0,0.4255,0.1064,0.3617,0.0426,0.1277,0.4043,0,0,28,43,31,46,42,29,1,47
00-0027854,S.Bradford,ARI,ARI,2018,QB,3,47,NA,8,8,8,-31.63,128.88,-7.309,0.659,129.3,0.67,1.33,0,0.1489,0,0.1064,0.0638,0.0638,0.2553,0.9149,0,41,48,43,45,44,36,44,47
00-0033662,C.Rush,DAL,DAL,2022,QB,8,48,0.3037,8,8,6,-18.15,314.21,-6.85,0.77,126.8,0.62,0.38,0.272,0.3621,0.3276,0.0862,0.0862,0.1207,0.569,0.0517,0.1579,38,40,54,54,52,26,4,49
00-0038476,T.DeVito,NYG,NYG,2023,QB,9,48,0.2426,8,8,8,-52.55,390.7,-2.903,0.652,124.9,1.01,0.33,0.157,0.1481,0.3148,0.2593,0.0741,0.2778,0.2037,0.0926,0.0185,47,38,41,51,40,44,8,54
00-0036197,J.Fromm,NYG,NYG,2021,QB,3,48,0.1666,8,8,7,-30.56,102.6,-18.545,0.371,91.5,0.67,1,0.558,0.24,0,0,0.02,0.04,0,0.84,0.7959,39,51,51,50,49,51,45,11
00-0025708,M.Moore,KC,KC,2019,QB,4,48,NA,8,8,3,3.19,206.43,-0.556,0.867,148.3,1,0,0,0.5102,0.1837,0.54,0.0816,0.102,0.82,0,0,25,41,24,46,43,10,1,47
00-0023645,D.Anderson,BUF,BUF,2018,QB,2,48,NA,8,8,8,-42.13,130.29,-4.828,0.652,215,0.5,2,0,0.0851,0.0213,0.2553,0.2979,0.0426,0.234,1,0,44,47,36,34,46,37,48,48
00-0036312,J.Luton,JAX,JAX,2020,QB,3,48,NA,8,8,7,-33.82,178.31,-10.46,0.609,203.7,1.67,2,0,0.1489,0.0638,0,0.3404,0.4894,0.1064,1,0,41,45,48,32,25,43,48,48
00-0038122,D.Ridder,LV,LV,2024,QB,5,48,NA,8,8,8,-20.58,182.41,-3.181,0.516,87.8,0.4,0.4,0,0.2553,0.0213,0.1489,0,0.0213,0.0213,0.1702,0,36,47,41,48,47,47,9,48
00-0027688,C.McCoy,ARI,ARI,2022,QB,4,49,0.3028,8,8,7,-36.74,270.83,-0.253,0.776,179.8,0.5,0.75,0.483,0.1552,0.2586,0.5172,0.2241,0.0517,0.5862,0.5517,0.6491,50,44,29,46,56,25,36,21
00-0035710,D.Jones,NYG,NYG,2023,QB,6,49,0.2324,8,8,8,-60.03,378.29,0.28,0.567,158,0.83,1,0.436,0.1111,0.2778,0.6111,0.1667,0.1852,0.0926,0.7963,0.5185,49,40,22,46,45,50,46,27
00-0037013,Z.Wilson,NYJ,NYJ,2021,QB,13,49,0.1505,8,8,8,-88.07,764.97,-9.639,0.607,166.8,1.03,0.85,0.36,0,0.44,0.04,0.24,0.24,0.08,0.72,0.2653,51,29,49,39,39,47,37,37
00-0034412,L.Falk,NYJ,NYJ,2019,QB,3,49,NA,8,8,8,0,0,-4.007,0.642,0,0,1,0,0,0,0.16,0,0,0.2,0.74,0,51,51,43,51,51,41,41,51
00-0034577,K.Allen,HOU,HOU,2022,QB,2,50,0.2872,8,8,8,-47.37,156.63,-9.109,0.614,194,2.5,2,0.193,0.0517,0.1034,0.0517,0.3793,0.9483,0.1724,1,0.0526,56,53,56,37,4,49,59,55
00-0032156,T.Siemian,NYJ,NYJ,2023,QB,5,50,0.2167,8,8,8,-61.9,263.64,-8.928,0.799,146.8,0.6,0.8,0.431,0.0926,0.1852,0.0556,0.1296,0.0741,0.6852,0.6481,0.5,50,45,52,48,51,18,36,28
00-0030520,M.Glennon,NYG,NYG,2021,QB,6,50,0.095,8,8,7,-85.5,309.8,-7.878,0.563,126.9,1.2,1.67,0.143,0.02,0.24,0.08,0.08,0.3,0.06,0.96,0,50,39,47,47,36,48,49,50
00-0027939,C.Newton,CAR,CAR,2019,QB,2,50,NA,8,8,8,-21.67,188.88,-6.821,0.625,263.5,0,0.5,0,0.2653,0.1429,0.12,0.8163,0,0.14,0.26,0,37,43,45,10,49,44,17,49
00-0037013,Z.Wilson,NYJ,NYJ,2022,QB,9,51,0.2266,8,8,8,-36.31,442.18,-5.555,0.631,179.4,0.78,0.78,0.414,0.1724,0.4483,0.1379,0.2069,0.1897,0.1897,0.6379,0.4561,49,33,51,47,48,48,38,32
00-0034177,T.Boyle,NYJ,NYJ,2023,QB,3,51,0.1944,8,8,8,-33.34,148.78,-5.608,0.556,100.3,0.67,1.33,0.607,0.2407,0.0556,0.0926,0.0185,0.1111,0.0556,0.963,0.9074,42,52,50,54,49,52,53,6
00-0034177,T.Boyle,DET,DET,2021,QB,3,51,NA,8,8,7,-1.97,175.73,-3.494,0.881,182.5,1,2,0,0.48,0.08,0.26,0.32,0.14,0.82,0.98,0,27,47,38,35,43,10,51,51
00-0022924,B.Roethlisberger,PIT,PIT,2019,QB,2,51,NA,8,8,8,-13.13,94.32,-10.237,0.579,179,0,0.5,0,0.3673,0,0.08,0.2245,0,0.1,0.26,0,32,50,47,39,50,46,18,50
00-0034855,B.Mayfield,CAR,CAR,2022,QB,7,52,0.2262,8,8,7,-51.23,420.17,-9.261,0.816,180,1.2,0.86,0.304,0.0345,0.431,0.0345,0.2414,0.3276,0.6552,0.7241,0.193,57,34,57,45,40,21,43,47
00-0037013,Z.Wilson,NYJ,NYJ,2023,QB,12,52,0.188,8,8,8,-122.86,744.49,-3.127,0.64,180.4,0.67,0.58,0.232,0.0185,0.537,0.2407,0.2963,0.1111,0.1852,0.2963,0.037,54,26,42,39,48,45,17,53
00-0036879,S.Ehlinger,IND,IND,2022,QB,4,53,0.2208,8,8,8,-35,248.95,-3.468,0.591,143.2,1.25,0.75,0.243,0.1897,0.2241,0.2414,0.1207,0.3448,0.0862,0.5517,0.0877,48,46,45,52,39,54,37,53
00-0033275,P.Walker,CLE,CLE,2023,QB,5,53,0.1519,8,8,7,-40.22,237.62,-12.97,0.589,124.3,0.2,1,0.436,0.2037,0.1296,0,0.0556,0.0185,0.1481,0.7963,0.537,44,48,55,52,54,47,45,26
00-0034899,J.Wolford,LA,LA,2022,QB,2,54,0.2126,8,8,8,-17.69,176.63,-5.718,0.608,186.5,0.5,1.5,0.365,0.3793,0.1207,0.1207,0.3103,0.0517,0.1379,0.9655,0.3158,37,52,52,41,54,51,57,40
00-0038583,D.Thompson-Robinson,CLE,CLE,2023,QB,6,54,0.1426,8,8,7,-37.74,235.86,-11.655,0.54,76.7,0.17,0.67,0.388,0.2222,0.1111,0.0185,0,0,0.0185,0.4815,0.3148,43,49,54,55,55,54,28,38
00-0034955,B.Rypien,DEN,DEN,2022,QB,4,55,0.1833,8,8,8,-29.77,201.32,-3.655,0.545,111.3,0.75,1,0.37,0.2586,0.1897,0.2241,0.0517,0.1552,0.0345,0.7931,0.3333,44,48,46,56,50,57,53,39
00-0038108,B.Zappe,NE,NE,2023,QB,10,55,0.1176,8,8,8,-81.39,352.61,-4.428,0.574,121.9,0.87,0.9,0.293,0.0556,0.2037,0.1667,0.037,0.2037,0.1111,0.7778,0.0741,52,44,46,53,44,49,43,51
00-0037327,S.Thompson,MIA,MIA,2022,QB,7,56,0.1597,8,8,5,-43.84,196.69,-5.248,0.597,74.8,0.14,0.43,0.254,0.1034,0.1724,0.1552,0.0172,0.0172,0.1207,0.1207,0.1228,53,49,50,58,57,52,8,51
00-0038128,M.Willis,TEN,TEN,2022,QB,6,57,0.113,8,8,6,-45.72,130.47,-10.553,0.392,55.4,0.14,0.5,0.18,0.0862,0.0172,0.0172,0,0.0172,0,0.1552,0.0175,54,58,58,59,58,59,14,57
00-0035146,T.McSorley,ARI,ARI,2022,QB,5,58,0.0805,8,8,7,-43.53,140.16,-10.619,0.57,89.2,0,1,0.282,0.1207,0.069,0,0.0345,0,0.069,0.7931,0.1754,52,55,59,57,59,55,52,48
00-0035040,D.Blough,ARI,ARI,2022,QB,2,59,NA,8,8,7,-9.84,97.15,0.632,0.723,191.5,1,1,0,0.4655,0,0.6552,0.3621,0.2241,0.4138,0.7931,0,32,59,21,38,45,35,49,59
