posteam,team,season,myRankNum,myRank,runOffenseTier,tier,totalEP,totalYds,totalTD,successRate,EP_rank,yds_rank,TD_rank,success_rank
PHI,PHI,2021,1,2.9677,1,1,1441.34,2731,25,0.517,1,1,1,0.9677
BAL,BAL,2019,1,2.9355,1,1,1481.36,3326,21,0.508,1,1,0.9355,1
BUF,BUF,2016,1,2.9355,1,1,1107.54,2641,29,0.48,0.9032,1,1,0.9355
LA,LA,2018,1,2.9032,1,1,1124.92,2262,23,0.517,0.8387,0.9355,0.9677,1
PHI,PHI,2022,1,2.871,1,1,1391.26,2536,32,0.528,0.9677,0.9032,1,0.9677
WAS,WAS,2024,1,2.8387,1,1,1486.73,2637,25,0.515,0.9355,0.9355,0.9032,1
NO,NO,2020,1,2.8065,1,1,1313.63,2286,30,0.505,0.9677,0.8387,1,0.9677
SF,SF,2023,1,2.8065,1,1,1338.05,2413,27,0.503,0.9355,0.9355,0.9355,0.9355
DAL,DAL,2017,1,2.7742,1,1,1183.25,2178,18,0.455,0.9355,0.9677,0.871,0.9355
DAL,DAL,2016,2,2.9355,1,1,1187.19,2419,24,0.487,1,0.9677,0.9677,1
BAL,BAL,2024,2,2.8065,1,1,1280.57,3180,22,0.501,0.7742,1,0.8387,0.9677
BAL,BAL,2018,2,2.7742,1,1,1323.36,2465,19,0.482,0.9677,0.9677,0.9032,0.9032
BAL,BAL,2020,2,2.7742,1,1,1366.49,3086,24,0.483,1,1,0.9355,0.8387
BAL,BAL,2023,2,2.7419,1,1,1365.39,2676,26,0.463,1,1,0.9032,0.8387
IND,IND,2021,2,2.7097,1,1,1375.51,2554,22,0.497,0.9677,0.9677,0.8387,0.9032
NO,NO,2017,2,2.6129,1,1,1137.34,2094,23,0.426,0.9032,0.871,1,0.7419
TEN,TEN,2019,2,2.6129,1,1,951.39,2242,21,0.437,0.4839,0.9355,0.9355,0.7419
ATL,ATL,2022,2,2.4516,1,1,1461.04,2730,17,0.489,1,0.9355,0.6774,0.8387
NO,NO,2018,3,2.7419,1,1,1351.27,2056,27,0.48,1,0.871,1,0.871
TEN,TEN,2020,3,2.7419,1,1,1280.07,2711,26,0.474,0.9355,0.9677,0.9677,0.8065
PHI,PHI,2024,3,2.7097,1,1,1621.05,3078,30,0.482,1,0.9677,0.9355,0.8065
TEN,TEN,2016,3,2.7097,1,1,1049.78,2201,18,0.483,0.7742,0.9355,0.8065,0.9677
BUF,BUF,2023,3,2.6129,1,1,1316.62,2234,22,0.506,0.9032,0.8065,0.8387,0.9677
BAL,BAL,2021,3,2.5484,1,1,1203.04,2487,19,0.493,0.7742,0.9355,0.7419,0.871
DAL,DAL,2019,3,2.5161,1,1,1166.97,2165,18,0.48,0.871,0.871,0.7097,0.9355
NE,NE,2017,3,2.5161,1,1,1205.43,1903,17,0.467,1,0.7097,0.8387,0.9677
CLE,CLE,2022,3,2.3871000000000002,1,1,1234.81,2501,19,0.455,0.7742,0.8387,0.8387,0.7097
DET,DET,2024,4,2.7097,1,1,1516.08,2507,30,0.493,0.9677,0.8387,0.9355,0.9355
DET,DET,2023,4,2.6129,1,1,1342.11,2331,27,0.459,0.9677,0.871,0.9355,0.8065
MIN,MIN,2020,4,2.6129,1,1,1264.71,2297,21,0.503,0.871,0.871,0.8065,0.9355
CAR,CAR,2018,4,2.5484,1,1,1031.51,2152,17,0.454,0.7419,0.9032,0.8387,0.8065
NE,NE,2021,4,2.5484,1,1,1343.35,2181,24,0.486,0.9355,0.7742,0.9677,0.8065
CAR,CAR,2017,4,2.5161,1,1,1111,2129,16,0.429,0.8387,0.9032,0.8065,0.8065
IND,IND,2019,4,2.4839,1,1,1211.66,2146,18,0.503,0.9677,0.8065,0.7097,0.9677
ATL,ATL,2016,4,2.4194,1,1,1144.58,1943,20,0.427,0.9355,0.8387,0.9032,0.6774
NYG,NYG,2022,4,2.3226,1,1,1196.21,2534,21,0.449,0.7419,0.871,0.871,0.5806
PHI,PHI,2023,5,2.6129,2,2,1279.81,2202,22,0.507,0.8065,0.7742,0.8387,1
BUF,BUF,2024,5,2.5806,2,2,1336.11,2249,32,0.484,0.871,0.7419,1,0.8387
BUF,BUF,2021,5,2.4516,2,2,1224.12,2235,20,0.492,0.8387,0.8387,0.7742,0.8387
NE,NE,2020,5,2.4516,2,2,1266.95,2358,20,0.484,0.9032,0.9032,0.6774,0.871
SF,SF,2019,5,2.4194,2,2,1186.82,2324,23,0.413,0.9032,0.9677,1,0.4516
DEN,DEN,2018,5,2.3548,2,2,819.45,1916,19,0.468,0.1613,0.6129,0.9032,0.8387
LA,LA,2017,5,2.3226,2,2,1028.31,1976,18,0.416,0.7419,0.7742,0.871,0.6774
BAL,BAL,2022,5,2.2903,2,2,1260.06,2743,14,0.504,0.8387,0.9677,0.3871,0.9355
LV,LV,2016,5,2.2258,2,2,933.68,1953,17,0.424,0.5161,0.871,0.7097,0.6452
GB,GB,2024,6,2.4839,2,2,1388.17,2507,23,0.482,0.9032,0.8387,0.871,0.7742
MIA,MIA,2023,6,2.4839,2,2,1139.49,2327,27,0.451,0.6129,0.8387,0.9355,0.7097
CLE,CLE,2021,6,2.3871000000000002,2,2,1224.03,2485,20,0.473,0.8065,0.9032,0.7742,0.7097
NE,NE,2018,6,2.3548,2,2,1198.01,2055,18,0.443,0.9355,0.8387,0.871,0.6452
ARI,ARI,2020,6,2.3548,2,2,1250.56,2257,22,0.462,0.8065,0.8065,0.9032,0.6452
SEA,SEA,2019,6,2.3226,2,2,1090.16,2215,16,0.456,0.8387,0.9032,0.5161,0.9032
BAL,BAL,2017,6,2.2903,2,2,1099.7,1873,15,0.449,0.8065,0.6774,0.7097,0.9032
BUF,BUF,2022,6,2.2903,2,2,1072.82,2263,16,0.54,0.4839,0.7419,0.5484,1
NO,NO,2016,6,2.2258,2,2,1055.7,1758,18,0.463,0.8387,0.5161,0.8065,0.9032
CHI,CHI,2023,7,2.4516,2,2,1240.15,2420,16,0.467,0.6774,0.9677,0.6129,0.871
TB,TB,2024,7,2.3871000000000002,2,2,1237.85,2548,16,0.493,0.6774,0.9032,0.5806,0.9032
SF,SF,2021,7,2.2903,2,2,1103.81,2183,22,0.465,0.4516,0.8065,0.8387,0.6452
TEN,TEN,2017,7,2.2903,2,2,974.52,1846,19,0.428,0.5484,0.5484,0.9677,0.7742
CHI,CHI,2022,7,2.2258,2,2,1271.42,3024,18,0.445,0.871,1,0.7419,0.4839
CLE,CLE,2020,7,2.2258,2,2,1189.19,2389,21,0.447,0.7097,0.9355,0.8065,0.4839
PHI,PHI,2016,7,2.1935,2,2,1058.98,1833,16,0.444,0.871,0.7419,0.6129,0.8387
SEA,SEA,2018,7,2.1935,2,2,1142.46,2579,15,0.442,0.871,1,0.5806,0.6129
HOU,HOU,2019,7,2.1613,2,2,1013.44,2020,17,0.44,0.6774,0.7419,0.6129,0.8065
ARI,ARI,2023,8,2.3871000000000002,2,2,1051.19,2380,17,0.456,0.4516,0.9032,0.7097,0.7742
ATL,ATL,2024,8,2.2903,2,2,1314.08,2246,18,0.492,0.8387,0.7097,0.7097,0.871
SF,SF,2022,8,2.2258,2,2,1310.17,2378,21,0.448,0.9355,0.8065,0.871,0.5484
JAX,JAX,2017,8,2.1613,2,2,1134.94,2278,18,0.373,0.871,1,0.871,0.2903
ARI,ARI,2016,8,2.1613,2,2,1022.23,1739,21,0.436,0.7419,0.4516,0.9355,0.7742
ARI,ARI,2019,8,2.129,2,2,947.51,2007,18,0.434,0.4516,0.7097,0.7097,0.7097
ARI,ARI,2021,8,2.129,2,2,1252.85,2096,23,0.455,0.871,0.7097,0.9032,0.5161
GB,GB,2020,8,2.129,2,2,1116.43,2139,16,0.486,0.5806,0.7742,0.4516,0.9032
CHI,CHI,2018,8,1.9355,2,2,1054,1956,16,0.441,0.7742,0.6774,0.7097,0.5484
LA,LA,2023,9,2.3548,3,3,1263.95,2058,18,0.468,0.7419,0.6774,0.7742,0.9032
ARI,ARI,2024,9,2.2581,3,3,1184.95,2468,20,0.471,0.6129,0.8065,0.7742,0.6774
NE,NE,2016,9,2.129,3,3,1187.02,1892,19,0.41,0.9677,0.8065,0.871,0.4516
DAL,DAL,2022,9,2.0968,3,3,1250.94,2312,24,0.427,0.8065,0.7742,0.9677,0.3548
LA,LA,2020,9,2.0968,3,3,1175.12,2035,20,0.463,0.6774,0.7097,0.6774,0.7097
MIN,MIN,2017,9,2.0968,3,3,1204.18,1985,15,0.411,0.9677,0.8065,0.7097,0.5806
BUF,BUF,2019,9,2.0323,3,3,1041.47,2069,13,0.448,0.7097,0.7742,0.3871,0.871
KC,KC,2021,9,2.0323,3,3,1077.9,1977,16,0.517,0.4194,0.5161,0.5161,1
IND,IND,2018,9,1.9032,3,3,994.64,1745,14,0.51,0.6774,0.4194,0.5161,0.9677
SF,SF,2016,10,2.129,3,3,912.1,2031,16,0.42,0.4194,0.9032,0.6129,0.6129
PHI,PHI,2017,10,2.0645,3,3,1016.8,2137,10,0.448,0.7097,0.9355,0.2581,0.871
PHI,PHI,2020,10,2.0645,3,3,888.53,2037,17,0.472,0.1613,0.7419,0.5484,0.7742
TEN,TEN,2021,10,2.0323,3,3,1309.34,2421,23,0.426,0.9032,0.871,0.9032,0.2581
PHI,PHI,2019,10,1.9677,3,3,1086.73,1952,16,0.438,0.8065,0.6774,0.5161,0.7742
IND,IND,2024,10,1.9355,3,3,1288.76,2345,21,0.425,0.8065,0.7742,0.8065,0.3548
KC,KC,2018,10,1.9032,3,3,920.14,1869,16,0.444,0.4839,0.5161,0.7097,0.6774
KC,KC,2022,10,1.9032,3,3,1062.62,1985,18,0.481,0.4194,0.3871,0.7419,0.7742
IND,IND,2023,10,1.7097,3,3,1250.68,2074,19,0.405,0.7097,0.7097,0.8065,0.1935
GB,GB,2017,11,2,3,3,811.15,1732,13,0.489,0.1613,0.4839,0.5161,1
IND,IND,2020,11,2,3,3,1263.65,2016,21,0.451,0.8387,0.6774,0.8065,0.5161
GB,GB,2019,11,1.9355,3,3,910.71,1823,18,0.429,0.3226,0.5484,0.7097,0.6774
CAR,CAR,2016,11,1.871,3,3,1055.22,1819,16,0.42,0.8065,0.6774,0.6129,0.5806
PIT,PIT,2022,11,1.871,3,3,1192.28,2085,16,0.487,0.7097,0.5161,0.5484,0.8065
DAL,DAL,2018,11,1.8387,3,3,999.87,1981,13,0.447,0.7097,0.7097,0.4194,0.7097
SF,SF,2024,11,1.8387,3,3,1247.54,2171,17,0.447,0.7097,0.6452,0.6129,0.5806
DEN,DEN,2021,11,1.7419,3,3,1124.46,2031,18,0.459,0.5484,0.5806,0.6129,0.5484
PIT,PIT,2023,11,1.6774,3,3,1049.69,2037,16,0.427,0.4194,0.6129,0.6129,0.4516
KC,KC,2017,12,1.9032,3,3,882.1,1915,13,0.416,0.3548,0.7419,0.5161,0.6452
LV,LV,2020,12,1.871,3,3,1227.77,1926,20,0.459,0.7742,0.5806,0.6774,0.6129
CAR,CAR,2019,12,1.8387,3,3,921.31,1826,20,0.408,0.3871,0.5806,0.871,0.3871
CIN,CIN,2016,12,1.8387,3,3,994.36,1777,17,0.416,0.7097,0.6129,0.7097,0.5161
CAR,CAR,2022,12,1.8065,3,3,1116.49,2218,17,0.435,0.6129,0.7097,0.6774,0.4194
CAR,CAR,2024,12,1.8065,3,3,1018.05,1890,18,0.465,0.2903,0.4516,0.7097,0.6452
GB,GB,2018,12,1.7742,3,3,731.1,1675,14,0.494,0.0323,0.3226,0.5161,0.9355
WAS,WAS,2021,12,1.7097,3,3,1164.33,2074,13,0.483,0.6452,0.6452,0.2903,0.7742
DAL,DAL,2023,12,1.6774,3,3,1283.87,1942,14,0.441,0.8387,0.5806,0.4839,0.6129
BUF,BUF,2020,13,1.8387,4,4,989.98,1749,16,0.507,0.3548,0.3871,0.4516,1
MIN,MIN,2019,13,1.8387,4,4,1197.3,2146,19,0.394,0.9355,0.8065,0.8387,0.1935
BUF,BUF,2017,13,1.8065,4,4,998.76,2034,12,0.405,0.6774,0.8387,0.4516,0.5161
DET,DET,2022,13,1.8065,4,4,1289.44,2199,23,0.412,0.9032,0.6774,0.9355,0.1935
PIT,PIT,2016,13,1.8065,4,4,858.33,1776,13,0.437,0.2903,0.5806,0.4194,0.8065
TEN,TEN,2018,13,1.7419,4,4,1054.25,2032,15,0.413,0.8065,0.8065,0.5806,0.3548
GB,GB,2021,13,1.6774,4,4,1176.34,1922,13,0.515,0.6774,0.4516,0.2903,0.9355
NO,NO,2024,13,1.6452,4,4,1108.78,1963,15,0.464,0.4839,0.5806,0.4516,0.6129
ATL,ATL,2023,13,1.5161,4,4,1288.86,2168,14,0.411,0.871,0.7419,0.4839,0.2903
WAS,WAS,2016,14,1.8065,4,4,941.29,1709,17,0.429,0.5484,0.3548,0.7097,0.7419
CLE,CLE,2019,14,1.8065,4,4,923.77,1907,16,0.426,0.4194,0.6452,0.5161,0.6452
CAR,CAR,2020,14,1.7419,4,4,1131.19,1715,19,0.467,0.6452,0.3548,0.6452,0.7419
ATL,ATL,2017,14,1.7419,4,4,1038.34,1857,13,0.413,0.7742,0.6129,0.5161,0.6129
LAC,LAC,2018,14,1.6774,4,4,953.95,1889,16,0.422,0.5484,0.5484,0.7097,0.4194
SEA,SEA,2021,14,1.6774,4,4,964.62,2081,18,0.437,0.2258,0.6774,0.6129,0.3871
JAX,JAX,2022,14,1.6452,4,4,1151.72,2131,16,0.447,0.6452,0.5806,0.5484,0.5161
KC,KC,2024,14,1.5161,4,4,1101.59,1822,15,0.472,0.4516,0.3548,0.4516,0.7097
CLE,CLE,2023,14,1.5161,4,4,1165.83,2038,15,0.412,0.6452,0.6452,0.5484,0.3226
KC,KC,2019,15,1.7419,4,4,882.08,1585,17,0.44,0.2581,0.2903,0.6129,0.8387
SEA,SEA,2020,15,1.7097,4,4,997.86,1988,15,0.462,0.3871,0.6452,0.3871,0.6774
KC,KC,2016,15,1.6774,4,4,933.03,1768,15,0.418,0.4839,0.5484,0.5806,0.5484
LAC,LAC,2021,15,1.6452,4,4,1194.7,1851,18,0.472,0.7419,0.3548,0.6129,0.6774
CLE,CLE,2017,15,1.6129,4,4,845.38,1719,11,0.429,0.2581,0.4194,0.3548,0.8387
GB,GB,2022,15,1.5806,4,4,1083.99,2130,12,0.494,0.5484,0.5484,0.129,0.9032
BUF,BUF,2018,15,1.5484,4,4,983.68,1993,15,0.399,0.6452,0.7419,0.5806,0.2258
GB,GB,2023,15,1.4839,4,4,1129.28,1919,10,0.452,0.5806,0.5484,0.1935,0.7419
LA,LA,2024,15,1.4516,4,4,1200.21,1783,15,0.475,0.6452,0.2581,0.4516,0.7419
LA,LA,2019,16,1.6774,4,4,976.13,1514,20,0.425,0.6129,0.1935,0.871,0.6129
IND,IND,2016,16,1.6129,4,4,932.18,1646,13,0.463,0.4516,0.3226,0.4194,0.871
CAR,CAR,2021,16,1.5484,4,4,1035.08,1855,17,0.464,0.3226,0.3871,0.5484,0.6129
PIT,PIT,2017,16,1.5484,4,4,980.05,1696,12,0.417,0.6452,0.3871,0.4516,0.7097
CLE,CLE,2018,16,1.4839,4,4,826.77,1909,15,0.412,0.2258,0.5806,0.5806,0.3226
LV,LV,2022,16,1.4839,4,4,1057.65,2063,12,0.491,0.3548,0.4839,0.129,0.871
SF,SF,2020,16,1.4194,4,4,1024.5,1898,20,0.418,0.4516,0.5484,0.6774,0.1935
WAS,WAS,2023,16,1.3871,4,4,791.72,1600,15,0.451,0,0.1613,0.5484,0.6774
PIT,PIT,2024,16,1.3548,4,4,1254.86,2180,14,0.418,0.7419,0.6774,0.3871,0.2903
DAL,DAL,2021,17,1.5484,5,5,1123.14,2150,15,0.432,0.5161,0.7419,0.4516,0.3548
MIA,MIA,2016,17,1.5484,5,5,854.87,1829,14,0.395,0.2581,0.7097,0.5484,0.2903
SF,SF,2017,17,1.5161,5,5,949.19,1672,15,0.405,0.5161,0.3226,0.7097,0.4839
LV,LV,2019,17,1.4839,5,5,992.12,1900,13,0.414,0.6452,0.6129,0.3871,0.4839
ARI,ARI,2022,17,1.4516,5,5,1060.36,1884,15,0.455,0.3871,0.3226,0.4516,0.6774
WAS,WAS,2020,17,1.3871,5,5,944.84,1637,18,0.457,0.2581,0.1935,0.6129,0.5806
NO,NO,2023,17,1.3548,5,5,1276.56,1773,13,0.431,0.7742,0.3548,0.4516,0.5484
DEN,DEN,2024,17,1.2581,5,5,1074.92,1929,12,0.441,0.3871,0.5484,0.1935,0.5161
PIT,PIT,2018,17,1.2581,5,5,747.55,1462,16,0.438,0.0968,0.0323,0.7097,0.5161
TB,TB,2021,18,1.5484,5,5,957.27,1690,18,0.473,0.1613,0.1935,0.6129,0.7419
NE,NE,2019,18,1.4839,5,5,1075.1,1719,17,0.41,0.7742,0.4516,0.6129,0.4194
GB,GB,2016,18,1.4516,5,5,849.66,1722,11,0.427,0.2258,0.4194,0.3226,0.7097
CHI,CHI,2017,18,1.3226,5,5,868.17,1797,14,0.366,0.3226,0.5161,0.6452,0.1613
TEN,TEN,2022,18,1.3226,5,5,969.11,2144,16,0.411,0.2258,0.6129,0.5484,0.1613
MIA,MIA,2020,18,1.2581,5,5,1122.49,1706,15,0.453,0.6129,0.3226,0.3871,0.5484
TEN,TEN,2023,18,1.2581,5,5,948.56,1861,16,0.403,0.1935,0.4839,0.6129,0.1613
CIN,CIN,2018,18,1.2258,5,5,854,1688,13,0.428,0.2903,0.3548,0.4194,0.4516
NYG,NYG,2024,18,1.1613,5,5,941.63,1799,14,0.433,0.129,0.2903,0.3871,0.4839
NO,NO,2019,19,1.4516,5,5,1053.57,1758,12,0.424,0.7419,0.5161,0.3548,0.5806
NYJ,NYJ,2016,19,1.4516,5,5,907.83,1808,11,0.412,0.3548,0.6452,0.3226,0.4839
CHI,CHI,2021,19,1.3548,5,5,1131.57,2031,14,0.44,0.5806,0.5806,0.3548,0.4194
DEN,DEN,2017,19,1.2903,5,5,947.76,1864,9,0.395,0.4839,0.6452,0.2258,0.4194
MIN,MIN,2022,19,1.2581,5,5,1003.22,1674,18,0.434,0.2581,0.129,0.7419,0.3871
DAL,DAL,2020,19,1.2258,5,5,1072.69,1799,14,0.443,0.5484,0.4839,0.3226,0.4194
HOU,HOU,2018,19,1.1935,5,5,1155.3,2031,12,0.396,0.9032,0.7742,0.2581,0.1613
LAC,LAC,2024,19,1.1613,5,5,1162.46,1917,17,0.401,0.5484,0.4839,0.6129,0.0645
JAX,JAX,2023,19,1.129,5,5,1110.72,1669,17,0.387,0.5484,0.3226,0.7097,0.0968
LV,LV,2017,20,1.2903,5,5,744.8,1564,13,0.411,0.0323,0.2258,0.5161,0.5484
NO,NO,2022,20,1.2581,5,5,1068.33,1995,13,0.453,0.4516,0.4194,0.2258,0.6129
NYG,NYG,2019,20,1.2581,5,5,828.55,1690,11,0.423,0.0968,0.4194,0.2903,0.5484
HOU,HOU,2016,20,1.2258,5,5,953.3,1874,8,0.409,0.5806,0.7742,0.0323,0.4194
JAX,JAX,2021,20,1.1613,5,5,850.2,1764,14,0.446,0,0.3226,0.3548,0.4839
KC,KC,2023,20,1.129,5,5,964.2,1811,10,0.429,0.2258,0.4194,0.1935,0.5161
KC,KC,2020,20,1.0968,5,5,971.61,1819,13,0.44,0.3226,0.5161,0.1935,0.3871
LV,LV,2018,20,1.0968,5,5,899.69,1640,9,0.449,0.4194,0.2258,0.0968,0.7742
SEA,SEA,2024,20,1,5,5,889.35,1641,17,0.416,0.0645,0.129,0.6129,0.2581
CIN,CIN,2022,21,1.2258,6,6,1008.38,1552,14,0.457,0.2903,0.0968,0.3871,0.7419
DEN,DEN,2019,21,1.1935,6,6,953.62,1674,11,0.419,0.5161,0.3871,0.2903,0.5161
LV,LV,2021,21,1.1613,6,6,1110.88,1627,15,0.46,0.4839,0.129,0.4516,0.5806
IND,IND,2017,21,1.129,6,6,977.34,1672,11,0.399,0.5806,0.3226,0.3548,0.4516
DEN,DEN,2023,21,1.0968,6,6,1041.38,1835,8,0.441,0.3871,0.4516,0.0645,0.5806
ATL,ATL,2018,21,1.0645,6,6,821.63,1580,11,0.448,0.1935,0.129,0.1935,0.7419
CHI,CHI,2016,21,1.0645,6,6,789.46,1742,10,0.402,0.0968,0.4839,0.2258,0.3548
CIN,CIN,2020,21,1.0323,6,6,966.95,1676,14,0.446,0.2903,0.2581,0.3226,0.4516
HOU,HOU,2024,21,0.9677,6,6,1085.25,1920,15,0.392,0.4194,0.5161,0.4516,0
CIN,CIN,2021,22,1.129,6,6,980.36,1753,17,0.429,0.2581,0.2903,0.5484,0.2903
HOU,HOU,2017,22,1.129,6,6,867.29,1847,8,0.39,0.2903,0.5806,0.1613,0.3871
MIA,MIA,2022,22,1.0645,6,6,908.74,1693,13,0.453,0.129,0.1935,0.2258,0.6452
NYG,NYG,2023,22,1.0645,6,6,974.87,1883,10,0.414,0.3226,0.5161,0.1935,0.3548
SEA,SEA,2016,22,1.0323,6,6,871.24,1611,13,0.403,0.3226,0.2258,0.4194,0.3871
JAX,JAX,2018,22,0.9677,6,6,868.16,1729,7,0.441,0.3548,0.3871,0,0.5806
DEN,DEN,2020,22,0.9032,6,6,894.25,1935,13,0.409,0.1935,0.6129,0.1935,0.0968
NE,NE,2024,22,0.9032,6,6,1044.57,1976,12,0.402,0.3548,0.6129,0.1935,0.0968
LAC,LAC,2019,22,0.8065,6,6,880.7,1460,13,0.402,0.2258,0.0968,0.3871,0.3226
NYJ,NYJ,2017,23,1.0968,6,6,815.4,1719,14,0.337,0.1935,0.4194,0.6452,0.0323
WAS,WAS,2022,23,1.0323,6,6,1181.11,2154,9,0.419,0.6774,0.6452,0.0645,0.3226
NE,NE,2023,23,1,6,6,837.95,1634,9,0.45,0.0645,0.1935,0.1613,0.6452
NO,NO,2021,23,0.9677,6,6,1184.1,2006,12,0.419,0.7097,0.5484,0.1935,0.2258
SF,SF,2018,23,0.9355,6,6,979.59,1917,7,0.412,0.6129,0.6452,0,0.2903
TB,TB,2020,23,0.9032,6,6,900.86,1533,16,0.438,0.2258,0.129,0.4516,0.3226
CHI,CHI,2024,23,0.8387,6,6,952.39,1747,13,0.425,0.1613,0.2258,0.2903,0.3226
CLE,CLE,2016,23,0.8387,6,6,672.76,1714,13,0.365,0,0.3871,0.4194,0.0323
JAX,JAX,2019,23,0.7742,6,6,870.18,1720,3,0.402,0.1613,0.4839,0,0.2903
CAR,CAR,2023,24,0.9355,6,6,967.8,1777,8,0.429,0.2581,0.3871,0.0645,0.4839
DEN,DEN,2022,24,0.9355,6,6,870.29,1946,12,0.438,0.0323,0.3548,0.129,0.4516
LAC,LAC,2017,24,0.9355,6,6,885.14,1615,11,0.38,0.3871,0.2581,0.3548,0.3226
WAS,WAS,2018,24,0.9355,6,6,876.33,1782,12,0.398,0.3871,0.4839,0.2581,0.1935
DET,DET,2020,24,0.871,6,6,1004.44,1506,17,0.428,0.4194,0.0645,0.5484,0.2581
LA,LA,2021,24,0.8065,6,6,1077.39,1702,11,0.442,0.3871,0.2258,0.129,0.4516
TB,TB,2019,24,0.7742,6,6,920.5,1540,15,0.348,0.3548,0.2581,0.4839,0.0323
TEN,TEN,2024,24,0.7742,6,6,1037.96,1860,12,0.413,0.3226,0.3871,0.1935,0.1935
DEN,DEN,2016,24,0.7419,6,6,911.69,1502,11,0.388,0.3871,0.1613,0.3226,0.2581
DET,DET,2018,25,0.9355,7,7,971.73,1670,12,0.414,0.5806,0.2903,0.2581,0.3871
LA,LA,2022,25,0.9032,7,7,886.86,1676,15,0.419,0.0645,0.1613,0.4516,0.2903
LAC,LAC,2023,25,0.871,7,7,1058.52,1658,11,0.406,0.4839,0.2903,0.3226,0.2581
NYG,NYG,2020,25,0.8387,7,7,867.41,1787,13,0.428,0.0968,0.4194,0.1935,0.2258
MIA,MIA,2024,25,0.7419,7,7,1127.57,1801,13,0.41,0.5161,0.3226,0.2903,0.129
CIN,CIN,2019,25,0.7097,7,7,877,1531,9,0.405,0.1935,0.2258,0.129,0.3548
NYJ,NYJ,2021,25,0.7097,7,7,960.98,1680,14,0.41,0.1935,0.1613,0.3548,0.1935
JAX,JAX,2016,25,0.6452,7,7,800.36,1640,8,0.398,0.129,0.2903,0.0323,0.3226
WAS,WAS,2017,25,0.6452,7,7,911.07,1458,10,0.372,0.4516,0.129,0.2581,0.2581
PHI,PHI,2018,26,0.9032,7,7,947.66,1589,12,0.435,0.5161,0.1613,0.2581,0.4839
SEA,SEA,2023,26,0.871,7,7,970.12,1591,11,0.422,0.2903,0.129,0.3226,0.4194
SEA,SEA,2022,26,0.8065,7,7,1023.33,2054,13,0.409,0.3226,0.4516,0.2258,0.129
JAX,JAX,2024,26,0.7097,7,7,994.78,1737,13,0.415,0.2258,0.1935,0.2903,0.2258
LAC,LAC,2020,26,0.7097,7,7,1206.3,1793,12,0.418,0.7419,0.4516,0.0968,0.1613
DET,DET,2021,26,0.6774,7,7,1017.23,1887,12,0.401,0.2903,0.4194,0.1935,0.0645
DET,DET,2019,26,0.6452,7,7,969.46,1658,8,0.398,0.5806,0.3548,0.0645,0.2258
LAC,LAC,2016,26,0.5806,7,7,960.86,1516,10,0.377,0.6129,0.1935,0.2258,0.1613
SEA,SEA,2017,26,0.5161,7,7,797.14,1646,4,0.372,0.129,0.2903,0,0.2258
LAC,LAC,2022,27,0.7419,7,7,1078.87,1542,15,0.416,0.5161,0.0645,0.4516,0.2258
MIA,MIA,2018,27,0.7097,7,7,733.33,1749,7,0.406,0.0645,0.4516,0,0.2581
CIN,CIN,2023,27,0.6774,7,7,894.04,1543,12,0.406,0.129,0.0323,0.4194,0.2258
CLE,CLE,2024,27,0.6774,7,7,882.67,1613,8,0.442,0.0323,0.0968,0.0323,0.5484
MIN,MIN,2021,27,0.6774,7,7,1132.01,1947,10,0.403,0.6129,0.4839,0.0645,0.129
WAS,WAS,2019,27,0.6129,7,7,800.94,1588,9,0.375,0.0645,0.3226,0.129,0.1613
NYJ,NYJ,2020,27,0.5806,7,7,878.97,1690,9,0.436,0.129,0.2903,0,0.2903
TB,TB,2017,27,0.5161,7,7,978.23,1459,8,0.368,0.6129,0.1613,0.1613,0.1935
BAL,BAL,2016,27,0.4839,7,7,801.03,1476,10,0.375,0.1613,0.129,0.2258,0.129
NYG,NYG,2018,28,0.7097,7,7,811.72,1658,13,0.362,0.129,0.2581,0.4194,0.0323
MIN,MIN,2024,28,0.6774,7,7,1164.66,1878,9,0.412,0.5806,0.4194,0.0968,0.1613
NE,NE,2022,28,0.5806,7,7,967.32,1852,13,0.397,0.1935,0.2581,0.2258,0.0968
ATL,ATL,2019,28,0.5484,7,7,964.16,1373,10,0.399,0.5484,0.0645,0.2258,0.2581
NYG,NYG,2021,28,0.5484,7,7,876.66,1703,8,0.429,0.0323,0.2581,0,0.2903
LV,LV,2023,28,0.5161,7,7,1031.84,1561,11,0.39,0.3548,0.0645,0.3226,0.129
TB,TB,2016,28,0.4839,7,7,969.36,1636,8,0.377,0.6452,0.2581,0.0323,0.1935
CIN,CIN,2017,28,0.4516,7,7,756.8,1384,6,0.384,0.0645,0.0323,0.0645,0.3548
HOU,HOU,2020,28,0.4516,7,7,766,1476,10,0.44,0.0323,0.0323,0.0645,0.3548
CIN,CIN,2024,29,0.6452,8,8,991.05,1589,11,0.432,0.1935,0.0645,0.129,0.4516
MIN,MIN,2023,29,0.4839,8,8,889.74,1563,7,0.416,0.0968,0.0968,0,0.3871
NYJ,NYJ,2022,29,0.4839,8,8,918.26,1696,13,0.391,0.1613,0.2258,0.2258,0.0323
TB,TB,2018,29,0.4516,8,8,917.59,1532,12,0.384,0.4516,0.0968,0.2581,0.0968
CHI,CHI,2020,29,0.4516,8,8,1032.49,1660,12,0.417,0.4839,0.2258,0.0968,0.129
MIA,MIA,2021,29,0.4194,8,8,1057.78,1579,12,0.403,0.3548,0.0645,0.1935,0.1613
LA,LA,2016,29,0.3871,8,8,770.26,1262,9,0.377,0.0645,0.0323,0.129,0.2258
NYG,NYG,2017,29,0.3871,8,8,787.44,1561,6,0.363,0.0968,0.1935,0.0645,0.129
PIT,PIT,2019,29,0.3548,8,8,869.81,1464,9,0.362,0.129,0.129,0.129,0.0968
DAL,DAL,2024,30,0.5484,8,8,1001.01,1716,6,0.429,0.2581,0.1613,0,0.3871
HOU,HOU,2023,30,0.4516,8,8,1098.27,1653,10,0.376,0.5161,0.2258,0.1935,0.0323
ATL,ATL,2020,30,0.4194,8,8,1067.91,1544,13,0.405,0.5161,0.1613,0.1935,0.0645
IND,IND,2022,30,0.3871,8,8,1105.57,1876,8,0.393,0.5806,0.2903,0.0323,0.0645
NYJ,NYJ,2018,30,0.3871,8,8,857.35,1632,11,0.347,0.3226,0.1935,0.1935,0
CHI,CHI,2019,30,0.3226,8,8,882.1,1464,8,0.373,0.2903,0.129,0.0645,0.129
DET,DET,2016,30,0.2581,8,8,803.2,1319,9,0.371,0.1935,0.0645,0.129,0.0645
DET,DET,2017,30,0.2581,8,8,840.78,1230,10,0.327,0.2258,0,0.2581,0
PIT,PIT,2021,30,0.2581,8,8,903.86,1596,10,0.403,0.0968,0.0968,0.0645,0.0968
NYJ,NYJ,2024,31,0.4839,8,8,818.03,1569,8,0.429,0,0.0323,0.0323,0.4194
MIA,MIA,2019,31,0.2903,8,8,790.1,1172,10,0.353,0.0323,0,0.2258,0.0645
MIN,MIN,2018,31,0.2903,8,8,847.58,1502,9,0.394,0.2581,0.0645,0.0968,0.129
NYJ,NYJ,2023,31,0.2581,8,8,810.26,1656,7,0.374,0.0323,0.2581,0,0
TB,TB,2022,31,0.2581,8,8,847.56,1321,5,0.416,0,0,0,0.2581
ARI,ARI,2017,31,0.2258,8,8,909.75,1400,6,0.342,0.4194,0.0968,0.0645,0.0645
NYG,NYG,2016,31,0.1935,8,8,728.08,1432,6,0.373,0.0323,0.0968,0,0.0968
ATL,ATL,2021,31,0.1613,8,8,930.09,1463,11,0.346,0.129,0.0323,0.129,0
PIT,PIT,2020,31,0.129,8,8,854.13,1374,12,0.403,0.0645,0,0.0968,0.0323
ARI,ARI,2018,32,0.1613,8,8,664.98,1352,9,0.362,0,0,0.0968,0.0645
LV,LV,2024,32,0.1613,8,8,901.48,1376,11,0.399,0.0968,0,0.129,0.0323
MIA,MIA,2017,32,0.1613,8,8,688.8,1397,4,0.348,0,0.0645,0,0.0968
MIN,MIN,2016,32,0.129,8,8,978.6,1224,9,0.36,0.6774,0,0.129,0
TB,TB,2023,32,0.129,8,8,926.41,1530,8,0.379,0.1613,0,0.0645,0.0645
HOU,HOU,2022,32,0.0968,8,8,888.68,1485,9,0.384,0.0968,0.0323,0.0645,0
JAX,JAX,2020,32,0.0968,8,8,754.33,1525,9,0.399,0,0.0968,0,0
NYJ,NYJ,2019,32,0.0645,8,8,721.29,1272,6,0.338,0,0.0323,0.0323,0
HOU,HOU,2021,32,0.0323,8,8,894.3,1428,8,0.385,0.0645,0,0,0.0323
